Fitter report for cam_proj
Fri Dec 12 17:53:59 2025
Quartus II 64-Bit Version 13.0.1 Build 232 06/12/2013 Service Pack 1 SJ Full Version


---------------------
; Table of Contents ;
---------------------
  1. Legal Notice
  2. Fitter Summary
  3. Fitter Settings
  4. Parallel Compilation
  5. I/O Assignment Warnings
  6. Fitter Netlist Optimizations
  7. Ignored Assignments
  8. Incremental Compilation Preservation Summary
  9. Incremental Compilation Partition Settings
 10. Incremental Compilation Placement Preservation
 11. Pin-Out File
 12. Fitter Resource Usage Summary
 13. Fitter Partition Statistics
 14. Input Pins
 15. Output Pins
 16. Bidir Pins
 17. Dual Purpose and Dedicated Pins
 18. I/O Bank Usage
 19. All Package Pins
 20. PLL Summary
 21. PLL Usage
 22. Fitter Resource Utilization by Entity
 23. Delay Chain Summary
 24. Pad To Core Delay Chain Fanout
 25. Control Signals
 26. Global & Other Fast Signals
 27. Non-Global High Fan-Out Signals
 28. Fitter RAM Summary
 29. |cam_proj_top|camera_configure:camera_configure_0|OV7670_config_rom:rom1|altsyncram:WideOr0_rtl_0|altsyncram_e801:auto_generated|ALTSYNCRAM
 30. |cam_proj_top|TOP:neiroset|database:database|altsyncram:storage_rtl_0|altsyncram_70j1:auto_generated|ALTSYNCRAM
 31. Fitter DSP Block Usage Summary
 32. DSP Block Details
 33. Other Routing Usage Summary
 34. LAB Logic Elements
 35. LAB-wide Signals
 36. LAB Signals Sourced
 37. LAB Signals Sourced Out
 38. LAB Distinct Inputs
 39. I/O Rules Summary
 40. I/O Rules Details
 41. I/O Rules Matrix
 42. Fitter Device Options
 43. Operating Settings and Conditions
 44. Estimated Delay Added for Hold Timing Summary
 45. Estimated Delay Added for Hold Timing Details
 46. Fitter Messages
 47. Fitter Suppressed Messages



----------------
; Legal Notice ;
----------------
Copyright (C) 1991-2013 Altera Corporation
Your use of Altera Corporation's design tools, logic functions 
and other software and tools, and its AMPP partner logic 
functions, and any output files from any of the foregoing 
(including device programming or simulation files), and any 
associated documentation or information are expressly subject 
to the terms and conditions of the Altera Program License 
Subscription Agreement, Altera MegaCore Function License 
Agreement, or other applicable license agreement, including, 
without limitation, that your use is for the sole purpose of 
programming logic devices manufactured by Altera and sold by 
Altera or its authorized distributors.  Please refer to the 
applicable agreement for further details.



+---------------------------------------------------------------------------------------+
; Fitter Summary                                                                        ;
+------------------------------------+--------------------------------------------------+
; Fitter Status                      ; Successful - Fri Dec 12 17:53:58 2025            ;
; Quartus II 64-Bit Version          ; 13.0.1 Build 232 06/12/2013 SP 1 SJ Full Version ;
; Revision Name                      ; cam_proj                                         ;
; Top-level Entity Name              ; cam_proj_top                                     ;
; Family                             ; Cyclone IV E                                     ;
; Device                             ; EP4CE10F17C8                                     ;
; Timing Models                      ; Final                                            ;
; Total logic elements               ; 5,871 / 10,320 ( 57 % )                          ;
;     Total combinational functions  ; 5,479 / 10,320 ( 53 % )                          ;
;     Dedicated logic registers      ; 2,285 / 10,320 ( 22 % )                          ;
; Total registers                    ; 2285                                             ;
; Total pins                         ; 87 / 180 ( 48 % )                                ;
; Total virtual pins                 ; 0                                                ;
; Total memory bits                  ; 268,975 / 423,936 ( 63 % )                       ;
; Embedded Multiplier 9-bit elements ; 25 / 46 ( 54 % )                                 ;
; Total PLLs                         ; 2 / 2 ( 100 % )                                  ;
+------------------------------------+--------------------------------------------------+


+------------------------------------------------------------------------------------------------------------------------------------------------------------+
; Fitter Settings                                                                                                                                            ;
+----------------------------------------------------------------------------+---------------------------------------+---------------------------------------+
; Option                                                                     ; Setting                               ; Default Value                         ;
+----------------------------------------------------------------------------+---------------------------------------+---------------------------------------+
; Device                                                                     ; EP4CE10F17C8                          ;                                       ;
; Minimum Core Junction Temperature                                          ; 0                                     ;                                       ;
; Maximum Core Junction Temperature                                          ; 85                                    ;                                       ;
; Fit Attempts to Skip                                                       ; 0                                     ; 0.0                                   ;
; Device I/O Standard                                                        ; 3.3-V LVTTL                           ;                                       ;
; Use smart compilation                                                      ; Off                                   ; Off                                   ;
; Enable parallel Assembler and TimeQuest Timing Analyzer during compilation ; On                                    ; On                                    ;
; Enable compact report table                                                ; Off                                   ; Off                                   ;
; Auto Merge PLLs                                                            ; On                                    ; On                                    ;
; Router Timing Optimization Level                                           ; Normal                                ; Normal                                ;
; Perform Clocking Topology Analysis During Routing                          ; Off                                   ; Off                                   ;
; Placement Effort Multiplier                                                ; 1.0                                   ; 1.0                                   ;
; Router Effort Multiplier                                                   ; 1.0                                   ; 1.0                                   ;
; Optimize Hold Timing                                                       ; All Paths                             ; All Paths                             ;
; Optimize Multi-Corner Timing                                               ; On                                    ; On                                    ;
; PowerPlay Power Optimization                                               ; Normal compilation                    ; Normal compilation                    ;
; SSN Optimization                                                           ; Off                                   ; Off                                   ;
; Optimize Timing                                                            ; Normal compilation                    ; Normal compilation                    ;
; Optimize Timing for ECOs                                                   ; Off                                   ; Off                                   ;
; Regenerate full fit report during ECO compiles                             ; Off                                   ; Off                                   ;
; Optimize IOC Register Placement for Timing                                 ; Normal                                ; Normal                                ;
; Limit to One Fitting Attempt                                               ; Off                                   ; Off                                   ;
; Final Placement Optimizations                                              ; Automatically                         ; Automatically                         ;
; Fitter Aggressive Routability Optimizations                                ; Automatically                         ; Automatically                         ;
; Fitter Initial Placement Seed                                              ; 1                                     ; 1                                     ;
; PCI I/O                                                                    ; Off                                   ; Off                                   ;
; Weak Pull-Up Resistor                                                      ; Off                                   ; Off                                   ;
; Enable Bus-Hold Circuitry                                                  ; Off                                   ; Off                                   ;
; Auto Packed Registers                                                      ; Auto                                  ; Auto                                  ;
; Auto Delay Chains                                                          ; On                                    ; On                                    ;
; Auto Delay Chains for High Fanout Input Pins                               ; Off                                   ; Off                                   ;
; Allow Single-ended Buffer for Differential-XSTL Input                      ; Off                                   ; Off                                   ;
; Treat Bidirectional Pin as Output Pin                                      ; Off                                   ; Off                                   ;
; Perform Physical Synthesis for Combinational Logic for Fitting             ; Off                                   ; Off                                   ;
; Perform Physical Synthesis for Combinational Logic for Performance         ; Off                                   ; Off                                   ;
; Perform Register Duplication for Performance                               ; Off                                   ; Off                                   ;
; Perform Logic to Memory Mapping for Fitting                                ; Off                                   ; Off                                   ;
; Perform Register Retiming for Performance                                  ; Off                                   ; Off                                   ;
; Perform Asynchronous Signal Pipelining                                     ; Off                                   ; Off                                   ;
; Fitter Effort                                                              ; Auto Fit                              ; Auto Fit                              ;
; Physical Synthesis Effort Level                                            ; Normal                                ; Normal                                ;
; Logic Cell Insertion - Logic Duplication                                   ; Auto                                  ; Auto                                  ;
; Auto Register Duplication                                                  ; Auto                                  ; Auto                                  ;
; Auto Global Clock                                                          ; On                                    ; On                                    ;
; Auto Global Register Control Signals                                       ; On                                    ; On                                    ;
; Reserve all unused pins                                                    ; As input tri-stated with weak pull-up ; As input tri-stated with weak pull-up ;
; Synchronizer Identification                                                ; Auto                                  ; Auto                                  ;
; Enable Beneficial Skew Optimization                                        ; On                                    ; On                                    ;
; Optimize Design for Metastability                                          ; On                                    ; On                                    ;
; Force Fitter to Avoid Periphery Placement Warnings                         ; Off                                   ; Off                                   ;
; Enable input tri-state on active configuration pins in user mode           ; Off                                   ; Off                                   ;
+----------------------------------------------------------------------------+---------------------------------------+---------------------------------------+


+------------------------------------------+
; Parallel Compilation                     ;
+----------------------------+-------------+
; Processors                 ; Number      ;
+----------------------------+-------------+
; Number detected on machine ; 32          ;
; Maximum allowed            ; 16          ;
;                            ;             ;
; Average used               ; 3.43        ;
; Maximum used               ; 16          ;
;                            ;             ;
; Usage by Processor         ; % Time Used ;
;     Processor 1            ; 100.0%      ;
;     Processor 2            ;  34.8%      ;
;     Processors 3-4         ;  26.1%      ;
;     Processors 5-16        ;  13.0%      ;
;     Processors 17-32       ;   0.0%      ;
+----------------------------+-------------+


+--------------------------------------+
; I/O Assignment Warnings              ;
+-------------+------------------------+
; Pin Name    ; Reason                 ;
+-------------+------------------------+
; XCLK_cam    ; Missing drive strength ;
; res_cam     ; Missing drive strength ;
; on_off_cam  ; Missing drive strength ;
; sioc        ; Missing drive strength ;
; siod        ; Missing drive strength ;
; r[0]        ; Missing drive strength ;
; r[1]        ; Missing drive strength ;
; r[2]        ; Missing drive strength ;
; r[3]        ; Missing drive strength ;
; r[4]        ; Missing drive strength ;
; g[0]        ; Missing drive strength ;
; g[1]        ; Missing drive strength ;
; g[2]        ; Missing drive strength ;
; g[3]        ; Missing drive strength ;
; g[4]        ; Missing drive strength ;
; g[5]        ; Missing drive strength ;
; b[0]        ; Missing drive strength ;
; b[1]        ; Missing drive strength ;
; b[2]        ; Missing drive strength ;
; b[3]        ; Missing drive strength ;
; b[4]        ; Missing drive strength ;
; cs_n        ; Missing drive strength ;
; ras_n       ; Missing drive strength ;
; cas_n       ; Missing drive strength ;
; we_n        ; Missing drive strength ;
; dqm[0]      ; Missing drive strength ;
; dqm[1]      ; Missing drive strength ;
; sd_addr[0]  ; Missing drive strength ;
; sd_addr[1]  ; Missing drive strength ;
; sd_addr[2]  ; Missing drive strength ;
; sd_addr[3]  ; Missing drive strength ;
; sd_addr[4]  ; Missing drive strength ;
; sd_addr[5]  ; Missing drive strength ;
; sd_addr[6]  ; Missing drive strength ;
; sd_addr[7]  ; Missing drive strength ;
; sd_addr[8]  ; Missing drive strength ;
; sd_addr[9]  ; Missing drive strength ;
; sd_addr[10] ; Missing drive strength ;
; sd_addr[11] ; Missing drive strength ;
; ba[0]       ; Missing drive strength ;
; ba[1]       ; Missing drive strength ;
; Cke         ; Missing drive strength ;
; sdram_clk   ; Missing drive strength ;
; tft_sck     ; Missing drive strength ;
; tft_sdi     ; Missing drive strength ;
; tft_dc      ; Missing drive strength ;
; tft_reset   ; Missing drive strength ;
; tft_cs      ; Missing drive strength ;
; LED[0]      ; Missing drive strength ;
; LED[1]      ; Missing drive strength ;
; LED[2]      ; Missing drive strength ;
; LED[3]      ; Missing drive strength ;
; LED[4]      ; Missing drive strength ;
; LED[5]      ; Missing drive strength ;
; LED[6]      ; Missing drive strength ;
; LED[7]      ; Missing drive strength ;
; sd_data[0]  ; Missing drive strength ;
; sd_data[1]  ; Missing drive strength ;
; sd_data[2]  ; Missing drive strength ;
; sd_data[3]  ; Missing drive strength ;
; sd_data[4]  ; Missing drive strength ;
; sd_data[5]  ; Missing drive strength ;
; sd_data[6]  ; Missing drive strength ;
; sd_data[7]  ; Missing drive strength ;
; sd_data[8]  ; Missing drive strength ;
; sd_data[9]  ; Missing drive strength ;
; sd_data[10] ; Missing drive strength ;
; sd_data[11] ; Missing drive strength ;
; sd_data[12] ; Missing drive strength ;
; sd_data[13] ; Missing drive strength ;
; sd_data[14] ; Missing drive strength ;
; sd_data[15] ; Missing drive strength ;
+-------------+------------------------+


+-----------------------------------------------------------------------------------------------------------------------------------------------------------------------------------------------------------------------------------------------------------------------------+
; Fitter Netlist Optimizations                                                                                                                                                                                                                                                ;
+--------------------------------------------+-----------------+------------------+---------------------+-----------+----------------+---------------------------------------------------------------------------------------------+------------------+-----------------------+
; Node                                       ; Action          ; Operation        ; Reason              ; Node Port ; Node Port Name ; Destination Node                                                                            ; Destination Port ; Destination Port Name ;
+--------------------------------------------+-----------------+------------------+---------------------+-----------+----------------+---------------------------------------------------------------------------------------------+------------------+-----------------------+
; TOP:neiroset|conv_TOP:conv|res_old_1[0]    ; Packed Register ; Register Packing ; Timing optimization ; Q         ;                ; TOP:neiroset|RAM:memory|altsyncram:mem_t_rtl_0|altsyncram_e2e1:auto_generated|ram_block1a0  ; PORTBDATAOUT     ;                       ;
; TOP:neiroset|conv_TOP:conv|res_old_1[1]    ; Packed Register ; Register Packing ; Timing optimization ; Q         ;                ; TOP:neiroset|RAM:memory|altsyncram:mem_t_rtl_0|altsyncram_e2e1:auto_generated|ram_block1a1  ; PORTBDATAOUT     ;                       ;
; TOP:neiroset|conv_TOP:conv|res_old_1[2]    ; Packed Register ; Register Packing ; Timing optimization ; Q         ;                ; TOP:neiroset|RAM:memory|altsyncram:mem_t_rtl_0|altsyncram_e2e1:auto_generated|ram_block1a2  ; PORTBDATAOUT     ;                       ;
; TOP:neiroset|conv_TOP:conv|res_old_1[3]    ; Packed Register ; Register Packing ; Timing optimization ; Q         ;                ; TOP:neiroset|RAM:memory|altsyncram:mem_t_rtl_0|altsyncram_e2e1:auto_generated|ram_block1a3  ; PORTBDATAOUT     ;                       ;
; TOP:neiroset|conv_TOP:conv|res_old_1[4]    ; Packed Register ; Register Packing ; Timing optimization ; Q         ;                ; TOP:neiroset|RAM:memory|altsyncram:mem_t_rtl_0|altsyncram_e2e1:auto_generated|ram_block1a4  ; PORTBDATAOUT     ;                       ;
; TOP:neiroset|conv_TOP:conv|res_old_1[5]    ; Packed Register ; Register Packing ; Timing optimization ; Q         ;                ; TOP:neiroset|RAM:memory|altsyncram:mem_t_rtl_0|altsyncram_e2e1:auto_generated|ram_block1a5  ; PORTBDATAOUT     ;                       ;
; TOP:neiroset|conv_TOP:conv|res_old_1[6]    ; Packed Register ; Register Packing ; Timing optimization ; Q         ;                ; TOP:neiroset|RAM:memory|altsyncram:mem_t_rtl_0|altsyncram_e2e1:auto_generated|ram_block1a6  ; PORTBDATAOUT     ;                       ;
; TOP:neiroset|conv_TOP:conv|res_old_1[7]    ; Packed Register ; Register Packing ; Timing optimization ; Q         ;                ; TOP:neiroset|RAM:memory|altsyncram:mem_t_rtl_0|altsyncram_e2e1:auto_generated|ram_block1a7  ; PORTBDATAOUT     ;                       ;
; TOP:neiroset|conv_TOP:conv|res_old_1[8]    ; Packed Register ; Register Packing ; Timing optimization ; Q         ;                ; TOP:neiroset|RAM:memory|altsyncram:mem_t_rtl_0|altsyncram_e2e1:auto_generated|ram_block1a8  ; PORTBDATAOUT     ;                       ;
; TOP:neiroset|conv_TOP:conv|res_old_1[9]    ; Packed Register ; Register Packing ; Timing optimization ; Q         ;                ; TOP:neiroset|RAM:memory|altsyncram:mem_t_rtl_0|altsyncram_e2e1:auto_generated|ram_block1a9  ; PORTBDATAOUT     ;                       ;
; TOP:neiroset|conv_TOP:conv|res_old_1[10]   ; Packed Register ; Register Packing ; Timing optimization ; Q         ;                ; TOP:neiroset|RAM:memory|altsyncram:mem_t_rtl_0|altsyncram_e2e1:auto_generated|ram_block1a10 ; PORTBDATAOUT     ;                       ;
; TOP:neiroset|conv_TOP:conv|res_old_1[11]   ; Packed Register ; Register Packing ; Timing optimization ; Q         ;                ; TOP:neiroset|RAM:memory|altsyncram:mem_t_rtl_0|altsyncram_e2e1:auto_generated|ram_block1a11 ; PORTBDATAOUT     ;                       ;
; TOP:neiroset|conv_TOP:conv|res_old_1[12]   ; Packed Register ; Register Packing ; Timing optimization ; Q         ;                ; TOP:neiroset|RAM:memory|altsyncram:mem_t_rtl_0|altsyncram_e2e1:auto_generated|ram_block1a12 ; PORTBDATAOUT     ;                       ;
; TOP:neiroset|conv_TOP:conv|res_old_1[13]   ; Packed Register ; Register Packing ; Timing optimization ; Q         ;                ; TOP:neiroset|RAM:memory|altsyncram:mem_t_rtl_0|altsyncram_e2e1:auto_generated|ram_block1a13 ; PORTBDATAOUT     ;                       ;
; TOP:neiroset|conv_TOP:conv|res_old_1[14]   ; Packed Register ; Register Packing ; Timing optimization ; Q         ;                ; TOP:neiroset|RAM:memory|altsyncram:mem_t_rtl_0|altsyncram_e2e1:auto_generated|ram_block1a14 ; PORTBDATAOUT     ;                       ;
; TOP:neiroset|conv_TOP:conv|res_old_1[15]   ; Packed Register ; Register Packing ; Timing optimization ; Q         ;                ; TOP:neiroset|RAM:memory|altsyncram:mem_t_rtl_0|altsyncram_e2e1:auto_generated|ram_block1a15 ; PORTBDATAOUT     ;                       ;
; TOP:neiroset|conv_TOP:conv|res_old_1[16]   ; Packed Register ; Register Packing ; Timing optimization ; Q         ;                ; TOP:neiroset|RAM:memory|altsyncram:mem_t_rtl_0|altsyncram_e2e1:auto_generated|ram_block1a16 ; PORTBDATAOUT     ;                       ;
; TOP:neiroset|conv_TOP:conv|res_old_1[17]   ; Packed Register ; Register Packing ; Timing optimization ; Q         ;                ; TOP:neiroset|RAM:memory|altsyncram:mem_t_rtl_0|altsyncram_e2e1:auto_generated|ram_block1a17 ; PORTBDATAOUT     ;                       ;
; TOP:neiroset|conv_TOP:conv|res_old_1[18]   ; Packed Register ; Register Packing ; Timing optimization ; Q         ;                ; TOP:neiroset|RAM:memory|altsyncram:mem_t_rtl_0|altsyncram_e2e1:auto_generated|ram_block1a18 ; PORTBDATAOUT     ;                       ;
; TOP:neiroset|conv_TOP:conv|res_old_1[19]   ; Packed Register ; Register Packing ; Timing optimization ; Q         ;                ; TOP:neiroset|RAM:memory|altsyncram:mem_t_rtl_0|altsyncram_e2e1:auto_generated|ram_block1a19 ; PORTBDATAOUT     ;                       ;
; TOP:neiroset|conv_TOP:conv|res_old_1[20]   ; Packed Register ; Register Packing ; Timing optimization ; Q         ;                ; TOP:neiroset|RAM:memory|altsyncram:mem_t_rtl_0|altsyncram_e2e1:auto_generated|ram_block1a20 ; PORTBDATAOUT     ;                       ;
; TOP:neiroset|conv_TOP:conv|res_old_1[21]   ; Packed Register ; Register Packing ; Timing optimization ; Q         ;                ; TOP:neiroset|RAM:memory|altsyncram:mem_t_rtl_0|altsyncram_e2e1:auto_generated|ram_block1a21 ; PORTBDATAOUT     ;                       ;
; TOP:neiroset|lvl[0]                        ; Packed Register ; Register Packing ; Timing optimization ; Q         ;                ; TOP:neiroset|lpm_mult:Mult5|mult_gbt:auto_generated|mac_mult1                               ; DATAA            ;                       ;
; TOP:neiroset|lvl[0]                        ; Duplicated      ; Register Packing ; Timing optimization ; Q         ;                ; TOP:neiroset|lvl[0]~_Duplicate_1                                                            ; Q                ;                       ;
; TOP:neiroset|lvl[1]                        ; Packed Register ; Register Packing ; Timing optimization ; Q         ;                ; TOP:neiroset|lpm_mult:Mult5|mult_gbt:auto_generated|mac_mult1                               ; DATAA            ;                       ;
; TOP:neiroset|lvl[1]                        ; Duplicated      ; Register Packing ; Timing optimization ; Q         ;                ; TOP:neiroset|lvl[1]~_Duplicate_1                                                            ; Q                ;                       ;
; TOP:neiroset|lvl[2]                        ; Packed Register ; Register Packing ; Timing optimization ; Q         ;                ; TOP:neiroset|lpm_mult:Mult5|mult_gbt:auto_generated|mac_mult1                               ; DATAA            ;                       ;
; TOP:neiroset|lvl[2]                        ; Duplicated      ; Register Packing ; Timing optimization ; Q         ;                ; TOP:neiroset|lvl[2]~_Duplicate_1                                                            ; Q                ;                       ;
; TOP:neiroset|lvl[3]                        ; Packed Register ; Register Packing ; Timing optimization ; Q         ;                ; TOP:neiroset|lpm_mult:Mult5|mult_gbt:auto_generated|mac_mult1                               ; DATAA            ;                       ;
; TOP:neiroset|lvl[3]                        ; Duplicated      ; Register Packing ; Timing optimization ; Q         ;                ; TOP:neiroset|lvl[3]~_Duplicate_1                                                            ; Q                ;                       ;
; TOP:neiroset|lvl[4]                        ; Packed Register ; Register Packing ; Timing optimization ; Q         ;                ; TOP:neiroset|lpm_mult:Mult5|mult_gbt:auto_generated|mac_mult1                               ; DATAA            ;                       ;
; TOP:neiroset|lvl[4]                        ; Duplicated      ; Register Packing ; Timing optimization ; Q         ;                ; TOP:neiroset|lvl[4]~_Duplicate_1                                                            ; Q                ;                       ;
; TOP:neiroset|maxp:maxpooling|j[0]          ; Packed Register ; Register Packing ; Timing optimization ; Q         ;                ; TOP:neiroset|maxp:maxpooling|lpm_mult:Mult1|mult_ibt:auto_generated|mac_mult1               ; DATAB            ;                       ;
; TOP:neiroset|maxp:maxpooling|j[0]          ; Duplicated      ; Register Packing ; Timing optimization ; Q         ;                ; TOP:neiroset|maxp:maxpooling|j[0]~_Duplicate_1                                              ; Q                ;                       ;
; TOP:neiroset|maxp:maxpooling|j[0]~SCLR_LUT ; Created         ; Register Packing ; Timing optimization ;           ;                ;                                                                                             ;                  ;                       ;
; TOP:neiroset|maxp:maxpooling|j[1]          ; Packed Register ; Register Packing ; Timing optimization ; Q         ;                ; TOP:neiroset|maxp:maxpooling|lpm_mult:Mult1|mult_ibt:auto_generated|mac_mult1               ; DATAB            ;                       ;
; TOP:neiroset|maxp:maxpooling|j[1]          ; Duplicated      ; Register Packing ; Timing optimization ; Q         ;                ; TOP:neiroset|maxp:maxpooling|j[1]~_Duplicate_1                                              ; Q                ;                       ;
; TOP:neiroset|maxp:maxpooling|j[1]~SCLR_LUT ; Created         ; Register Packing ; Timing optimization ;           ;                ;                                                                                             ;                  ;                       ;
; TOP:neiroset|maxp:maxpooling|j[2]          ; Packed Register ; Register Packing ; Timing optimization ; Q         ;                ; TOP:neiroset|maxp:maxpooling|lpm_mult:Mult1|mult_ibt:auto_generated|mac_mult1               ; DATAB            ;                       ;
; TOP:neiroset|maxp:maxpooling|j[2]          ; Duplicated      ; Register Packing ; Timing optimization ; Q         ;                ; TOP:neiroset|maxp:maxpooling|j[2]~_Duplicate_1                                              ; Q                ;                       ;
; TOP:neiroset|maxp:maxpooling|j[2]~SCLR_LUT ; Created         ; Register Packing ; Timing optimization ;           ;                ;                                                                                             ;                  ;                       ;
; TOP:neiroset|maxp:maxpooling|j[3]          ; Packed Register ; Register Packing ; Timing optimization ; Q         ;                ; TOP:neiroset|maxp:maxpooling|lpm_mult:Mult1|mult_ibt:auto_generated|mac_mult1               ; DATAB            ;                       ;
; TOP:neiroset|maxp:maxpooling|j[3]          ; Duplicated      ; Register Packing ; Timing optimization ; Q         ;                ; TOP:neiroset|maxp:maxpooling|j[3]~_Duplicate_1                                              ; Q                ;                       ;
; TOP:neiroset|maxp:maxpooling|j[3]~SCLR_LUT ; Created         ; Register Packing ; Timing optimization ;           ;                ;                                                                                             ;                  ;                       ;
; TOP:neiroset|maxp:maxpooling|j[4]          ; Packed Register ; Register Packing ; Timing optimization ; Q         ;                ; TOP:neiroset|maxp:maxpooling|lpm_mult:Mult1|mult_ibt:auto_generated|mac_mult1               ; DATAB            ;                       ;
; TOP:neiroset|maxp:maxpooling|j[4]          ; Duplicated      ; Register Packing ; Timing optimization ; Q         ;                ; TOP:neiroset|maxp:maxpooling|j[4]~_Duplicate_1                                              ; Q                ;                       ;
; TOP:neiroset|maxp:maxpooling|j[4]~SCLR_LUT ; Created         ; Register Packing ; Timing optimization ;           ;                ;                                                                                             ;                  ;                       ;
; TOP:neiroset|maxp:maxpooling|j[5]          ; Packed Register ; Register Packing ; Timing optimization ; Q         ;                ; TOP:neiroset|maxp:maxpooling|lpm_mult:Mult1|mult_ibt:auto_generated|mac_mult1               ; DATAB            ;                       ;
; TOP:neiroset|maxp:maxpooling|j[5]          ; Duplicated      ; Register Packing ; Timing optimization ; Q         ;                ; TOP:neiroset|maxp:maxpooling|j[5]~_Duplicate_1                                              ; Q                ;                       ;
; TOP:neiroset|maxp:maxpooling|j[5]~SCLR_LUT ; Created         ; Register Packing ; Timing optimization ;           ;                ;                                                                                             ;                  ;                       ;
; TOP:neiroset|maxp:maxpooling|j[6]          ; Packed Register ; Register Packing ; Timing optimization ; Q         ;                ; TOP:neiroset|maxp:maxpooling|lpm_mult:Mult1|mult_ibt:auto_generated|mac_mult1               ; DATAB            ;                       ;
; TOP:neiroset|maxp:maxpooling|j[6]          ; Duplicated      ; Register Packing ; Timing optimization ; Q         ;                ; TOP:neiroset|maxp:maxpooling|j[6]~_Duplicate_1                                              ; Q                ;                       ;
; TOP:neiroset|maxp:maxpooling|j[6]~SCLR_LUT ; Created         ; Register Packing ; Timing optimization ;           ;                ;                                                                                             ;                  ;                       ;
; TOP:neiroset|maxp:maxpooling|j[7]          ; Packed Register ; Register Packing ; Timing optimization ; Q         ;                ; TOP:neiroset|maxp:maxpooling|lpm_mult:Mult1|mult_ibt:auto_generated|mac_mult1               ; DATAB            ;                       ;
; TOP:neiroset|maxp:maxpooling|j[7]          ; Duplicated      ; Register Packing ; Timing optimization ; Q         ;                ; TOP:neiroset|maxp:maxpooling|j[7]~_Duplicate_1                                              ; Q                ;                       ;
; TOP:neiroset|maxp:maxpooling|j[7]~SCLR_LUT ; Created         ; Register Packing ; Timing optimization ;           ;                ;                                                                                             ;                  ;                       ;
; TOP:neiroset|maxp:maxpooling|j[8]          ; Packed Register ; Register Packing ; Timing optimization ; Q         ;                ; TOP:neiroset|maxp:maxpooling|lpm_mult:Mult1|mult_ibt:auto_generated|mac_mult1               ; DATAB            ;                       ;
; TOP:neiroset|maxp:maxpooling|j[8]          ; Duplicated      ; Register Packing ; Timing optimization ; Q         ;                ; TOP:neiroset|maxp:maxpooling|j[8]~_Duplicate_1                                              ; Q                ;                       ;
; TOP:neiroset|maxp:maxpooling|j[8]~SCLR_LUT ; Created         ; Register Packing ; Timing optimization ;           ;                ;                                                                                             ;                  ;                       ;
; TOP:neiroset|maxp:maxpooling|j[9]          ; Packed Register ; Register Packing ; Timing optimization ; Q         ;                ; TOP:neiroset|maxp:maxpooling|lpm_mult:Mult1|mult_ibt:auto_generated|mac_mult1               ; DATAB            ;                       ;
; TOP:neiroset|maxp:maxpooling|j[9]          ; Duplicated      ; Register Packing ; Timing optimization ; Q         ;                ; TOP:neiroset|maxp:maxpooling|j[9]~_Duplicate_1                                              ; Q                ;                       ;
; TOP:neiroset|maxp:maxpooling|j[9]~SCLR_LUT ; Created         ; Register Packing ; Timing optimization ;           ;                ;                                                                                             ;                  ;                       ;
+--------------------------------------------+-----------------+------------------+---------------------+-----------+----------------+---------------------------------------------------------------------------------------------+------------------+-----------------------+


+--------------------------------------------------------------------------------------------+
; Ignored Assignments                                                                        ;
+--------------+----------------+--------------+------------+---------------+----------------+
; Name         ; Ignored Entity ; Ignored From ; Ignored To ; Ignored Value ; Ignored Source ;
+--------------+----------------+--------------+------------+---------------+----------------+
; I/O Standard ;                ;              ; data_cam   ; 2.5 V         ; QSF Assignment ;
+--------------+----------------+--------------+------------+---------------+----------------+


+----------------------------------------------+
; Incremental Compilation Preservation Summary ;
+---------------------+------------------------+
; Type                ; Value                  ;
+---------------------+------------------------+
; Placement (by node) ;                        ;
;     -- Requested    ; 0 / 8203 ( 0.00 % )    ;
;     -- Achieved     ; 0 / 8203 ( 0.00 % )    ;
;                     ;                        ;
; Routing (by net)    ;                        ;
;     -- Requested    ; 0 / 0 ( 0.00 % )       ;
;     -- Achieved     ; 0 / 0 ( 0.00 % )       ;
+---------------------+------------------------+


+----------------------------------------------------------------------------------------------------------------------------------------------------------------------------------------+
; Incremental Compilation Partition Settings                                                                                                                                             ;
+--------------------------------+----------------+-------------------+-------------------------+------------------------+------------------------------+--------------------------------+
; Partition Name                 ; Partition Type ; Netlist Type Used ; Preservation Level Used ; Netlist Type Requested ; Preservation Level Requested ; Contents                       ;
+--------------------------------+----------------+-------------------+-------------------------+------------------------+------------------------------+--------------------------------+
; Top                            ; User-created   ; Source File       ; N/A                     ; Source File            ; N/A                          ;                                ;
; hard_block:auto_generated_inst ; Auto-generated ; Source File       ; N/A                     ; Source File            ; N/A                          ; hard_block:auto_generated_inst ;
+--------------------------------+----------------+-------------------+-------------------------+------------------------+------------------------------+--------------------------------+


+------------------------------------------------------------------------------------------------------------+
; Incremental Compilation Placement Preservation                                                             ;
+--------------------------------+---------+-------------------+-------------------------+-------------------+
; Partition Name                 ; # Nodes ; # Preserved Nodes ; Preservation Level Used ; Netlist Type Used ;
+--------------------------------+---------+-------------------+-------------------------+-------------------+
; Top                            ; 8188    ; 0                 ; N/A                     ; Source File       ;
; hard_block:auto_generated_inst ; 15      ; 0                 ; N/A                     ; Source File       ;
+--------------------------------+---------+-------------------+-------------------------+-------------------+


+--------------+
; Pin-Out File ;
+--------------+
The pin-out file can be found in D:/study/electric/eda/1111/FPGAandCNN-main/DigitalRecognition/verilog/imp/output_files/cam_proj.pin.


+--------------------------------------------------------------------------+
; Fitter Resource Usage Summary                                            ;
+---------------------------------------------+----------------------------+
; Resource                                    ; Usage                      ;
+---------------------------------------------+----------------------------+
; Total logic elements                        ; 5,871 / 10,320 ( 57 % )    ;
;     -- Combinational with no register       ; 3586                       ;
;     -- Register only                        ; 392                        ;
;     -- Combinational with a register        ; 1893                       ;
;                                             ;                            ;
; Logic element usage by number of LUT inputs ;                            ;
;     -- 4 input functions                    ; 2176                       ;
;     -- 3 input functions                    ; 1696                       ;
;     -- <=2 input functions                  ; 1607                       ;
;     -- Register only                        ; 392                        ;
;                                             ;                            ;
; Logic elements by mode                      ;                            ;
;     -- normal mode                          ; 3517                       ;
;     -- arithmetic mode                      ; 1962                       ;
;                                             ;                            ;
; Total registers*                            ; 2,285 / 11,172 ( 20 % )    ;
;     -- Dedicated logic registers            ; 2,285 / 10,320 ( 22 % )    ;
;     -- I/O registers                        ; 0 / 852 ( 0 % )            ;
;                                             ;                            ;
; Total LABs:  partially or completely used   ; 425 / 645 ( 66 % )         ;
; Virtual pins                                ; 0                          ;
; I/O pins                                    ; 87 / 180 ( 48 % )          ;
;     -- Clock pins                           ; 2 / 3 ( 67 % )             ;
;     -- Dedicated input pins                 ; 0 / 9 ( 0 % )              ;
;                                             ;                            ;
; Global signals                              ; 10                         ;
; M9Ks                                        ; 44 / 46 ( 96 % )           ;
; Total block memory bits                     ; 268,975 / 423,936 ( 63 % ) ;
; Total block memory implementation bits      ; 405,504 / 423,936 ( 96 % ) ;
; Embedded Multiplier 9-bit elements          ; 25 / 46 ( 54 % )           ;
; PLLs                                        ; 2 / 2 ( 100 % )            ;
; Global clocks                               ; 10 / 10 ( 100 % )          ;
; JTAGs                                       ; 0 / 1 ( 0 % )              ;
; CRC blocks                                  ; 0 / 1 ( 0 % )              ;
; ASMI blocks                                 ; 0 / 1 ( 0 % )              ;
; Impedance control blocks                    ; 0 / 4 ( 0 % )              ;
; Average interconnect usage (total/H/V)      ; 22% / 21% / 23%            ;
; Peak interconnect usage (total/H/V)         ; 33% / 34% / 36%            ;
; Maximum fan-out                             ; 1256                       ;
; Highest non-global fan-out                  ; 836                        ;
; Total fan-out                               ; 26879                      ;
; Average fan-out                             ; 3.21                       ;
+---------------------------------------------+----------------------------+
*  Register count does not include registers inside RAM blocks or DSP blocks.



+------------------------------------------------------------------------------------------------------+
; Fitter Partition Statistics                                                                          ;
+---------------------------------------------+-----------------------+--------------------------------+
; Statistic                                   ; Top                   ; hard_block:auto_generated_inst ;
+---------------------------------------------+-----------------------+--------------------------------+
; Difficulty Clustering Region                ; Low                   ; Low                            ;
;                                             ;                       ;                                ;
; Total logic elements                        ; 5871 / 10320 ( 57 % ) ; 0 / 10320 ( 0 % )              ;
;     -- Combinational with no register       ; 3586                  ; 0                              ;
;     -- Register only                        ; 392                   ; 0                              ;
;     -- Combinational with a register        ; 1893                  ; 0                              ;
;                                             ;                       ;                                ;
; Logic element usage by number of LUT inputs ;                       ;                                ;
;     -- 4 input functions                    ; 2176                  ; 0                              ;
;     -- 3 input functions                    ; 1696                  ; 0                              ;
;     -- <=2 input functions                  ; 1607                  ; 0                              ;
;     -- Register only                        ; 392                   ; 0                              ;
;                                             ;                       ;                                ;
; Logic elements by mode                      ;                       ;                                ;
;     -- normal mode                          ; 3517                  ; 0                              ;
;     -- arithmetic mode                      ; 1962                  ; 0                              ;
;                                             ;                       ;                                ;
; Total registers                             ; 2285                  ; 0                              ;
;     -- Dedicated logic registers            ; 2285 / 10320 ( 22 % ) ; 0 / 10320 ( 0 % )              ;
;                                             ;                       ;                                ;
; Total LABs:  partially or completely used   ; 425 / 645 ( 66 % )    ; 0 / 645 ( 0 % )                ;
;                                             ;                       ;                                ;
; Virtual pins                                ; 0                     ; 0                              ;
; I/O pins                                    ; 87                    ; 0                              ;
; Embedded Multiplier 9-bit elements          ; 25 / 46 ( 54 % )      ; 0 / 46 ( 0 % )                 ;
; Total memory bits                           ; 268975                ; 0                              ;
; Total RAM block bits                        ; 405504                ; 0                              ;
; PLL                                         ; 0 / 2 ( 0 % )         ; 2 / 2 ( 100 % )                ;
; M9K                                         ; 44 / 46 ( 95 % )      ; 0 / 46 ( 0 % )                 ;
; Clock control block                         ; 7 / 12 ( 58 % )       ; 5 / 12 ( 41 % )                ;
;                                             ;                       ;                                ;
; Connections                                 ;                       ;                                ;
;     -- Input Connections                    ; 317                   ; 4                              ;
;     -- Registered Input Connections         ; 297                   ; 0                              ;
;     -- Output Connections                   ; 20                    ; 301                            ;
;     -- Registered Output Connections        ; 0                     ; 0                              ;
;                                             ;                       ;                                ;
; Internal Connections                        ;                       ;                                ;
;     -- Total Connections                    ; 27436                 ; 316                            ;
;     -- Registered Connections               ; 8237                  ; 0                              ;
;                                             ;                       ;                                ;
; External Connections                        ;                       ;                                ;
;     -- Top                                  ; 32                    ; 305                            ;
;     -- hard_block:auto_generated_inst       ; 305                   ; 0                              ;
;                                             ;                       ;                                ;
; Partition Interface                         ;                       ;                                ;
;     -- Input Ports                          ; 15                    ; 4                              ;
;     -- Output Ports                         ; 56                    ; 5                              ;
;     -- Bidir Ports                          ; 16                    ; 0                              ;
;                                             ;                       ;                                ;
; Registered Ports                            ;                       ;                                ;
;     -- Registered Input Ports               ; 0                     ; 0                              ;
;     -- Registered Output Ports              ; 0                     ; 0                              ;
;                                             ;                       ;                                ;
; Port Connectivity                           ;                       ;                                ;
;     -- Input Ports driven by GND            ; 0                     ; 0                              ;
;     -- Output Ports driven by GND           ; 0                     ; 0                              ;
;     -- Input Ports driven by VCC            ; 0                     ; 0                              ;
;     -- Output Ports driven by VCC           ; 0                     ; 0                              ;
;     -- Input Ports with no Source           ; 0                     ; 0                              ;
;     -- Output Ports with no Source          ; 0                     ; 0                              ;
;     -- Input Ports with no Fanout           ; 0                     ; 2                              ;
;     -- Output Ports with no Fanout          ; 0                     ; 0                              ;
+---------------------------------------------+-----------------------+--------------------------------+


+------------------------------------------------------------------------------------------------------------------------------------------------------------------------------------------------------------------------------------------------------------------------------------+
; Input Pins                                                                                                                                                                                                                                                                         ;
+---------------+-------+----------+--------------+--------------+--------------+-----------------------+--------------------+--------+----------------+---------------+-----------------+----------+--------------+--------------+---------------------------+----------------------+
; Name          ; Pin # ; I/O Bank ; X coordinate ; Y coordinate ; Z coordinate ; Combinational Fan-Out ; Registered Fan-Out ; Global ; Input Register ; Power Up High ; PCI I/O Enabled ; Bus Hold ; Weak Pull Up ; I/O Standard ; Termination Control Block ; Location assigned by ;
+---------------+-------+----------+--------------+--------------+--------------+-----------------------+--------------------+--------+----------------+---------------+-----------------+----------+--------------+--------------+---------------------------+----------------------+
; HREF_cam      ; M11   ; 4        ; 32           ; 0            ; 7            ; 2                     ; 0                  ; no     ; no             ; no            ; yes             ; no       ; Off          ; 3.3-V LVTTL  ; --                        ; Fitter               ;
; PCLK_cam      ; M2    ; 2        ; 0            ; 11           ; 14           ; 59                    ; 0                  ; yes    ; no             ; no            ; yes             ; no       ; Off          ; 3.3-V LVTTL  ; --                        ; Fitter               ;
; VSYNC_cam     ; E6    ; 8        ; 7            ; 24           ; 7            ; 0                     ; 0                  ; no     ; no             ; no            ; yes             ; no       ; Off          ; 3.3-V LVTTL  ; --                        ; Fitter               ;
; clk50         ; E1    ; 1        ; 0            ; 11           ; 7            ; 1261                  ; 0                  ; yes    ; no             ; no            ; yes             ; no       ; Off          ; 3.3-V LVTTL  ; --                        ; Fitter               ;
; data_cam[0]   ; L3    ; 2        ; 0            ; 7            ; 0            ; 2                     ; 0                  ; no     ; no             ; no            ; yes             ; no       ; Off          ; 3.3-V LVTTL  ; --                        ; Fitter               ;
; data_cam[1]   ; D8    ; 8        ; 13           ; 24           ; 7            ; 2                     ; 0                  ; no     ; no             ; no            ; yes             ; no       ; Off          ; 3.3-V LVTTL  ; --                        ; Fitter               ;
; data_cam[2]   ; F8    ; 8        ; 13           ; 24           ; 21           ; 2                     ; 0                  ; no     ; no             ; no            ; yes             ; no       ; Off          ; 3.3-V LVTTL  ; --                        ; Fitter               ;
; data_cam[3]   ; C8    ; 8        ; 13           ; 24           ; 0            ; 2                     ; 0                  ; no     ; no             ; no            ; yes             ; no       ; Off          ; 3.3-V LVTTL  ; --                        ; Fitter               ;
; data_cam[4]   ; E8    ; 8        ; 13           ; 24           ; 14           ; 2                     ; 0                  ; no     ; no             ; no            ; yes             ; no       ; Off          ; 3.3-V LVTTL  ; --                        ; Fitter               ;
; data_cam[5]   ; T7    ; 3        ; 13           ; 0            ; 21           ; 2                     ; 0                  ; no     ; no             ; no            ; yes             ; no       ; Off          ; 3.3-V LVTTL  ; --                        ; Fitter               ;
; data_cam[6]   ; L8    ; 3        ; 13           ; 0            ; 14           ; 2                     ; 0                  ; no     ; no             ; no            ; yes             ; no       ; Off          ; 3.3-V LVTTL  ; --                        ; Fitter               ;
; data_cam[7]   ; R5    ; 3        ; 9            ; 0            ; 7            ; 2                     ; 0                  ; no     ; no             ; no            ; yes             ; no       ; Off          ; 3.3-V LVTTL  ; --                        ; Fitter               ;
; rst           ; F14   ; 6        ; 34           ; 19           ; 14           ; 836                   ; 0                  ; no     ; no             ; no            ; yes             ; no       ; Off          ; 3.3-V LVTTL  ; --                        ; Fitter               ;
; start_gray_kn ; A8    ; 8        ; 16           ; 24           ; 14           ; 0                     ; 0                  ; no     ; no             ; no            ; yes             ; no       ; Off          ; 3.3-V LVTTL  ; --                        ; Fitter               ;
; tft_sdo       ; D6    ; 8        ; 3            ; 24           ; 7            ; 0                     ; 0                  ; no     ; no             ; no            ; yes             ; no       ; Off          ; 3.3-V LVTTL  ; --                        ; Fitter               ;
+---------------+-------+----------+--------------+--------------+--------------+-----------------------+--------------------+--------+----------------+---------------+-----------------+----------+--------------+--------------+---------------------------+----------------------+


+----------------------------------------------------------------------------------------------------------------------------------------------------------------------------------------------------------------------------------------------------------------------------------------------------------------------------------------------------------------------------------------------------------------------------------------+
; Output Pins                                                                                                                                                                                                                                                                                                                                                                                                                            ;
+-------------+-------+----------+--------------+--------------+--------------+-----------------+------------------------+---------------+-----------+-----------------+------------+---------------+----------+--------------+--------------+------------------+-------------+---------------------------+----------------------------+-----------------------------+----------------------+----------------------+---------------------+
; Name        ; Pin # ; I/O Bank ; X coordinate ; Y coordinate ; Z coordinate ; Output Register ; Output Enable Register ; Power Up High ; Slew Rate ; PCI I/O Enabled ; Open Drain ; TRI Primitive ; Bus Hold ; Weak Pull Up ; I/O Standard ; Current Strength ; Termination ; Termination Control Block ; Output Buffer Pre-emphasis ; Voltage Output Differential ; Location assigned by ; Output Enable Source ; Output Enable Group ;
+-------------+-------+----------+--------------+--------------+--------------+-----------------+------------------------+---------------+-----------+-----------------+------------+---------------+----------+--------------+--------------+------------------+-------------+---------------------------+----------------------------+-----------------------------+----------------------+----------------------+---------------------+
; Cke         ; E11   ; 7        ; 28           ; 24           ; 14           ; no              ; no                     ; no            ; 2         ; no              ; no         ; no            ; no       ; Off          ; 3.3-V LVTTL  ; 8mA              ; Off         ; --                        ; no                         ; no                          ; Fitter               ; -                    ; -                   ;
; LED[0]      ; N13   ; 5        ; 34           ; 2            ; 21           ; no              ; no                     ; no            ; 2         ; no              ; no         ; no            ; no       ; Off          ; 3.3-V LVTTL  ; 8mA              ; Off         ; --                        ; no                         ; no                          ; Fitter               ; -                    ; -                   ;
; LED[1]      ; M12   ; 5        ; 34           ; 2            ; 14           ; no              ; no                     ; no            ; 2         ; no              ; no         ; no            ; no       ; Off          ; 3.3-V LVTTL  ; 8mA              ; Off         ; --                        ; no                         ; no                          ; Fitter               ; -                    ; -                   ;
; LED[2]      ; A9    ; 7        ; 16           ; 24           ; 0            ; no              ; no                     ; no            ; 2         ; no              ; no         ; no            ; no       ; Off          ; 3.3-V LVTTL  ; 8mA              ; Off         ; --                        ; no                         ; no                          ; Fitter               ; -                    ; -                   ;
; LED[3]      ; P16   ; 5        ; 34           ; 5            ; 21           ; no              ; no                     ; no            ; 2         ; no              ; no         ; no            ; no       ; Off          ; 3.3-V LVTTL  ; 8mA              ; Off         ; --                        ; no                         ; no                          ; Fitter               ; -                    ; -                   ;
; LED[4]      ; L15   ; 5        ; 34           ; 8            ; 7            ; no              ; no                     ; no            ; 2         ; no              ; no         ; no            ; no       ; Off          ; 3.3-V LVTTL  ; 8mA              ; Off         ; --                        ; no                         ; no                          ; Fitter               ; -                    ; -                   ;
; LED[5]      ; L11   ; 4        ; 32           ; 0            ; 14           ; no              ; no                     ; no            ; 2         ; no              ; no         ; no            ; no       ; Off          ; 3.3-V LVTTL  ; 8mA              ; Off         ; --                        ; no                         ; no                          ; Fitter               ; -                    ; -                   ;
; LED[6]      ; E10   ; 7        ; 28           ; 24           ; 21           ; no              ; no                     ; no            ; 2         ; no              ; no         ; no            ; no       ; Off          ; 3.3-V LVTTL  ; 8mA              ; Off         ; --                        ; no                         ; no                          ; Fitter               ; -                    ; -                   ;
; LED[7]      ; A5    ; 8        ; 7            ; 24           ; 14           ; no              ; no                     ; no            ; 2         ; no              ; no         ; no            ; no       ; Off          ; 3.3-V LVTTL  ; 8mA              ; Off         ; --                        ; no                         ; no                          ; Fitter               ; -                    ; -                   ;
; XCLK_cam    ; R4    ; 3        ; 5            ; 0            ; 21           ; no              ; no                     ; no            ; 2         ; no              ; no         ; no            ; no       ; Off          ; 3.3-V LVTTL  ; 8mA              ; Off         ; --                        ; no                         ; no                          ; Fitter               ; -                    ; -                   ;
; b[0]        ; P6    ; 3        ; 7            ; 0            ; 0            ; no              ; no                     ; no            ; 2         ; no              ; no         ; no            ; no       ; Off          ; 3.3-V LVTTL  ; 8mA              ; Off         ; --                        ; no                         ; no                          ; Fitter               ; -                    ; -                   ;
; b[1]        ; P3    ; 3        ; 1            ; 0            ; 14           ; no              ; no                     ; no            ; 2         ; no              ; no         ; no            ; no       ; Off          ; 3.3-V LVTTL  ; 8mA              ; Off         ; --                        ; no                         ; no                          ; Fitter               ; -                    ; -                   ;
; b[2]        ; T4    ; 3        ; 5            ; 0            ; 14           ; no              ; no                     ; no            ; 2         ; no              ; no         ; no            ; no       ; Off          ; 3.3-V LVTTL  ; 8mA              ; Off         ; --                        ; no                         ; no                          ; Fitter               ; -                    ; -                   ;
; b[3]        ; K8    ; 3        ; 9            ; 0            ; 14           ; no              ; no                     ; no            ; 2         ; no              ; no         ; no            ; no       ; Off          ; 3.3-V LVTTL  ; 8mA              ; Off         ; --                        ; no                         ; no                          ; Fitter               ; -                    ; -                   ;
; b[4]        ; M6    ; 3        ; 7            ; 0            ; 7            ; no              ; no                     ; no            ; 2         ; no              ; no         ; no            ; no       ; Off          ; 3.3-V LVTTL  ; 8mA              ; Off         ; --                        ; no                         ; no                          ; Fitter               ; -                    ; -                   ;
; ba[0]       ; R14   ; 4        ; 30           ; 0            ; 0            ; no              ; no                     ; no            ; 2         ; no              ; no         ; no            ; no       ; Off          ; 3.3-V LVTTL  ; 8mA              ; Off         ; --                        ; no                         ; no                          ; Fitter               ; -                    ; -                   ;
; ba[1]       ; N11   ; 4        ; 30           ; 0            ; 21           ; no              ; no                     ; no            ; 2         ; no              ; no         ; no            ; no       ; Off          ; 3.3-V LVTTL  ; 8mA              ; Off         ; --                        ; no                         ; no                          ; Fitter               ; -                    ; -                   ;
; cas_n       ; P9    ; 4        ; 25           ; 0            ; 0            ; no              ; no                     ; no            ; 2         ; no              ; no         ; no            ; no       ; Off          ; 3.3-V LVTTL  ; 8mA              ; Off         ; --                        ; no                         ; no                          ; Fitter               ; -                    ; -                   ;
; cs_n        ; L1    ; 2        ; 0            ; 8            ; 21           ; no              ; no                     ; no            ; 2         ; no              ; no         ; no            ; no       ; Off          ; 3.3-V LVTTL  ; 8mA              ; Off         ; --                        ; no                         ; no                          ; Fitter               ; -                    ; -                   ;
; dqm[0]      ; P15   ; 5        ; 34           ; 4            ; 14           ; no              ; no                     ; no            ; 2         ; no              ; no         ; no            ; no       ; Off          ; 3.3-V LVTTL  ; 8mA              ; Off         ; --                        ; no                         ; no                          ; Fitter               ; -                    ; -                   ;
; dqm[1]      ; N14   ; 5        ; 34           ; 4            ; 21           ; no              ; no                     ; no            ; 2         ; no              ; no         ; no            ; no       ; Off          ; 3.3-V LVTTL  ; 8mA              ; Off         ; --                        ; no                         ; no                          ; Fitter               ; -                    ; -                   ;
; g[0]        ; P1    ; 2        ; 0            ; 4            ; 21           ; no              ; no                     ; no            ; 2         ; no              ; no         ; no            ; no       ; Off          ; 3.3-V LVTTL  ; 8mA              ; Off         ; --                        ; no                         ; no                          ; Fitter               ; -                    ; -                   ;
; g[1]        ; N5    ; 3        ; 7            ; 0            ; 21           ; no              ; no                     ; no            ; 2         ; no              ; no         ; no            ; no       ; Off          ; 3.3-V LVTTL  ; 8mA              ; Off         ; --                        ; no                         ; no                          ; Fitter               ; -                    ; -                   ;
; g[2]        ; T15   ; 4        ; 30           ; 0            ; 7            ; no              ; no                     ; no            ; 2         ; no              ; no         ; no            ; no       ; Off          ; 3.3-V LVTTL  ; 8mA              ; Off         ; --                        ; no                         ; no                          ; Fitter               ; -                    ; -                   ;
; g[3]        ; N6    ; 3        ; 7            ; 0            ; 14           ; no              ; no                     ; no            ; 2         ; no              ; no         ; no            ; no       ; Off          ; 3.3-V LVTTL  ; 8mA              ; Off         ; --                        ; no                         ; no                          ; Fitter               ; -                    ; -                   ;
; g[4]        ; M7    ; 3        ; 9            ; 0            ; 21           ; no              ; no                     ; no            ; 2         ; no              ; no         ; no            ; no       ; Off          ; 3.3-V LVTTL  ; 8mA              ; Off         ; --                        ; no                         ; no                          ; Fitter               ; -                    ; -                   ;
; g[5]        ; T5    ; 3        ; 9            ; 0            ; 0            ; no              ; no                     ; no            ; 2         ; no              ; no         ; no            ; no       ; Off          ; 3.3-V LVTTL  ; 8mA              ; Off         ; --                        ; no                         ; no                          ; Fitter               ; -                    ; -                   ;
; on_off_cam  ; G16   ; 6        ; 34           ; 17           ; 21           ; no              ; no                     ; no            ; 2         ; no              ; no         ; no            ; no       ; Off          ; 3.3-V LVTTL  ; 8mA              ; Off         ; --                        ; no                         ; no                          ; Fitter               ; -                    ; -                   ;
; r[0]        ; R8    ; 3        ; 16           ; 0            ; 7            ; no              ; no                     ; no            ; 2         ; no              ; no         ; no            ; no       ; Off          ; 3.3-V LVTTL  ; 8mA              ; Off         ; --                        ; no                         ; no                          ; Fitter               ; -                    ; -                   ;
; r[1]        ; M8    ; 3        ; 13           ; 0            ; 0            ; no              ; no                     ; no            ; 2         ; no              ; no         ; no            ; no       ; Off          ; 3.3-V LVTTL  ; 8mA              ; Off         ; --                        ; no                         ; no                          ; Fitter               ; -                    ; -                   ;
; r[2]        ; L12   ; 5        ; 34           ; 3            ; 21           ; no              ; no                     ; no            ; 2         ; no              ; no         ; no            ; no       ; Off          ; 3.3-V LVTTL  ; 8mA              ; Off         ; --                        ; no                         ; no                          ; Fitter               ; -                    ; -                   ;
; r[3]        ; R3    ; 3        ; 1            ; 0            ; 7            ; no              ; no                     ; no            ; 2         ; no              ; no         ; no            ; no       ; Off          ; 3.3-V LVTTL  ; 8mA              ; Off         ; --                        ; no                         ; no                          ; Fitter               ; -                    ; -                   ;
; r[4]        ; T2    ; 3        ; 3            ; 0            ; 0            ; no              ; no                     ; no            ; 2         ; no              ; no         ; no            ; no       ; Off          ; 3.3-V LVTTL  ; 8mA              ; Off         ; --                        ; no                         ; no                          ; Fitter               ; -                    ; -                   ;
; ras_n       ; T14   ; 4        ; 30           ; 0            ; 14           ; no              ; no                     ; no            ; 2         ; no              ; no         ; no            ; no       ; Off          ; 3.3-V LVTTL  ; 8mA              ; Off         ; --                        ; no                         ; no                          ; Fitter               ; -                    ; -                   ;
; res_cam     ; D16   ; 6        ; 34           ; 19           ; 7            ; no              ; no                     ; no            ; 2         ; no              ; no         ; no            ; no       ; Off          ; 3.3-V LVTTL  ; 8mA              ; Off         ; --                        ; no                         ; no                          ; Fitter               ; -                    ; -                   ;
; sd_addr[0]  ; T12   ; 4        ; 25           ; 0            ; 21           ; no              ; no                     ; no            ; 2         ; no              ; no         ; no            ; no       ; Off          ; 3.3-V LVTTL  ; 8mA              ; Off         ; --                        ; no                         ; no                          ; Fitter               ; -                    ; -                   ;
; sd_addr[10] ; M9    ; 4        ; 21           ; 0            ; 21           ; no              ; no                     ; no            ; 2         ; no              ; no         ; no            ; no       ; Off          ; 3.3-V LVTTL  ; 8mA              ; Off         ; --                        ; no                         ; no                          ; Fitter               ; -                    ; -                   ;
; sd_addr[11] ; P11   ; 4        ; 28           ; 0            ; 21           ; no              ; no                     ; no            ; 2         ; no              ; no         ; no            ; no       ; Off          ; 3.3-V LVTTL  ; 8mA              ; Off         ; --                        ; no                         ; no                          ; Fitter               ; -                    ; -                   ;
; sd_addr[1]  ; D9    ; 7        ; 18           ; 24           ; 14           ; no              ; no                     ; no            ; 2         ; no              ; no         ; no            ; no       ; Off          ; 3.3-V LVTTL  ; 8mA              ; Off         ; --                        ; no                         ; no                          ; Fitter               ; -                    ; -                   ;
; sd_addr[2]  ; N9    ; 4        ; 21           ; 0            ; 14           ; no              ; no                     ; no            ; 2         ; no              ; no         ; no            ; no       ; Off          ; 3.3-V LVTTL  ; 8mA              ; Off         ; --                        ; no                         ; no                          ; Fitter               ; -                    ; -                   ;
; sd_addr[3]  ; T10   ; 4        ; 21           ; 0            ; 0            ; no              ; no                     ; no            ; 2         ; no              ; no         ; no            ; no       ; Off          ; 3.3-V LVTTL  ; 8mA              ; Off         ; --                        ; no                         ; no                          ; Fitter               ; -                    ; -                   ;
; sd_addr[4]  ; K12   ; 5        ; 34           ; 3            ; 14           ; no              ; no                     ; no            ; 2         ; no              ; no         ; no            ; no       ; Off          ; 3.3-V LVTTL  ; 8mA              ; Off         ; --                        ; no                         ; no                          ; Fitter               ; -                    ; -                   ;
; sd_addr[5]  ; M10   ; 4        ; 28           ; 0            ; 0            ; no              ; no                     ; no            ; 2         ; no              ; no         ; no            ; no       ; Off          ; 3.3-V LVTTL  ; 8mA              ; Off         ; --                        ; no                         ; no                          ; Fitter               ; -                    ; -                   ;
; sd_addr[6]  ; B9    ; 7        ; 16           ; 24           ; 7            ; no              ; no                     ; no            ; 2         ; no              ; no         ; no            ; no       ; Off          ; 3.3-V LVTTL  ; 8mA              ; Off         ; --                        ; no                         ; no                          ; Fitter               ; -                    ; -                   ;
; sd_addr[7]  ; R10   ; 4        ; 21           ; 0            ; 7            ; no              ; no                     ; no            ; 2         ; no              ; no         ; no            ; no       ; Off          ; 3.3-V LVTTL  ; 8mA              ; Off         ; --                        ; no                         ; no                          ; Fitter               ; -                    ; -                   ;
; sd_addr[8]  ; N12   ; 4        ; 32           ; 0            ; 0            ; no              ; no                     ; no            ; 2         ; no              ; no         ; no            ; no       ; Off          ; 3.3-V LVTTL  ; 8mA              ; Off         ; --                        ; no                         ; no                          ; Fitter               ; -                    ; -                   ;
; sd_addr[9]  ; T13   ; 4        ; 28           ; 0            ; 7            ; no              ; no                     ; no            ; 2         ; no              ; no         ; no            ; no       ; Off          ; 3.3-V LVTTL  ; 8mA              ; Off         ; --                        ; no                         ; no                          ; Fitter               ; -                    ; -                   ;
; sdram_clk   ; B14   ; 7        ; 28           ; 24           ; 7            ; no              ; no                     ; no            ; 2         ; no              ; no         ; no            ; no       ; Off          ; 3.3-V LVTTL  ; 8mA              ; Off         ; --                        ; no                         ; no                          ; Fitter               ; -                    ; -                   ;
; sioc        ; A4    ; 8        ; 5            ; 24           ; 14           ; no              ; no                     ; no            ; 2         ; no              ; yes        ; no            ; no       ; On           ; 3.3-V LVTTL  ; 8mA              ; Off         ; --                        ; no                         ; no                          ; Fitter               ; -                    ; -                   ;
; siod        ; B4    ; 8        ; 5            ; 24           ; 21           ; no              ; no                     ; no            ; 2         ; no              ; yes        ; no            ; no       ; On           ; 3.3-V LVTTL  ; 8mA              ; Off         ; --                        ; no                         ; no                          ; Fitter               ; -                    ; -                   ;
; tft_cs      ; N1    ; 2        ; 0            ; 7            ; 21           ; no              ; no                     ; no            ; 2         ; no              ; no         ; no            ; no       ; Off          ; 3.3-V LVTTL  ; 8mA              ; Off         ; --                        ; no                         ; no                          ; Fitter               ; -                    ; -                   ;
; tft_dc      ; L4    ; 2        ; 0            ; 6            ; 21           ; no              ; no                     ; no            ; 2         ; no              ; no         ; no            ; no       ; Off          ; 3.3-V LVTTL  ; 8mA              ; Off         ; --                        ; no                         ; no                          ; Fitter               ; -                    ; -                   ;
; tft_reset   ; K1    ; 2        ; 0            ; 8            ; 7            ; no              ; no                     ; no            ; 2         ; no              ; no         ; no            ; no       ; Off          ; 3.3-V LVTTL  ; 8mA              ; Off         ; --                        ; no                         ; no                          ; Fitter               ; -                    ; -                   ;
; tft_sck     ; N2    ; 2        ; 0            ; 7            ; 14           ; no              ; no                     ; no            ; 2         ; no              ; no         ; no            ; no       ; Off          ; 3.3-V LVTTL  ; 8mA              ; Off         ; --                        ; no                         ; no                          ; Fitter               ; -                    ; -                   ;
; tft_sdi     ; K2    ; 2        ; 0            ; 8            ; 0            ; no              ; no                     ; no            ; 2         ; no              ; no         ; no            ; no       ; Off          ; 3.3-V LVTTL  ; 8mA              ; Off         ; --                        ; no                         ; no                          ; Fitter               ; -                    ; -                   ;
; we_n        ; R7    ; 3        ; 11           ; 0            ; 0            ; no              ; no                     ; no            ; 2         ; no              ; no         ; no            ; no       ; Off          ; 3.3-V LVTTL  ; 8mA              ; Off         ; --                        ; no                         ; no                          ; Fitter               ; -                    ; -                   ;
+-------------+-------+----------+--------------+--------------+--------------+-----------------+------------------------+---------------+-----------+-----------------+------------+---------------+----------+--------------+--------------+------------------+-------------+---------------------------+----------------------------+-----------------------------+----------------------+----------------------+---------------------+


+------------------------------------------------------------------------------------------------------------------------------------------------------------------------------------------------------------------------------------------------------------------------------------------------------------------------------------------------------------------------------------------------------------------------------------------------------------------------+
; Bidir Pins                                                                                                                                                                                                                                                                                                                                                                                                                                                             ;
+-------------+-------+----------+--------------+--------------+--------------+-----------------------+--------------------+--------+----------------+-----------------+------------------------+---------------+-----------+-----------------+------------+----------+--------------+--------------+------------------+--------------------+---------------------------+----------------------+------+--------------------------------------------+---------------------+
; Name        ; Pin # ; I/O Bank ; X coordinate ; Y coordinate ; Z coordinate ; Combinational Fan-Out ; Registered Fan-Out ; Global ; Input Register ; Output Register ; Output Enable Register ; Power Up High ; Slew Rate ; PCI I/O Enabled ; Open Drain ; Bus Hold ; Weak Pull Up ; I/O Standard ; Current Strength ; Output Termination ; Termination Control Block ; Location assigned by ; Load ; Output Enable Source                       ; Output Enable Group ;
+-------------+-------+----------+--------------+--------------+--------------+-----------------------+--------------------+--------+----------------+-----------------+------------------------+---------------+-----------+-----------------+------------+----------+--------------+--------------+------------------+--------------------+---------------------------+----------------------+------+--------------------------------------------+---------------------+
; sd_data[0]  ; K9    ; 4        ; 18           ; 0            ; 7            ; 1                     ; 0                  ; no     ; no             ; no              ; no                     ; no            ; 2         ; yes             ; no         ; no       ; Off          ; 3.3-V LVTTL  ; 8mA              ; Off                ; --                        ; Fitter               ; 0 pF ; sdram_controller:SDRAM|Equal1~1 (inverted) ; -                   ;
; sd_data[10] ; T11   ; 4        ; 23           ; 0            ; 7            ; 1                     ; 0                  ; no     ; no             ; no              ; no                     ; no            ; 2         ; yes             ; no         ; no       ; Off          ; 3.3-V LVTTL  ; 8mA              ; Off                ; --                        ; Fitter               ; 0 pF ; sdram_controller:SDRAM|Equal1~1 (inverted) ; -                   ;
; sd_data[11] ; L9    ; 4        ; 18           ; 0            ; 0            ; 1                     ; 0                  ; no     ; no             ; no              ; no                     ; no            ; 2         ; yes             ; no         ; no       ; Off          ; 3.3-V LVTTL  ; 8mA              ; Off                ; --                        ; Fitter               ; 0 pF ; sdram_controller:SDRAM|Equal1~1 (inverted) ; -                   ;
; sd_data[12] ; T9    ; 4        ; 18           ; 0            ; 14           ; 1                     ; 0                  ; no     ; no             ; no              ; no                     ; no            ; 2         ; yes             ; no         ; no       ; Off          ; 3.3-V LVTTL  ; 8mA              ; Off                ; --                        ; Fitter               ; 0 pF ; sdram_controller:SDRAM|Equal1~1 (inverted) ; -                   ;
; sd_data[13] ; T6    ; 3        ; 11           ; 0            ; 14           ; 1                     ; 0                  ; no     ; no             ; no              ; no                     ; no            ; 2         ; yes             ; no         ; no       ; Off          ; 3.3-V LVTTL  ; 8mA              ; Off                ; --                        ; Fitter               ; 0 pF ; sdram_controller:SDRAM|Equal1~1 (inverted) ; -                   ;
; sd_data[14] ; T8    ; 3        ; 16           ; 0            ; 0            ; 1                     ; 0                  ; no     ; no             ; no              ; no                     ; no            ; 2         ; yes             ; no         ; no       ; Off          ; 3.3-V LVTTL  ; 8mA              ; Off                ; --                        ; Fitter               ; 0 pF ; sdram_controller:SDRAM|Equal1~1 (inverted) ; -                   ;
; sd_data[15] ; N8    ; 3        ; 16           ; 0            ; 21           ; 1                     ; 0                  ; no     ; no             ; no              ; no                     ; no            ; 2         ; yes             ; no         ; no       ; Off          ; 3.3-V LVTTL  ; 8mA              ; Off                ; --                        ; Fitter               ; 0 pF ; sdram_controller:SDRAM|Equal1~1 (inverted) ; -                   ;
; sd_data[1]  ; L10   ; 4        ; 25           ; 0            ; 7            ; 1                     ; 0                  ; no     ; no             ; no              ; no                     ; no            ; 2         ; yes             ; no         ; no       ; Off          ; 3.3-V LVTTL  ; 8mA              ; Off                ; --                        ; Fitter               ; 0 pF ; sdram_controller:SDRAM|Equal1~1 (inverted) ; -                   ;
; sd_data[2]  ; R13   ; 4        ; 28           ; 0            ; 14           ; 1                     ; 0                  ; no     ; no             ; no              ; no                     ; no            ; 2         ; yes             ; no         ; no       ; Off          ; 3.3-V LVTTL  ; 8mA              ; Off                ; --                        ; Fitter               ; 0 pF ; sdram_controller:SDRAM|Equal1~1 (inverted) ; -                   ;
; sd_data[3]  ; R11   ; 4        ; 23           ; 0            ; 14           ; 1                     ; 0                  ; no     ; no             ; no              ; no                     ; no            ; 2         ; yes             ; no         ; no       ; Off          ; 3.3-V LVTTL  ; 8mA              ; Off                ; --                        ; Fitter               ; 0 pF ; sdram_controller:SDRAM|Equal1~1 (inverted) ; -                   ;
; sd_data[4]  ; K10   ; 4        ; 25           ; 0            ; 14           ; 1                     ; 0                  ; no     ; no             ; no              ; no                     ; no            ; 2         ; yes             ; no         ; no       ; Off          ; 3.3-V LVTTL  ; 8mA              ; Off                ; --                        ; Fitter               ; 0 pF ; sdram_controller:SDRAM|Equal1~1 (inverted) ; -                   ;
; sd_data[5]  ; L7    ; 3        ; 11           ; 0            ; 7            ; 1                     ; 0                  ; no     ; no             ; no              ; no                     ; no            ; 2         ; yes             ; no         ; no       ; Off          ; 3.3-V LVTTL  ; 8mA              ; Off                ; --                        ; Fitter               ; 0 pF ; sdram_controller:SDRAM|Equal1~1 (inverted) ; -                   ;
; sd_data[6]  ; R9    ; 4        ; 18           ; 0            ; 21           ; 1                     ; 0                  ; no     ; no             ; no              ; no                     ; no            ; 2         ; yes             ; no         ; no       ; Off          ; 3.3-V LVTTL  ; 8mA              ; Off                ; --                        ; Fitter               ; 0 pF ; sdram_controller:SDRAM|Equal1~1 (inverted) ; -                   ;
; sd_data[7]  ; R6    ; 3        ; 11           ; 0            ; 21           ; 1                     ; 0                  ; no     ; no             ; no              ; no                     ; no            ; 2         ; yes             ; no         ; no       ; Off          ; 3.3-V LVTTL  ; 8mA              ; Off                ; --                        ; Fitter               ; 0 pF ; sdram_controller:SDRAM|Equal1~1 (inverted) ; -                   ;
; sd_data[8]  ; P8    ; 3        ; 16           ; 0            ; 14           ; 1                     ; 0                  ; no     ; no             ; no              ; no                     ; no            ; 2         ; yes             ; no         ; no       ; Off          ; 3.3-V LVTTL  ; 8mA              ; Off                ; --                        ; Fitter               ; 0 pF ; sdram_controller:SDRAM|Equal1~1 (inverted) ; -                   ;
; sd_data[9]  ; R12   ; 4        ; 23           ; 0            ; 0            ; 1                     ; 0                  ; no     ; no             ; no              ; no                     ; no            ; 2         ; yes             ; no         ; no       ; Off          ; 3.3-V LVTTL  ; 8mA              ; Off                ; --                        ; Fitter               ; 0 pF ; sdram_controller:SDRAM|Equal1~1 (inverted) ; -                   ;
+-------------+-------+----------+--------------+--------------+--------------+-----------------------+--------------------+--------+----------------+-----------------+------------------------+---------------+-----------+-----------------+------------+----------+--------------+--------------+------------------+--------------------+---------------------------+----------------------+------+--------------------------------------------+---------------------+


+-------------------------------------------------------------------------------------------------------------------------+
; Dual Purpose and Dedicated Pins                                                                                         ;
+----------+-----------------------------+--------------------------+-------------------------+---------------------------+
; Location ; Pin Name                    ; Reserved As              ; User Signal Name        ; Pin Type                  ;
+----------+-----------------------------+--------------------------+-------------------------+---------------------------+
; C1       ; DIFFIO_L1n, DATA1, ASDO     ; As input tri-stated      ; ~ALTERA_ASDO_DATA1~     ; Dual Purpose Pin          ;
; D2       ; DIFFIO_L2p, FLASH_nCE, nCSO ; As input tri-stated      ; ~ALTERA_FLASH_nCE_nCSO~ ; Dual Purpose Pin          ;
; F4       ; nSTATUS                     ; -                        ; -                       ; Dedicated Programming Pin ;
; H1       ; DCLK                        ; As output driving ground ; ~ALTERA_DCLK~           ; Dual Purpose Pin          ;
; H2       ; DATA0                       ; As input tri-stated      ; ~ALTERA_DATA0~          ; Dual Purpose Pin          ;
; H5       ; nCONFIG                     ; -                        ; -                       ; Dedicated Programming Pin ;
; J3       ; nCE                         ; -                        ; -                       ; Dedicated Programming Pin ;
; H14      ; CONF_DONE                   ; -                        ; -                       ; Dedicated Programming Pin ;
; H13      ; MSEL0                       ; -                        ; -                       ; Dedicated Programming Pin ;
; H12      ; MSEL1                       ; -                        ; -                       ; Dedicated Programming Pin ;
; G12      ; MSEL2                       ; -                        ; -                       ; Dedicated Programming Pin ;
; G12      ; MSEL3                       ; -                        ; -                       ; Dedicated Programming Pin ;
; G16      ; DIFFIO_R4n, INIT_DONE       ; Use as regular IO        ; on_off_cam              ; Dual Purpose Pin          ;
; E8       ; DIFFIO_T10n, DATA2          ; Use as regular IO        ; data_cam[4]             ; Dual Purpose Pin          ;
; F8       ; DIFFIO_T10p, DATA3          ; Use as regular IO        ; data_cam[2]             ; Dual Purpose Pin          ;
; E6       ; DATA6                       ; Use as regular IO        ; VSYNC_cam               ; Dual Purpose Pin          ;
; A5       ; DIFFIO_T6n, DATA7           ; Use as regular IO        ; LED[7]                  ; Dual Purpose Pin          ;
+----------+-----------------------------+--------------------------+-------------------------+---------------------------+


+------------------------------------------------------------+
; I/O Bank Usage                                             ;
+----------+------------------+---------------+--------------+
; I/O Bank ; Usage            ; VCCIO Voltage ; VREF Voltage ;
+----------+------------------+---------------+--------------+
; 1        ; 5 / 17 ( 29 % )  ; 3.3V          ; --           ;
; 2        ; 9 / 19 ( 47 % )  ; 3.3V          ; --           ;
; 3        ; 24 / 26 ( 92 % ) ; 3.3V          ; --           ;
; 4        ; 26 / 27 ( 96 % ) ; 3.3V          ; --           ;
; 5        ; 8 / 25 ( 32 % )  ; 3.3V          ; --           ;
; 6        ; 3 / 14 ( 21 % )  ; 3.3V          ; --           ;
; 7        ; 6 / 26 ( 23 % )  ; 3.3V          ; --           ;
; 8        ; 10 / 26 ( 38 % ) ; 3.3V          ; --           ;
+----------+------------------+---------------+--------------+


+-----------------------------------------------------------------------------------------------------------------------------------------------------------------------------------------+
; All Package Pins                                                                                                                                                                        ;
+----------+------------+----------+-----------------------------------------------------------+--------+--------------+---------+------------+-----------------+----------+--------------+
; Location ; Pad Number ; I/O Bank ; Pin Name/Usage                                            ; Dir.   ; I/O Standard ; Voltage ; I/O Type   ; User Assignment ; Bus Hold ; Weak Pull Up ;
+----------+------------+----------+-----------------------------------------------------------+--------+--------------+---------+------------+-----------------+----------+--------------+
; A1       ;            ; 8        ; VCCIO8                                                    ; power  ;              ; 3.3V    ; --         ;                 ; --       ; --           ;
; A2       ; 194        ; 8        ; RESERVED_INPUT_WITH_WEAK_PULLUP                           ;        ;              ;         ; Column I/O ;                 ; no       ; On           ;
; A3       ; 200        ; 8        ; RESERVED_INPUT_WITH_WEAK_PULLUP                           ;        ;              ;         ; Column I/O ;                 ; no       ; On           ;
; A4       ; 196        ; 8        ; sioc                                                      ; output ; 3.3-V LVTTL  ;         ; Column I/O ; N               ; no       ; On           ;
; A5       ; 192        ; 8        ; LED[7]                                                    ; output ; 3.3-V LVTTL  ;         ; Column I/O ; N               ; no       ; Off          ;
; A6       ; 188        ; 8        ; RESERVED_INPUT_WITH_WEAK_PULLUP                           ;        ;              ;         ; Column I/O ;                 ; no       ; On           ;
; A7       ; 183        ; 8        ; RESERVED_INPUT_WITH_WEAK_PULLUP                           ;        ;              ;         ; Column I/O ;                 ; no       ; On           ;
; A8       ; 177        ; 8        ; start_gray_kn                                             ; input  ; 3.3-V LVTTL  ;         ; Column I/O ; N               ; no       ; Off          ;
; A9       ; 175        ; 7        ; LED[2]                                                    ; output ; 3.3-V LVTTL  ;         ; Column I/O ; N               ; no       ; Off          ;
; A10      ; 168        ; 7        ; RESERVED_INPUT_WITH_WEAK_PULLUP                           ;        ;              ;         ; Column I/O ;                 ; no       ; On           ;
; A11      ; 161        ; 7        ; RESERVED_INPUT_WITH_WEAK_PULLUP                           ;        ;              ;         ; Column I/O ;                 ; no       ; On           ;
; A12      ; 159        ; 7        ; RESERVED_INPUT_WITH_WEAK_PULLUP                           ;        ;              ;         ; Column I/O ;                 ; no       ; On           ;
; A13      ; 153        ; 7        ; RESERVED_INPUT_WITH_WEAK_PULLUP                           ;        ;              ;         ; Column I/O ;                 ; no       ; On           ;
; A14      ; 155        ; 7        ; RESERVED_INPUT_WITH_WEAK_PULLUP                           ;        ;              ;         ; Column I/O ;                 ; no       ; On           ;
; A15      ; 167        ; 7        ; RESERVED_INPUT_WITH_WEAK_PULLUP                           ;        ;              ;         ; Column I/O ;                 ; no       ; On           ;
; A16      ;            ; 7        ; VCCIO7                                                    ; power  ;              ; 3.3V    ; --         ;                 ; --       ; --           ;
; B1       ; 3          ; 1        ; RESERVED_INPUT_WITH_WEAK_PULLUP                           ;        ;              ;         ; Row I/O    ;                 ; no       ; On           ;
; B2       ;            ;          ; GND                                                       ; gnd    ;              ;         ; --         ;                 ; --       ; --           ;
; B3       ; 201        ; 8        ; RESERVED_INPUT_WITH_WEAK_PULLUP                           ;        ;              ;         ; Column I/O ;                 ; no       ; On           ;
; B4       ; 197        ; 8        ; siod                                                      ; output ; 3.3-V LVTTL  ;         ; Column I/O ; N               ; no       ; On           ;
; B5       ; 195        ; 8        ; RESERVED_INPUT_WITH_WEAK_PULLUP                           ;        ;              ;         ; Column I/O ;                 ; no       ; On           ;
; B6       ; 189        ; 8        ; RESERVED_INPUT_WITH_WEAK_PULLUP                           ;        ;              ;         ; Column I/O ;                 ; no       ; On           ;
; B7       ; 184        ; 8        ; RESERVED_INPUT_WITH_WEAK_PULLUP                           ;        ;              ;         ; Column I/O ;                 ; no       ; On           ;
; B8       ; 178        ; 8        ; RESERVED_INPUT_WITH_WEAK_PULLUP                           ;        ;              ;         ; Column I/O ;                 ; no       ; On           ;
; B9       ; 176        ; 7        ; sd_addr[6]                                                ; output ; 3.3-V LVTTL  ;         ; Column I/O ; N               ; no       ; Off          ;
; B10      ; 169        ; 7        ; RESERVED_INPUT_WITH_WEAK_PULLUP                           ;        ;              ;         ; Column I/O ;                 ; no       ; On           ;
; B11      ; 162        ; 7        ; RESERVED_INPUT_WITH_WEAK_PULLUP                           ;        ;              ;         ; Column I/O ;                 ; no       ; On           ;
; B12      ; 160        ; 7        ; RESERVED_INPUT_WITH_WEAK_PULLUP                           ;        ;              ;         ; Column I/O ;                 ; no       ; On           ;
; B13      ; 154        ; 7        ; RESERVED_INPUT_WITH_WEAK_PULLUP                           ;        ;              ;         ; Column I/O ;                 ; no       ; On           ;
; B14      ; 156        ; 7        ; sdram_clk                                                 ; output ; 3.3-V LVTTL  ;         ; Column I/O ; N               ; no       ; Off          ;
; B15      ;            ;          ; GND                                                       ; gnd    ;              ;         ; --         ;                 ; --       ; --           ;
; B16      ; 141        ; 6        ; RESERVED_INPUT_WITH_WEAK_PULLUP                           ;        ;              ;         ; Row I/O    ;                 ; no       ; On           ;
; C1       ; 5          ; 1        ; ~ALTERA_ASDO_DATA1~ / RESERVED_INPUT_WITH_WEAK_PULLUP     ; input  ; 3.3-V LVTTL  ;         ; Row I/O    ; N               ; no       ; On           ;
; C2       ; 4          ; 1        ; RESERVED_INPUT_WITH_WEAK_PULLUP                           ;        ;              ;         ; Row I/O    ;                 ; no       ; On           ;
; C3       ; 202        ; 8        ; RESERVED_INPUT_WITH_WEAK_PULLUP                           ;        ;              ;         ; Column I/O ;                 ; no       ; On           ;
; C4       ;            ; 8        ; VCCIO8                                                    ; power  ;              ; 3.3V    ; --         ;                 ; --       ; --           ;
; C5       ;            ;          ; GND                                                       ; gnd    ;              ;         ; --         ;                 ; --       ; --           ;
; C6       ; 187        ; 8        ; RESERVED_INPUT_WITH_WEAK_PULLUP                           ;        ;              ;         ; Column I/O ;                 ; --       ; --           ;
; C7       ;            ; 8        ; VCCIO8                                                    ; power  ;              ; 3.3V    ; --         ;                 ; --       ; --           ;
; C8       ; 179        ; 8        ; data_cam[3]                                               ; input  ; 3.3-V LVTTL  ;         ; Column I/O ; N               ; no       ; Off          ;
; C9       ; 172        ; 7        ; RESERVED_INPUT_WITH_WEAK_PULLUP                           ;        ;              ;         ; Column I/O ;                 ; no       ; On           ;
; C10      ;            ; 7        ; VCCIO7                                                    ; power  ;              ; 3.3V    ; --         ;                 ; --       ; --           ;
; C11      ; 163        ; 7        ; RESERVED_INPUT_WITH_WEAK_PULLUP                           ;        ;              ;         ; Column I/O ;                 ; --       ; --           ;
; C12      ;            ;          ; GND                                                       ; gnd    ;              ;         ; --         ;                 ; --       ; --           ;
; C13      ;            ; 7        ; VCCIO7                                                    ; power  ;              ; 3.3V    ; --         ;                 ; --       ; --           ;
; C14      ; 149        ; 7        ; RESERVED_INPUT_WITH_WEAK_PULLUP                           ;        ;              ;         ; Column I/O ;                 ; no       ; On           ;
; C15      ; 147        ; 6        ; RESERVED_INPUT_WITH_WEAK_PULLUP                           ;        ;              ;         ; Row I/O    ;                 ; no       ; On           ;
; C16      ; 146        ; 6        ; RESERVED_INPUT_WITH_WEAK_PULLUP                           ;        ;              ;         ; Row I/O    ;                 ; no       ; On           ;
; D1       ; 8          ; 1        ; RESERVED_INPUT_WITH_WEAK_PULLUP                           ;        ;              ;         ; Row I/O    ;                 ; no       ; On           ;
; D2       ; 7          ; 1        ; ~ALTERA_FLASH_nCE_nCSO~ / RESERVED_INPUT_WITH_WEAK_PULLUP ; input  ; 3.3-V LVTTL  ;         ; Row I/O    ; N               ; no       ; On           ;
; D3       ; 203        ; 8        ; RESERVED_INPUT_WITH_WEAK_PULLUP                           ;        ;              ;         ; Column I/O ;                 ; no       ; On           ;
; D4       ; 0          ; 1        ; RESERVED_INPUT_WITH_WEAK_PULLUP                           ;        ;              ;         ; Row I/O    ;                 ; no       ; On           ;
; D5       ; 198        ; 8        ; RESERVED_INPUT_WITH_WEAK_PULLUP                           ;        ;              ;         ; Column I/O ;                 ; no       ; On           ;
; D6       ; 199        ; 8        ; tft_sdo                                                   ; input  ; 3.3-V LVTTL  ;         ; Column I/O ; N               ; no       ; Off          ;
; D7       ;            ;          ; GND                                                       ; gnd    ;              ;         ; --         ;                 ; --       ; --           ;
; D8       ; 180        ; 8        ; data_cam[1]                                               ; input  ; 3.3-V LVTTL  ;         ; Column I/O ; N               ; no       ; Off          ;
; D9       ; 173        ; 7        ; sd_addr[1]                                                ; output ; 3.3-V LVTTL  ;         ; Column I/O ; N               ; no       ; Off          ;
; D10      ;            ;          ; GND                                                       ; gnd    ;              ;         ; --         ;                 ; --       ; --           ;
; D11      ; 151        ; 7        ; RESERVED_INPUT_WITH_WEAK_PULLUP                           ;        ;              ;         ; Column I/O ;                 ; no       ; On           ;
; D12      ; 152        ; 7        ; RESERVED_INPUT_WITH_WEAK_PULLUP                           ;        ;              ;         ; Column I/O ;                 ; no       ; On           ;
; D13      ;            ;          ; VCCD_PLL2                                                 ; power  ;              ; 1.2V    ; --         ;                 ; --       ; --           ;
; D14      ; 150        ; 7        ; RESERVED_INPUT_WITH_WEAK_PULLUP                           ;        ;              ;         ; Column I/O ;                 ; no       ; On           ;
; D15      ; 144        ; 6        ; RESERVED_INPUT_WITH_WEAK_PULLUP                           ;        ;              ;         ; Row I/O    ;                 ; no       ; On           ;
; D16      ; 143        ; 6        ; res_cam                                                   ; output ; 3.3-V LVTTL  ;         ; Row I/O    ; N               ; no       ; Off          ;
; E1       ; 24         ; 1        ; clk50                                                     ; input  ; 3.3-V LVTTL  ;         ; Row I/O    ; N               ; no       ; Off          ;
; E2       ;            ;          ; GND                                                       ; gnd    ;              ;         ; --         ;                 ; --       ; --           ;
; E3       ;            ; 1        ; VCCIO1                                                    ; power  ;              ; 3.3V    ; --         ;                 ; --       ; --           ;
; E4       ;            ;          ; GND                                                       ; gnd    ;              ;         ; --         ;                 ; --       ; --           ;
; E5       ; 1          ; 1        ; RESERVED_INPUT_WITH_WEAK_PULLUP                           ;        ;              ;         ; Row I/O    ;                 ; no       ; On           ;
; E6       ; 191        ; 8        ; VSYNC_cam                                                 ; input  ; 3.3-V LVTTL  ;         ; Column I/O ; N               ; no       ; Off          ;
; E7       ; 190        ; 8        ; RESERVED_INPUT_WITH_WEAK_PULLUP                           ;        ;              ;         ; Column I/O ;                 ; no       ; On           ;
; E8       ; 181        ; 8        ; data_cam[4]                                               ; input  ; 3.3-V LVTTL  ;         ; Column I/O ; N               ; no       ; Off          ;
; E9       ; 174        ; 7        ; RESERVED_INPUT_WITH_WEAK_PULLUP                           ;        ;              ;         ; Column I/O ;                 ; no       ; On           ;
; E10      ; 158        ; 7        ; LED[6]                                                    ; output ; 3.3-V LVTTL  ;         ; Column I/O ; N               ; no       ; Off          ;
; E11      ; 157        ; 7        ; Cke                                                       ; output ; 3.3-V LVTTL  ;         ; Column I/O ; N               ; no       ; Off          ;
; E12      ;            ;          ; GNDA2                                                     ; gnd    ;              ;         ; --         ;                 ; --       ; --           ;
; E13      ;            ;          ; GND                                                       ; gnd    ;              ;         ; --         ;                 ; --       ; --           ;
; E14      ;            ; 6        ; VCCIO6                                                    ; power  ;              ; 3.3V    ; --         ;                 ; --       ; --           ;
; E15      ; 128        ; 6        ; GND+                                                      ;        ;              ;         ; Row I/O    ;                 ; --       ; --           ;
; E16      ; 127        ; 6        ; GND+                                                      ;        ;              ;         ; Row I/O    ;                 ; --       ; --           ;
; F1       ; 12         ; 1        ; RESERVED_INPUT_WITH_WEAK_PULLUP                           ;        ;              ;         ; Row I/O    ;                 ; no       ; On           ;
; F2       ; 11         ; 1        ; RESERVED_INPUT_WITH_WEAK_PULLUP                           ;        ;              ;         ; Row I/O    ;                 ; no       ; On           ;
; F3       ; 6          ; 1        ; RESERVED_INPUT_WITH_WEAK_PULLUP                           ;        ;              ;         ; Row I/O    ;                 ; --       ; --           ;
; F4       ; 9          ; 1        ; ^nSTATUS                                                  ;        ;              ;         ; --         ;                 ; --       ; --           ;
; F5       ; 2          ; 1        ; RESERVED_INPUT_WITH_WEAK_PULLUP                           ;        ;              ;         ; Row I/O    ;                 ; no       ; On           ;
; F6       ; 185        ; 8        ; RESERVED_INPUT_WITH_WEAK_PULLUP                           ;        ;              ;         ; Column I/O ;                 ; no       ; On           ;
; F7       ; 186        ; 8        ; RESERVED_INPUT_WITH_WEAK_PULLUP                           ;        ;              ;         ; Column I/O ;                 ; no       ; On           ;
; F8       ; 182        ; 8        ; data_cam[2]                                               ; input  ; 3.3-V LVTTL  ;         ; Column I/O ; N               ; no       ; Off          ;
; F9       ; 165        ; 7        ; RESERVED_INPUT_WITH_WEAK_PULLUP                           ;        ;              ;         ; Column I/O ;                 ; no       ; On           ;
; F10      ; 164        ; 7        ; RESERVED_INPUT_WITH_WEAK_PULLUP                           ;        ;              ;         ; Column I/O ;                 ; no       ; On           ;
; F11      ; 166        ; 7        ; RESERVED_INPUT_WITH_WEAK_PULLUP                           ;        ;              ;         ; Column I/O ;                 ; no       ; On           ;
; F12      ;            ; --       ; VCCA2                                                     ; power  ;              ; 2.5V    ; --         ;                 ; --       ; --           ;
; F13      ; 138        ; 6        ; RESERVED_INPUT_WITH_WEAK_PULLUP                           ;        ;              ;         ; Row I/O    ;                 ; no       ; On           ;
; F14      ; 142        ; 6        ; rst                                                       ; input  ; 3.3-V LVTTL  ;         ; Row I/O    ; N               ; no       ; Off          ;
; F15      ; 140        ; 6        ; RESERVED_INPUT_WITH_WEAK_PULLUP                           ;        ;              ;         ; Row I/O    ;                 ; no       ; On           ;
; F16      ; 139        ; 6        ; RESERVED_INPUT_WITH_WEAK_PULLUP                           ;        ;              ;         ; Row I/O    ;                 ; no       ; On           ;
; G1       ; 14         ; 1        ; RESERVED_INPUT_WITH_WEAK_PULLUP                           ;        ;              ;         ; Row I/O    ;                 ; no       ; On           ;
; G2       ; 13         ; 1        ; RESERVED_INPUT_WITH_WEAK_PULLUP                           ;        ;              ;         ; Row I/O    ;                 ; no       ; On           ;
; G3       ;            ; 1        ; VCCIO1                                                    ; power  ;              ; 3.3V    ; --         ;                 ; --       ; --           ;
; G4       ;            ;          ; GND                                                       ; gnd    ;              ;         ; --         ;                 ; --       ; --           ;
; G5       ; 10         ; 1        ; RESERVED_INPUT_WITH_WEAK_PULLUP                           ;        ;              ;         ; Row I/O    ;                 ; no       ; On           ;
; G6       ;            ;          ; VCCINT                                                    ; power  ;              ; 1.2V    ; --         ;                 ; --       ; --           ;
; G7       ;            ;          ; VCCINT                                                    ; power  ;              ; 1.2V    ; --         ;                 ; --       ; --           ;
; G8       ;            ;          ; VCCINT                                                    ; power  ;              ; 1.2V    ; --         ;                 ; --       ; --           ;
; G9       ;            ;          ; VCCINT                                                    ; power  ;              ; 1.2V    ; --         ;                 ; --       ; --           ;
; G10      ;            ;          ; VCCINT                                                    ; power  ;              ; 1.2V    ; --         ;                 ; --       ; --           ;
; G11      ; 145        ; 6        ; RESERVED_INPUT_WITH_WEAK_PULLUP                           ;        ;              ;         ; Row I/O    ;                 ; no       ; On           ;
; G12      ; 132        ; 6        ; ^MSEL2                                                    ;        ;              ;         ; --         ;                 ; --       ; --           ;
; G12      ; 133        ; 6        ; ^MSEL3                                                    ;        ;              ;         ; --         ;                 ; --       ; --           ;
; G13      ;            ;          ; GND                                                       ; gnd    ;              ;         ; --         ;                 ; --       ; --           ;
; G14      ;            ; 6        ; VCCIO6                                                    ; power  ;              ; 3.3V    ; --         ;                 ; --       ; --           ;
; G15      ; 137        ; 6        ; RESERVED_INPUT_WITH_WEAK_PULLUP                           ;        ;              ;         ; Row I/O    ;                 ; no       ; On           ;
; G16      ; 136        ; 6        ; on_off_cam                                                ; output ; 3.3-V LVTTL  ;         ; Row I/O    ; N               ; no       ; Off          ;
; H1       ; 15         ; 1        ; ~ALTERA_DCLK~                                             ; output ; 3.3-V LVTTL  ;         ; Row I/O    ; N               ; no       ; On           ;
; H2       ; 16         ; 1        ; ~ALTERA_DATA0~ / RESERVED_INPUT_WITH_WEAK_PULLUP          ; input  ; 3.3-V LVTTL  ;         ; Row I/O    ; N               ; no       ; On           ;
; H3       ; 19         ; 1        ; #TCK                                                      ; input  ;              ;         ; --         ;                 ; --       ; --           ;
; H4       ; 18         ; 1        ; #TDI                                                      ; input  ;              ;         ; --         ;                 ; --       ; --           ;
; H5       ; 17         ; 1        ; ^nCONFIG                                                  ;        ;              ;         ; --         ;                 ; --       ; --           ;
; H6       ;            ;          ; VCCINT                                                    ; power  ;              ; 1.2V    ; --         ;                 ; --       ; --           ;
; H7       ;            ;          ; GND                                                       ; gnd    ;              ;         ; --         ;                 ; --       ; --           ;
; H8       ;            ;          ; GND                                                       ; gnd    ;              ;         ; --         ;                 ; --       ; --           ;
; H9       ;            ;          ; GND                                                       ; gnd    ;              ;         ; --         ;                 ; --       ; --           ;
; H10      ;            ;          ; GND                                                       ; gnd    ;              ;         ; --         ;                 ; --       ; --           ;
; H11      ;            ;          ; VCCINT                                                    ; power  ;              ; 1.2V    ; --         ;                 ; --       ; --           ;
; H12      ; 131        ; 6        ; ^MSEL1                                                    ;        ;              ;         ; --         ;                 ; --       ; --           ;
; H13      ; 130        ; 6        ; ^MSEL0                                                    ;        ;              ;         ; --         ;                 ; --       ; --           ;
; H14      ; 129        ; 6        ; ^CONF_DONE                                                ;        ;              ;         ; --         ;                 ; --       ; --           ;
; H15      ;            ;          ; GND                                                       ; gnd    ;              ;         ; --         ;                 ; --       ; --           ;
; H16      ;            ;          ; GND                                                       ; gnd    ;              ;         ; --         ;                 ; --       ; --           ;
; J1       ; 28         ; 2        ; RESERVED_INPUT_WITH_WEAK_PULLUP                           ;        ;              ;         ; Row I/O    ;                 ; no       ; On           ;
; J2       ; 27         ; 2        ; RESERVED_INPUT_WITH_WEAK_PULLUP                           ;        ;              ;         ; Row I/O    ;                 ; no       ; On           ;
; J3       ; 22         ; 1        ; ^nCE                                                      ;        ;              ;         ; --         ;                 ; --       ; --           ;
; J4       ; 21         ; 1        ; #TDO                                                      ; output ;              ;         ; --         ;                 ; --       ; --           ;
; J5       ; 20         ; 1        ; #TMS                                                      ; input  ;              ;         ; --         ;                 ; --       ; --           ;
; J6       ; 29         ; 2        ; RESERVED_INPUT_WITH_WEAK_PULLUP                           ;        ;              ;         ; Row I/O    ;                 ; no       ; On           ;
; J7       ;            ;          ; GND                                                       ; gnd    ;              ;         ; --         ;                 ; --       ; --           ;
; J8       ;            ;          ; GND                                                       ; gnd    ;              ;         ; --         ;                 ; --       ; --           ;
; J9       ;            ;          ; GND                                                       ; gnd    ;              ;         ; --         ;                 ; --       ; --           ;
; J10      ;            ;          ; GND                                                       ; gnd    ;              ;         ; --         ;                 ; --       ; --           ;
; J11      ; 117        ; 5        ; RESERVED_INPUT_WITH_WEAK_PULLUP                           ;        ;              ;         ; Row I/O    ;                 ; no       ; On           ;
; J12      ; 123        ; 5        ; RESERVED_INPUT_WITH_WEAK_PULLUP                           ;        ;              ;         ; Row I/O    ;                 ; no       ; On           ;
; J13      ; 124        ; 5        ; RESERVED_INPUT_WITH_WEAK_PULLUP                           ;        ;              ;         ; Row I/O    ;                 ; no       ; On           ;
; J14      ; 122        ; 5        ; RESERVED_INPUT_WITH_WEAK_PULLUP                           ;        ;              ;         ; Row I/O    ;                 ; no       ; On           ;
; J15      ; 121        ; 5        ; RESERVED_INPUT_WITH_WEAK_PULLUP                           ;        ;              ;         ; Row I/O    ;                 ; no       ; On           ;
; J16      ; 120        ; 5        ; RESERVED_INPUT_WITH_WEAK_PULLUP                           ;        ;              ;         ; Row I/O    ;                 ; no       ; On           ;
; K1       ; 33         ; 2        ; tft_reset                                                 ; output ; 3.3-V LVTTL  ;         ; Row I/O    ; N               ; no       ; Off          ;
; K2       ; 32         ; 2        ; tft_sdi                                                   ; output ; 3.3-V LVTTL  ;         ; Row I/O    ; N               ; no       ; Off          ;
; K3       ;            ; 2        ; VCCIO2                                                    ; power  ;              ; 3.3V    ; --         ;                 ; --       ; --           ;
; K4       ;            ;          ; GND                                                       ; gnd    ;              ;         ; --         ;                 ; --       ; --           ;
; K5       ; 39         ; 2        ; RESERVED_INPUT_WITH_WEAK_PULLUP                           ;        ;              ;         ; Row I/O    ;                 ; no       ; On           ;
; K6       ; 30         ; 2        ; RESERVED_INPUT_WITH_WEAK_PULLUP                           ;        ;              ;         ; Row I/O    ;                 ; no       ; On           ;
; K7       ;            ;          ; VCCINT                                                    ; power  ;              ; 1.2V    ; --         ;                 ; --       ; --           ;
; K8       ; 60         ; 3        ; b[3]                                                      ; output ; 3.3-V LVTTL  ;         ; Column I/O ; N               ; no       ; Off          ;
; K9       ; 76         ; 4        ; sd_data[0]                                                ; bidir  ; 3.3-V LVTTL  ;         ; Column I/O ; N               ; no       ; Off          ;
; K10      ; 87         ; 4        ; sd_data[4]                                                ; bidir  ; 3.3-V LVTTL  ;         ; Column I/O ; N               ; no       ; Off          ;
; K11      ; 110        ; 5        ; RESERVED_INPUT_WITH_WEAK_PULLUP                           ;        ;              ;         ; Row I/O    ;                 ; no       ; On           ;
; K12      ; 105        ; 5        ; sd_addr[4]                                                ; output ; 3.3-V LVTTL  ;         ; Row I/O    ; N               ; no       ; Off          ;
; K13      ;            ;          ; GND                                                       ; gnd    ;              ;         ; --         ;                 ; --       ; --           ;
; K14      ;            ; 5        ; VCCIO5                                                    ; power  ;              ; 3.3V    ; --         ;                 ; --       ; --           ;
; K15      ; 119        ; 5        ; RESERVED_INPUT_WITH_WEAK_PULLUP                           ;        ;              ;         ; Row I/O    ;                 ; no       ; On           ;
; K16      ; 118        ; 5        ; RESERVED_INPUT_WITH_WEAK_PULLUP                           ;        ;              ;         ; Row I/O    ;                 ; no       ; On           ;
; L1       ; 35         ; 2        ; cs_n                                                      ; output ; 3.3-V LVTTL  ;         ; Row I/O    ; N               ; no       ; Off          ;
; L2       ; 34         ; 2        ; RESERVED_INPUT_WITH_WEAK_PULLUP                           ;        ;              ;         ; Row I/O    ;                 ; no       ; On           ;
; L3       ; 36         ; 2        ; data_cam[0]                                               ; input  ; 3.3-V LVTTL  ;         ; Row I/O    ; N               ; no       ; Off          ;
; L4       ; 40         ; 2        ; tft_dc                                                    ; output ; 3.3-V LVTTL  ;         ; Row I/O    ; N               ; no       ; Off          ;
; L5       ;            ; --       ; VCCA1                                                     ; power  ;              ; 2.5V    ; --         ;                 ; --       ; --           ;
; L6       ; 31         ; 2        ; RESERVED_INPUT_WITH_WEAK_PULLUP                           ;        ;              ;         ; Row I/O    ;                 ; no       ; On           ;
; L7       ; 65         ; 3        ; sd_data[5]                                                ; bidir  ; 3.3-V LVTTL  ;         ; Column I/O ; N               ; no       ; Off          ;
; L8       ; 68         ; 3        ; data_cam[6]                                               ; input  ; 3.3-V LVTTL  ;         ; Column I/O ; N               ; no       ; Off          ;
; L9       ; 77         ; 4        ; sd_data[11]                                               ; bidir  ; 3.3-V LVTTL  ;         ; Column I/O ; N               ; no       ; Off          ;
; L10      ; 88         ; 4        ; sd_data[1]                                                ; bidir  ; 3.3-V LVTTL  ;         ; Column I/O ; N               ; no       ; Off          ;
; L11      ; 99         ; 4        ; LED[5]                                                    ; output ; 3.3-V LVTTL  ;         ; Column I/O ; N               ; no       ; Off          ;
; L12      ; 104        ; 5        ; r[2]                                                      ; output ; 3.3-V LVTTL  ;         ; Row I/O    ; N               ; no       ; Off          ;
; L13      ; 114        ; 5        ; RESERVED_INPUT_WITH_WEAK_PULLUP                           ;        ;              ;         ; Row I/O    ;                 ; no       ; On           ;
; L14      ; 113        ; 5        ; RESERVED_INPUT_WITH_WEAK_PULLUP                           ;        ;              ;         ; Row I/O    ;                 ; --       ; --           ;
; L15      ; 116        ; 5        ; LED[4]                                                    ; output ; 3.3-V LVTTL  ;         ; Row I/O    ; N               ; no       ; Off          ;
; L16      ; 115        ; 5        ; RESERVED_INPUT_WITH_WEAK_PULLUP                           ;        ;              ;         ; Row I/O    ;                 ; no       ; On           ;
; M1       ; 26         ; 2        ; GND+                                                      ;        ;              ;         ; Row I/O    ;                 ; --       ; --           ;
; M2       ; 25         ; 2        ; PCLK_cam                                                  ; input  ; 3.3-V LVTTL  ;         ; Row I/O    ; N               ; no       ; Off          ;
; M3       ;            ; 2        ; VCCIO2                                                    ; power  ;              ; 3.3V    ; --         ;                 ; --       ; --           ;
; M4       ;            ;          ; GND                                                       ; gnd    ;              ;         ; --         ;                 ; --       ; --           ;
; M5       ;            ;          ; GNDA1                                                     ; gnd    ;              ;         ; --         ;                 ; --       ; --           ;
; M6       ; 57         ; 3        ; b[4]                                                      ; output ; 3.3-V LVTTL  ;         ; Column I/O ; N               ; no       ; Off          ;
; M7       ; 59         ; 3        ; g[4]                                                      ; output ; 3.3-V LVTTL  ;         ; Column I/O ; N               ; no       ; Off          ;
; M8       ; 69         ; 3        ; r[1]                                                      ; output ; 3.3-V LVTTL  ;         ; Column I/O ; N               ; no       ; Off          ;
; M9       ; 78         ; 4        ; sd_addr[10]                                               ; output ; 3.3-V LVTTL  ;         ; Column I/O ; N               ; no       ; Off          ;
; M10      ; 93         ; 4        ; sd_addr[5]                                                ; output ; 3.3-V LVTTL  ;         ; Column I/O ; N               ; no       ; Off          ;
; M11      ; 100        ; 4        ; HREF_cam                                                  ; input  ; 3.3-V LVTTL  ;         ; Column I/O ; N               ; no       ; Off          ;
; M12      ; 103        ; 5        ; LED[1]                                                    ; output ; 3.3-V LVTTL  ;         ; Row I/O    ; N               ; no       ; Off          ;
; M13      ;            ;          ; GND                                                       ; gnd    ;              ;         ; --         ;                 ; --       ; --           ;
; M14      ;            ; 5        ; VCCIO5                                                    ; power  ;              ; 3.3V    ; --         ;                 ; --       ; --           ;
; M15      ; 126        ; 5        ; GND+                                                      ;        ;              ;         ; Row I/O    ;                 ; --       ; --           ;
; M16      ; 125        ; 5        ; GND+                                                      ;        ;              ;         ; Row I/O    ;                 ; --       ; --           ;
; N1       ; 38         ; 2        ; tft_cs                                                    ; output ; 3.3-V LVTTL  ;         ; Row I/O    ; N               ; no       ; Off          ;
; N2       ; 37         ; 2        ; tft_sck                                                   ; output ; 3.3-V LVTTL  ;         ; Row I/O    ; N               ; no       ; Off          ;
; N3       ; 45         ; 3        ; RESERVED_INPUT_WITH_WEAK_PULLUP                           ;        ;              ;         ; Column I/O ;                 ; no       ; On           ;
; N4       ;            ;          ; VCCD_PLL1                                                 ; power  ;              ; 1.2V    ; --         ;                 ; --       ; --           ;
; N5       ; 55         ; 3        ; g[1]                                                      ; output ; 3.3-V LVTTL  ;         ; Column I/O ; N               ; no       ; Off          ;
; N6       ; 56         ; 3        ; g[3]                                                      ; output ; 3.3-V LVTTL  ;         ; Column I/O ; N               ; no       ; Off          ;
; N7       ;            ;          ; GND                                                       ; gnd    ;              ;         ; --         ;                 ; --       ; --           ;
; N8       ; 70         ; 3        ; sd_data[15]                                               ; bidir  ; 3.3-V LVTTL  ;         ; Column I/O ; N               ; no       ; Off          ;
; N9       ; 79         ; 4        ; sd_addr[2]                                                ; output ; 3.3-V LVTTL  ;         ; Column I/O ; N               ; no       ; Off          ;
; N10      ;            ;          ; GND                                                       ; gnd    ;              ;         ; --         ;                 ; --       ; --           ;
; N11      ; 94         ; 4        ; ba[1]                                                     ; output ; 3.3-V LVTTL  ;         ; Column I/O ; N               ; no       ; Off          ;
; N12      ; 101        ; 4        ; sd_addr[8]                                                ; output ; 3.3-V LVTTL  ;         ; Column I/O ; N               ; no       ; Off          ;
; N13      ; 102        ; 5        ; LED[0]                                                    ; output ; 3.3-V LVTTL  ;         ; Row I/O    ; N               ; no       ; Off          ;
; N14      ; 106        ; 5        ; dqm[1]                                                    ; output ; 3.3-V LVTTL  ;         ; Row I/O    ; N               ; no       ; Off          ;
; N15      ; 112        ; 5        ; RESERVED_INPUT_WITH_WEAK_PULLUP                           ;        ;              ;         ; Row I/O    ;                 ; no       ; On           ;
; N16      ; 111        ; 5        ; RESERVED_INPUT_WITH_WEAK_PULLUP                           ;        ;              ;         ; Row I/O    ;                 ; no       ; On           ;
; P1       ; 44         ; 2        ; g[0]                                                      ; output ; 3.3-V LVTTL  ;         ; Row I/O    ; N               ; no       ; Off          ;
; P2       ; 43         ; 2        ; RESERVED_INPUT_WITH_WEAK_PULLUP                           ;        ;              ;         ; Row I/O    ;                 ; no       ; On           ;
; P3       ; 46         ; 3        ; b[1]                                                      ; output ; 3.3-V LVTTL  ;         ; Column I/O ; N               ; no       ; Off          ;
; P4       ;            ; 3        ; VCCIO3                                                    ; power  ;              ; 3.3V    ; --         ;                 ; --       ; --           ;
; P5       ;            ;          ; GND                                                       ; gnd    ;              ;         ; --         ;                 ; --       ; --           ;
; P6       ; 58         ; 3        ; b[0]                                                      ; output ; 3.3-V LVTTL  ;         ; Column I/O ; N               ; no       ; Off          ;
; P7       ;            ; 3        ; VCCIO3                                                    ; power  ;              ; 3.3V    ; --         ;                 ; --       ; --           ;
; P8       ; 71         ; 3        ; sd_data[8]                                                ; bidir  ; 3.3-V LVTTL  ;         ; Column I/O ; N               ; no       ; Off          ;
; P9       ; 89         ; 4        ; cas_n                                                     ; output ; 3.3-V LVTTL  ;         ; Column I/O ; N               ; no       ; Off          ;
; P10      ;            ; 4        ; VCCIO4                                                    ; power  ;              ; 3.3V    ; --         ;                 ; --       ; --           ;
; P11      ; 90         ; 4        ; sd_addr[11]                                               ; output ; 3.3-V LVTTL  ;         ; Column I/O ; N               ; no       ; Off          ;
; P12      ;            ;          ; GND                                                       ; gnd    ;              ;         ; --         ;                 ; --       ; --           ;
; P13      ;            ; 4        ; VCCIO4                                                    ; power  ;              ; 3.3V    ; --         ;                 ; --       ; --           ;
; P14      ; 98         ; 4        ; RESERVED_INPUT_WITH_WEAK_PULLUP                           ;        ;              ;         ; Column I/O ;                 ; no       ; On           ;
; P15      ; 107        ; 5        ; dqm[0]                                                    ; output ; 3.3-V LVTTL  ;         ; Row I/O    ; N               ; no       ; Off          ;
; P16      ; 108        ; 5        ; LED[3]                                                    ; output ; 3.3-V LVTTL  ;         ; Row I/O    ; N               ; no       ; Off          ;
; R1       ; 42         ; 2        ; RESERVED_INPUT_WITH_WEAK_PULLUP                           ;        ;              ;         ; Row I/O    ;                 ; no       ; On           ;
; R2       ;            ;          ; GND                                                       ; gnd    ;              ;         ; --         ;                 ; --       ; --           ;
; R3       ; 47         ; 3        ; r[3]                                                      ; output ; 3.3-V LVTTL  ;         ; Column I/O ; N               ; no       ; Off          ;
; R4       ; 53         ; 3        ; XCLK_cam                                                  ; output ; 3.3-V LVTTL  ;         ; Column I/O ; N               ; no       ; Off          ;
; R5       ; 61         ; 3        ; data_cam[7]                                               ; input  ; 3.3-V LVTTL  ;         ; Column I/O ; N               ; no       ; Off          ;
; R6       ; 63         ; 3        ; sd_data[7]                                                ; bidir  ; 3.3-V LVTTL  ;         ; Column I/O ; N               ; no       ; Off          ;
; R7       ; 66         ; 3        ; we_n                                                      ; output ; 3.3-V LVTTL  ;         ; Column I/O ; N               ; no       ; Off          ;
; R8       ; 72         ; 3        ; r[0]                                                      ; output ; 3.3-V LVTTL  ;         ; Column I/O ; N               ; no       ; Off          ;
; R9       ; 74         ; 4        ; sd_data[6]                                                ; bidir  ; 3.3-V LVTTL  ;         ; Column I/O ; N               ; no       ; Off          ;
; R10      ; 80         ; 4        ; sd_addr[7]                                                ; output ; 3.3-V LVTTL  ;         ; Column I/O ; N               ; no       ; Off          ;
; R11      ; 83         ; 4        ; sd_data[3]                                                ; bidir  ; 3.3-V LVTTL  ;         ; Column I/O ; N               ; no       ; Off          ;
; R12      ; 85         ; 4        ; sd_data[9]                                                ; bidir  ; 3.3-V LVTTL  ;         ; Column I/O ; N               ; no       ; Off          ;
; R13      ; 91         ; 4        ; sd_data[2]                                                ; bidir  ; 3.3-V LVTTL  ;         ; Column I/O ; N               ; no       ; Off          ;
; R14      ; 97         ; 4        ; ba[0]                                                     ; output ; 3.3-V LVTTL  ;         ; Column I/O ; N               ; no       ; Off          ;
; R15      ;            ;          ; GND                                                       ; gnd    ;              ;         ; --         ;                 ; --       ; --           ;
; R16      ; 109        ; 5        ; RESERVED_INPUT_WITH_WEAK_PULLUP                           ;        ;              ;         ; Row I/O    ;                 ; no       ; On           ;
; T1       ;            ; 3        ; VCCIO3                                                    ; power  ;              ; 3.3V    ; --         ;                 ; --       ; --           ;
; T2       ; 52         ; 3        ; r[4]                                                      ; output ; 3.3-V LVTTL  ;         ; Column I/O ; N               ; no       ; Off          ;
; T3       ; 48         ; 3        ; RESERVED_INPUT_WITH_WEAK_PULLUP                           ;        ;              ;         ; Column I/O ;                 ; no       ; On           ;
; T4       ; 54         ; 3        ; b[2]                                                      ; output ; 3.3-V LVTTL  ;         ; Column I/O ; N               ; no       ; Off          ;
; T5       ; 62         ; 3        ; g[5]                                                      ; output ; 3.3-V LVTTL  ;         ; Column I/O ; N               ; no       ; Off          ;
; T6       ; 64         ; 3        ; sd_data[13]                                               ; bidir  ; 3.3-V LVTTL  ;         ; Column I/O ; N               ; no       ; Off          ;
; T7       ; 67         ; 3        ; data_cam[5]                                               ; input  ; 3.3-V LVTTL  ;         ; Column I/O ; N               ; no       ; Off          ;
; T8       ; 73         ; 3        ; sd_data[14]                                               ; bidir  ; 3.3-V LVTTL  ;         ; Column I/O ; N               ; no       ; Off          ;
; T9       ; 75         ; 4        ; sd_data[12]                                               ; bidir  ; 3.3-V LVTTL  ;         ; Column I/O ; N               ; no       ; Off          ;
; T10      ; 81         ; 4        ; sd_addr[3]                                                ; output ; 3.3-V LVTTL  ;         ; Column I/O ; N               ; no       ; Off          ;
; T11      ; 84         ; 4        ; sd_data[10]                                               ; bidir  ; 3.3-V LVTTL  ;         ; Column I/O ; N               ; no       ; Off          ;
; T12      ; 86         ; 4        ; sd_addr[0]                                                ; output ; 3.3-V LVTTL  ;         ; Column I/O ; N               ; no       ; Off          ;
; T13      ; 92         ; 4        ; sd_addr[9]                                                ; output ; 3.3-V LVTTL  ;         ; Column I/O ; N               ; no       ; Off          ;
; T14      ; 95         ; 4        ; ras_n                                                     ; output ; 3.3-V LVTTL  ;         ; Column I/O ; N               ; no       ; Off          ;
; T15      ; 96         ; 4        ; g[2]                                                      ; output ; 3.3-V LVTTL  ;         ; Column I/O ; N               ; no       ; Off          ;
; T16      ;            ; 4        ; VCCIO4                                                    ; power  ;              ; 3.3V    ; --         ;                 ; --       ; --           ;
+----------+------------+----------+-----------------------------------------------------------+--------+--------------+---------+------------+-----------------+----------+--------------+
Note: Pin directions (input, output or bidir) are based on device operating in user mode.


+------------------------------------------------------------------------------------------------------------------------------------------------------------------------------------------------+
; PLL Summary                                                                                                                                                                                    ;
+-------------------------------+----------------------------------------------------------------------------+-----------------------------------------------------------------------------------+
; Name                          ; pll:pll_for_sdram_0|altpll:altpll_component|pll_altpll:auto_generated|pll1 ; pll_for_disp:pll2|altpll:altpll_component|pll_for_disp_altpll:auto_generated|pll1 ;
+-------------------------------+----------------------------------------------------------------------------+-----------------------------------------------------------------------------------+
; SDC pin name                  ; pll_for_sdram_0|altpll_component|auto_generated|pll1                       ; pll2|altpll_component|auto_generated|pll1                                         ;
; PLL mode                      ; Normal                                                                     ; Normal                                                                            ;
; Compensate clock              ; clock0                                                                     ; clock0                                                                            ;
; Compensated input/output pins ; --                                                                         ; --                                                                                ;
; Switchover type               ; --                                                                         ; --                                                                                ;
; Input frequency 0             ; 50.0 MHz                                                                   ; 50.0 MHz                                                                          ;
; Input frequency 1             ; --                                                                         ; --                                                                                ;
; Nominal PFD frequency         ; 50.0 MHz                                                                   ; 5.6 MHz                                                                           ;
; Nominal VCO frequency         ; 599.9 MHz                                                                  ; 572.1 MHz                                                                         ;
; VCO post scale K counter      ; 2                                                                          ; 2                                                                                 ;
; VCO frequency control         ; Auto                                                                       ; Auto                                                                              ;
; VCO phase shift step          ; 208 ps                                                                     ; 218 ps                                                                            ;
; VCO multiply                  ; --                                                                         ; --                                                                                ;
; VCO divide                    ; --                                                                         ; --                                                                                ;
; Freq min lock                 ; 25.0 MHz                                                                   ; 45.0 MHz                                                                          ;
; Freq max lock                 ; 54.18 MHz                                                                  ; 56.81 MHz                                                                         ;
; M VCO Tap                     ; 0                                                                          ; 0                                                                                 ;
; M Initial                     ; 1                                                                          ; 1                                                                                 ;
; M value                       ; 12                                                                         ; 103                                                                               ;
; N value                       ; 1                                                                          ; 9                                                                                 ;
; Charge pump current           ; setting 1                                                                  ; setting 1                                                                         ;
; Loop filter resistance        ; setting 27                                                                 ; setting 8                                                                         ;
; Loop filter capacitance       ; setting 0                                                                  ; setting 0                                                                         ;
; Bandwidth                     ; 680 kHz to 980 kHz                                                         ; 300 kHz to 390 kHz                                                                ;
; Bandwidth type                ; Medium                                                                     ; Low                                                                               ;
; Real time reconfigurable      ; Off                                                                        ; Off                                                                               ;
; Scan chain MIF file           ; --                                                                         ; --                                                                                ;
; Preserve PLL counter order    ; Off                                                                        ; Off                                                                               ;
; PLL location                  ; PLL_1                                                                      ; PLL_2                                                                             ;
; Inclk0 signal                 ; clk50                                                                      ; clk50                                                                             ;
; Inclk1 signal                 ; --                                                                         ; --                                                                                ;
; Inclk0 signal type            ; Dedicated Pin                                                              ; Global Clock                                                                      ;
; Inclk1 signal type            ; --                                                                         ; --                                                                                ;
+-------------------------------+----------------------------------------------------------------------------+-----------------------------------------------------------------------------------+


+-------------------------------------------------------------------------------------------------------------------------------------------------------------------------------------------------------------------------------------------------------------------------------------------------------------------------------------+
; PLL Usage                                                                                                                                                                                                                                                                                                                           ;
+-----------------------------------------------------------------------------------------------+--------------+------+-----+------------------+-------------+------------------+------------+---------+---------------+------------+---------------+---------+---------+-------------------------------------------------------------+
; Name                                                                                          ; Output Clock ; Mult ; Div ; Output Frequency ; Phase Shift ; Phase Shift Step ; Duty Cycle ; Counter ; Counter Value ; High / Low ; Cascade Input ; Initial ; VCO Tap ; SDC Pin Name                                                ;
+-----------------------------------------------------------------------------------------------+--------------+------+-----+------------------+-------------+------------------+------------+---------+---------------+------------+---------------+---------+---------+-------------------------------------------------------------+
; pll:pll_for_sdram_0|altpll:altpll_component|pll_altpll:auto_generated|wire_pll1_clk[0]        ; clock0       ; 2    ; 1   ; 100.0 MHz        ; 0 (0 ps)    ; 7.50 (208 ps)    ; 50/50      ; C2      ; 6             ; 3/3 Even   ; --            ; 1       ; 0       ; pll_for_sdram_0|altpll_component|auto_generated|pll1|clk[0] ;
; pll:pll_for_sdram_0|altpll:altpll_component|pll_altpll:auto_generated|wire_pll1_clk[2]        ; clock2       ; 1    ; 2   ; 25.0 MHz         ; 0 (0 ps)    ; 1.88 (208 ps)    ; 50/50      ; C1      ; 24            ; 12/12 Even ; --            ; 1       ; 0       ; pll_for_sdram_0|altpll_component|auto_generated|pll1|clk[2] ;
; pll:pll_for_sdram_0|altpll:altpll_component|pll_altpll:auto_generated|wire_pll1_clk[3]        ; clock3       ; 12   ; 25  ; 24.0 MHz         ; 0 (0 ps)    ; 1.80 (208 ps)    ; 50/50      ; C0      ; 25            ; 13/12 Odd  ; --            ; 1       ; 0       ; pll_for_sdram_0|altpll_component|auto_generated|pll1|clk[3] ;
; pll_for_disp:pll2|altpll:altpll_component|pll_for_disp_altpll:auto_generated|wire_pll1_clk[0] ; clock0       ; 103  ; 36  ; 143.06 MHz       ; 0 (0 ps)    ; 11.25 (218 ps)   ; 50/50      ; C0      ; 4             ; 2/2 Even   ; --            ; 1       ; 0       ; pll2|altpll_component|auto_generated|pll1|clk[0]            ;
+-----------------------------------------------------------------------------------------------+--------------+------+-----+------------------+-------------+------------------+------------+---------+---------------+------------+---------------+---------+---------+-------------------------------------------------------------+


+--------------------------------------------------------------------------------------------------------------------------------------------------------------------------------------------------------------------------------------------------------------------------------------------------------------------------------------------------------------------------------------------------------------------------------+
; Fitter Resource Utilization by Entity                                                                                                                                                                                                                                                                                                                                                                                          ;
+---------------------------------------------------+-------------+---------------------------+---------------+-------------+------+--------------+---------+-----------+------+--------------+--------------+-------------------+------------------+-------------------------------------------------------------------------------------------------------------------------------------------------------------+--------------+
; Compilation Hierarchy Node                        ; Logic Cells ; Dedicated Logic Registers ; I/O Registers ; Memory Bits ; M9Ks ; DSP Elements ; DSP 9x9 ; DSP 18x18 ; Pins ; Virtual Pins ; LUT-Only LCs ; Register-Only LCs ; LUT/Register LCs ; Full Hierarchy Name                                                                                                                                         ; Library Name ;
+---------------------------------------------------+-------------+---------------------------+---------------+-------------+------+--------------+---------+-----------+------+--------------+--------------+-------------------+------------------+-------------------------------------------------------------------------------------------------------------------------------------------------------------+--------------+
; |cam_proj_top                                     ; 5871 (133)  ; 2285 (64)                 ; 0 (0)         ; 268975      ; 44   ; 25           ; 1       ; 12        ; 87   ; 0            ; 3586 (69)    ; 392 (0)           ; 1893 (63)        ; |cam_proj_top                                                                                                                                               ; work         ;
;    |TOP:neiroset|                                 ; 3701 (280)  ; 1192 (53)                 ; 0 (0)         ; 232111      ; 39   ; 25           ; 1       ; 12        ; 0    ; 0            ; 2507 (227)   ; 293 (5)           ; 901 (266)        ; |cam_proj_top|TOP:neiroset                                                                                                                                  ; work         ;
;       |RAM:memory|                                ; 0 (0)       ; 0 (0)                     ; 0 (0)         ; 172051      ; 28   ; 0            ; 0       ; 0         ; 0    ; 0            ; 0 (0)        ; 0 (0)             ; 0 (0)            ; |cam_proj_top|TOP:neiroset|RAM:memory                                                                                                                       ; work         ;
;          |altsyncram:mem_rtl_0|                   ; 0 (0)       ; 0 (0)                     ; 0 (0)         ; 77616       ; 11   ; 0            ; 0       ; 0         ; 0    ; 0            ; 0 (0)        ; 0 (0)             ; 0 (0)            ; |cam_proj_top|TOP:neiroset|RAM:memory|altsyncram:mem_rtl_0                                                                                                  ; work         ;
;             |altsyncram_m2e1:auto_generated|      ; 0 (0)       ; 0 (0)                     ; 0 (0)         ; 77616       ; 11   ; 0            ; 0       ; 0         ; 0    ; 0            ; 0 (0)        ; 0 (0)             ; 0 (0)            ; |cam_proj_top|TOP:neiroset|RAM:memory|altsyncram:mem_rtl_0|altsyncram_m2e1:auto_generated                                                                   ; work         ;
;          |altsyncram:mem_t_rtl_0|                 ; 0 (0)       ; 0 (0)                     ; 0 (0)         ; 68992       ; 11   ; 0            ; 0       ; 0         ; 0    ; 0            ; 0 (0)        ; 0 (0)             ; 0 (0)            ; |cam_proj_top|TOP:neiroset|RAM:memory|altsyncram:mem_t_rtl_0                                                                                                ; work         ;
;             |altsyncram_e2e1:auto_generated|      ; 0 (0)       ; 0 (0)                     ; 0 (0)         ; 68992       ; 11   ; 0            ; 0       ; 0         ; 0    ; 0            ; 0 (0)        ; 0 (0)             ; 0 (0)            ; |cam_proj_top|TOP:neiroset|RAM:memory|altsyncram:mem_t_rtl_0|altsyncram_e2e1:auto_generated                                                                 ; work         ;
;          |altsyncram:weight_rtl_0|                ; 0 (0)       ; 0 (0)                     ; 0 (0)         ; 25443       ; 6    ; 0            ; 0       ; 0         ; 0    ; 0            ; 0 (0)        ; 0 (0)             ; 0 (0)            ; |cam_proj_top|TOP:neiroset|RAM:memory|altsyncram:weight_rtl_0                                                                                               ; work         ;
;             |altsyncram_otd1:auto_generated|      ; 0 (0)       ; 0 (0)                     ; 0 (0)         ; 25443       ; 6    ; 0            ; 0       ; 0         ; 0    ; 0            ; 0 (0)        ; 0 (0)             ; 0 (0)            ; |cam_proj_top|TOP:neiroset|RAM:memory|altsyncram:weight_rtl_0|altsyncram_otd1:auto_generated                                                                ; work         ;
;       |border:border|                             ; 783 (695)   ; 2 (2)                     ; 0 (0)         ; 0           ; 0    ; 0            ; 0       ; 0         ; 0    ; 0            ; 780 (692)    ; 0 (0)             ; 3 (3)            ; |cam_proj_top|TOP:neiroset|border:border                                                                                                                    ; work         ;
;          |lpm_mult:Mult0|                         ; 16 (0)      ; 0 (0)                     ; 0 (0)         ; 0           ; 0    ; 0            ; 0       ; 0         ; 0    ; 0            ; 16 (0)       ; 0 (0)             ; 0 (0)            ; |cam_proj_top|TOP:neiroset|border:border|lpm_mult:Mult0                                                                                                     ; work         ;
;             |multcore:mult_core|                  ; 16 (11)     ; 0 (0)                     ; 0 (0)         ; 0           ; 0    ; 0            ; 0       ; 0         ; 0    ; 0            ; 16 (11)      ; 0 (0)             ; 0 (0)            ; |cam_proj_top|TOP:neiroset|border:border|lpm_mult:Mult0|multcore:mult_core                                                                                  ; work         ;
;                |mpar_add:padder|                  ; 5 (0)       ; 0 (0)                     ; 0 (0)         ; 0           ; 0    ; 0            ; 0       ; 0         ; 0    ; 0            ; 5 (0)        ; 0 (0)             ; 0 (0)            ; |cam_proj_top|TOP:neiroset|border:border|lpm_mult:Mult0|multcore:mult_core|mpar_add:padder                                                                  ; work         ;
;                   |lpm_add_sub:adder[0]|          ; 5 (0)       ; 0 (0)                     ; 0 (0)         ; 0           ; 0    ; 0            ; 0       ; 0         ; 0    ; 0            ; 5 (0)        ; 0 (0)             ; 0 (0)            ; |cam_proj_top|TOP:neiroset|border:border|lpm_mult:Mult0|multcore:mult_core|mpar_add:padder|lpm_add_sub:adder[0]                                             ; work         ;
;                      |add_sub_afh:auto_generated| ; 5 (5)       ; 0 (0)                     ; 0 (0)         ; 0           ; 0    ; 0            ; 0       ; 0         ; 0    ; 0            ; 5 (5)        ; 0 (0)             ; 0 (0)            ; |cam_proj_top|TOP:neiroset|border:border|lpm_mult:Mult0|multcore:mult_core|mpar_add:padder|lpm_add_sub:adder[0]|add_sub_afh:auto_generated                  ; work         ;
;          |lpm_mult:Mult1|                         ; 7 (0)       ; 0 (0)                     ; 0 (0)         ; 0           ; 0    ; 0            ; 0       ; 0         ; 0    ; 0            ; 7 (0)        ; 0 (0)             ; 0 (0)            ; |cam_proj_top|TOP:neiroset|border:border|lpm_mult:Mult1                                                                                                     ; work         ;
;             |multcore:mult_core|                  ; 7 (2)       ; 0 (0)                     ; 0 (0)         ; 0           ; 0    ; 0            ; 0       ; 0         ; 0    ; 0            ; 7 (2)        ; 0 (0)             ; 0 (0)            ; |cam_proj_top|TOP:neiroset|border:border|lpm_mult:Mult1|multcore:mult_core                                                                                  ; work         ;
;                |mpar_add:padder|                  ; 5 (0)       ; 0 (0)                     ; 0 (0)         ; 0           ; 0    ; 0            ; 0       ; 0         ; 0    ; 0            ; 5 (0)        ; 0 (0)             ; 0 (0)            ; |cam_proj_top|TOP:neiroset|border:border|lpm_mult:Mult1|multcore:mult_core|mpar_add:padder                                                                  ; work         ;
;                   |lpm_add_sub:adder[0]|          ; 5 (0)       ; 0 (0)                     ; 0 (0)         ; 0           ; 0    ; 0            ; 0       ; 0         ; 0    ; 0            ; 5 (0)        ; 0 (0)             ; 0 (0)            ; |cam_proj_top|TOP:neiroset|border:border|lpm_mult:Mult1|multcore:mult_core|mpar_add:padder|lpm_add_sub:adder[0]                                             ; work         ;
;                      |add_sub_afh:auto_generated| ; 5 (5)       ; 0 (0)                     ; 0 (0)         ; 0           ; 0    ; 0            ; 0       ; 0         ; 0    ; 0            ; 5 (5)        ; 0 (0)             ; 0 (0)            ; |cam_proj_top|TOP:neiroset|border:border|lpm_mult:Mult1|multcore:mult_core|mpar_add:padder|lpm_add_sub:adder[0]|add_sub_afh:auto_generated                  ; work         ;
;          |lpm_mult:Mult2|                         ; 11 (0)      ; 0 (0)                     ; 0 (0)         ; 0           ; 0    ; 0            ; 0       ; 0         ; 0    ; 0            ; 11 (0)       ; 0 (0)             ; 0 (0)            ; |cam_proj_top|TOP:neiroset|border:border|lpm_mult:Mult2                                                                                                     ; work         ;
;             |multcore:mult_core|                  ; 11 (5)      ; 0 (0)                     ; 0 (0)         ; 0           ; 0    ; 0            ; 0       ; 0         ; 0    ; 0            ; 11 (5)       ; 0 (0)             ; 0 (0)            ; |cam_proj_top|TOP:neiroset|border:border|lpm_mult:Mult2|multcore:mult_core                                                                                  ; work         ;
;                |mpar_add:padder|                  ; 6 (0)       ; 0 (0)                     ; 0 (0)         ; 0           ; 0    ; 0            ; 0       ; 0         ; 0    ; 0            ; 6 (0)        ; 0 (0)             ; 0 (0)            ; |cam_proj_top|TOP:neiroset|border:border|lpm_mult:Mult2|multcore:mult_core|mpar_add:padder                                                                  ; work         ;
;                   |lpm_add_sub:adder[0]|          ; 6 (0)       ; 0 (0)                     ; 0 (0)         ; 0           ; 0    ; 0            ; 0       ; 0         ; 0    ; 0            ; 6 (0)        ; 0 (0)             ; 0 (0)            ; |cam_proj_top|TOP:neiroset|border:border|lpm_mult:Mult2|multcore:mult_core|mpar_add:padder|lpm_add_sub:adder[0]                                             ; work         ;
;                      |add_sub_bfh:auto_generated| ; 6 (6)       ; 0 (0)                     ; 0 (0)         ; 0           ; 0    ; 0            ; 0       ; 0         ; 0    ; 0            ; 6 (6)        ; 0 (0)             ; 0 (0)            ; |cam_proj_top|TOP:neiroset|border:border|lpm_mult:Mult2|multcore:mult_core|mpar_add:padder|lpm_add_sub:adder[0]|add_sub_bfh:auto_generated                  ; work         ;
;          |lpm_mult:Mult3|                         ; 9 (0)       ; 0 (0)                     ; 0 (0)         ; 0           ; 0    ; 0            ; 0       ; 0         ; 0    ; 0            ; 9 (0)        ; 0 (0)             ; 0 (0)            ; |cam_proj_top|TOP:neiroset|border:border|lpm_mult:Mult3                                                                                                     ; work         ;
;             |multcore:mult_core|                  ; 9 (3)       ; 0 (0)                     ; 0 (0)         ; 0           ; 0    ; 0            ; 0       ; 0         ; 0    ; 0            ; 9 (3)        ; 0 (0)             ; 0 (0)            ; |cam_proj_top|TOP:neiroset|border:border|lpm_mult:Mult3|multcore:mult_core                                                                                  ; work         ;
;                |mpar_add:padder|                  ; 6 (0)       ; 0 (0)                     ; 0 (0)         ; 0           ; 0    ; 0            ; 0       ; 0         ; 0    ; 0            ; 6 (0)        ; 0 (0)             ; 0 (0)            ; |cam_proj_top|TOP:neiroset|border:border|lpm_mult:Mult3|multcore:mult_core|mpar_add:padder                                                                  ; work         ;
;                   |lpm_add_sub:adder[0]|          ; 6 (0)       ; 0 (0)                     ; 0 (0)         ; 0           ; 0    ; 0            ; 0       ; 0         ; 0    ; 0            ; 6 (0)        ; 0 (0)             ; 0 (0)            ; |cam_proj_top|TOP:neiroset|border:border|lpm_mult:Mult3|multcore:mult_core|mpar_add:padder|lpm_add_sub:adder[0]                                             ; work         ;
;                      |add_sub_bfh:auto_generated| ; 6 (6)       ; 0 (0)                     ; 0 (0)         ; 0           ; 0    ; 0            ; 0       ; 0         ; 0    ; 0            ; 6 (6)        ; 0 (0)             ; 0 (0)            ; |cam_proj_top|TOP:neiroset|border:border|lpm_mult:Mult3|multcore:mult_core|mpar_add:padder|lpm_add_sub:adder[0]|add_sub_bfh:auto_generated                  ; work         ;
;          |lpm_mult:Mult4|                         ; 5 (0)       ; 0 (0)                     ; 0 (0)         ; 0           ; 0    ; 0            ; 0       ; 0         ; 0    ; 0            ; 5 (0)        ; 0 (0)             ; 0 (0)            ; |cam_proj_top|TOP:neiroset|border:border|lpm_mult:Mult4                                                                                                     ; work         ;
;             |multcore:mult_core|                  ; 5 (0)       ; 0 (0)                     ; 0 (0)         ; 0           ; 0    ; 0            ; 0       ; 0         ; 0    ; 0            ; 5 (0)        ; 0 (0)             ; 0 (0)            ; |cam_proj_top|TOP:neiroset|border:border|lpm_mult:Mult4|multcore:mult_core                                                                                  ; work         ;
;                |mpar_add:padder|                  ; 5 (0)       ; 0 (0)                     ; 0 (0)         ; 0           ; 0    ; 0            ; 0       ; 0         ; 0    ; 0            ; 5 (0)        ; 0 (0)             ; 0 (0)            ; |cam_proj_top|TOP:neiroset|border:border|lpm_mult:Mult4|multcore:mult_core|mpar_add:padder                                                                  ; work         ;
;                   |lpm_add_sub:adder[0]|          ; 5 (0)       ; 0 (0)                     ; 0 (0)         ; 0           ; 0    ; 0            ; 0       ; 0         ; 0    ; 0            ; 5 (0)        ; 0 (0)             ; 0 (0)            ; |cam_proj_top|TOP:neiroset|border:border|lpm_mult:Mult4|multcore:mult_core|mpar_add:padder|lpm_add_sub:adder[0]                                             ; work         ;
;                      |add_sub_bfh:auto_generated| ; 5 (5)       ; 0 (0)                     ; 0 (0)         ; 0           ; 0    ; 0            ; 0       ; 0         ; 0    ; 0            ; 5 (5)        ; 0 (0)             ; 0 (0)            ; |cam_proj_top|TOP:neiroset|border:border|lpm_mult:Mult4|multcore:mult_core|mpar_add:padder|lpm_add_sub:adder[0]|add_sub_bfh:auto_generated                  ; work         ;
;          |lpm_mult:Mult5|                         ; 9 (0)       ; 0 (0)                     ; 0 (0)         ; 0           ; 0    ; 0            ; 0       ; 0         ; 0    ; 0            ; 9 (0)        ; 0 (0)             ; 0 (0)            ; |cam_proj_top|TOP:neiroset|border:border|lpm_mult:Mult5                                                                                                     ; work         ;
;             |multcore:mult_core|                  ; 9 (3)       ; 0 (0)                     ; 0 (0)         ; 0           ; 0    ; 0            ; 0       ; 0         ; 0    ; 0            ; 9 (3)        ; 0 (0)             ; 0 (0)            ; |cam_proj_top|TOP:neiroset|border:border|lpm_mult:Mult5|multcore:mult_core                                                                                  ; work         ;
;                |mpar_add:padder|                  ; 6 (0)       ; 0 (0)                     ; 0 (0)         ; 0           ; 0    ; 0            ; 0       ; 0         ; 0    ; 0            ; 6 (0)        ; 0 (0)             ; 0 (0)            ; |cam_proj_top|TOP:neiroset|border:border|lpm_mult:Mult5|multcore:mult_core|mpar_add:padder                                                                  ; work         ;
;                   |lpm_add_sub:adder[0]|          ; 6 (0)       ; 0 (0)                     ; 0 (0)         ; 0           ; 0    ; 0            ; 0       ; 0         ; 0    ; 0            ; 6 (0)        ; 0 (0)             ; 0 (0)            ; |cam_proj_top|TOP:neiroset|border:border|lpm_mult:Mult5|multcore:mult_core|mpar_add:padder|lpm_add_sub:adder[0]                                             ; work         ;
;                      |add_sub_bfh:auto_generated| ; 6 (6)       ; 0 (0)                     ; 0 (0)         ; 0           ; 0    ; 0            ; 0       ; 0         ; 0    ; 0            ; 6 (6)        ; 0 (0)             ; 0 (0)            ; |cam_proj_top|TOP:neiroset|border:border|lpm_mult:Mult5|multcore:mult_core|mpar_add:padder|lpm_add_sub:adder[0]|add_sub_bfh:auto_generated                  ; work         ;
;          |lpm_mult:Mult6|                         ; 10 (0)      ; 0 (0)                     ; 0 (0)         ; 0           ; 0    ; 0            ; 0       ; 0         ; 0    ; 0            ; 10 (0)       ; 0 (0)             ; 0 (0)            ; |cam_proj_top|TOP:neiroset|border:border|lpm_mult:Mult6                                                                                                     ; work         ;
;             |multcore:mult_core|                  ; 10 (4)      ; 0 (0)                     ; 0 (0)         ; 0           ; 0    ; 0            ; 0       ; 0         ; 0    ; 0            ; 10 (4)       ; 0 (0)             ; 0 (0)            ; |cam_proj_top|TOP:neiroset|border:border|lpm_mult:Mult6|multcore:mult_core                                                                                  ; work         ;
;                |mpar_add:padder|                  ; 6 (0)       ; 0 (0)                     ; 0 (0)         ; 0           ; 0    ; 0            ; 0       ; 0         ; 0    ; 0            ; 6 (0)        ; 0 (0)             ; 0 (0)            ; |cam_proj_top|TOP:neiroset|border:border|lpm_mult:Mult6|multcore:mult_core|mpar_add:padder                                                                  ; work         ;
;                   |lpm_add_sub:adder[0]|          ; 6 (0)       ; 0 (0)                     ; 0 (0)         ; 0           ; 0    ; 0            ; 0       ; 0         ; 0    ; 0            ; 6 (0)        ; 0 (0)             ; 0 (0)            ; |cam_proj_top|TOP:neiroset|border:border|lpm_mult:Mult6|multcore:mult_core|mpar_add:padder|lpm_add_sub:adder[0]                                             ; work         ;
;                      |add_sub_bfh:auto_generated| ; 6 (6)       ; 0 (0)                     ; 0 (0)         ; 0           ; 0    ; 0            ; 0       ; 0         ; 0    ; 0            ; 6 (6)        ; 0 (0)             ; 0 (0)            ; |cam_proj_top|TOP:neiroset|border:border|lpm_mult:Mult6|multcore:mult_core|mpar_add:padder|lpm_add_sub:adder[0]|add_sub_bfh:auto_generated                  ; work         ;
;          |lpm_mult:Mult7|                         ; 5 (0)       ; 0 (0)                     ; 0 (0)         ; 0           ; 0    ; 0            ; 0       ; 0         ; 0    ; 0            ; 5 (0)        ; 0 (0)             ; 0 (0)            ; |cam_proj_top|TOP:neiroset|border:border|lpm_mult:Mult7                                                                                                     ; work         ;
;             |multcore:mult_core|                  ; 5 (0)       ; 0 (0)                     ; 0 (0)         ; 0           ; 0    ; 0            ; 0       ; 0         ; 0    ; 0            ; 5 (0)        ; 0 (0)             ; 0 (0)            ; |cam_proj_top|TOP:neiroset|border:border|lpm_mult:Mult7|multcore:mult_core                                                                                  ; work         ;
;                |mpar_add:padder|                  ; 5 (0)       ; 0 (0)                     ; 0 (0)         ; 0           ; 0    ; 0            ; 0       ; 0         ; 0    ; 0            ; 5 (0)        ; 0 (0)             ; 0 (0)            ; |cam_proj_top|TOP:neiroset|border:border|lpm_mult:Mult7|multcore:mult_core|mpar_add:padder                                                                  ; work         ;
;                   |lpm_add_sub:adder[0]|          ; 5 (0)       ; 0 (0)                     ; 0 (0)         ; 0           ; 0    ; 0            ; 0       ; 0         ; 0    ; 0            ; 5 (0)        ; 0 (0)             ; 0 (0)            ; |cam_proj_top|TOP:neiroset|border:border|lpm_mult:Mult7|multcore:mult_core|mpar_add:padder|lpm_add_sub:adder[0]                                             ; work         ;
;                      |add_sub_bfh:auto_generated| ; 5 (5)       ; 0 (0)                     ; 0 (0)         ; 0           ; 0    ; 0            ; 0       ; 0         ; 0    ; 0            ; 5 (5)        ; 0 (0)             ; 0 (0)            ; |cam_proj_top|TOP:neiroset|border:border|lpm_mult:Mult7|multcore:mult_core|mpar_add:padder|lpm_add_sub:adder[0]|add_sub_bfh:auto_generated                  ; work         ;
;          |lpm_mult:Mult8|                         ; 8 (0)       ; 0 (0)                     ; 0 (0)         ; 0           ; 0    ; 0            ; 0       ; 0         ; 0    ; 0            ; 8 (0)        ; 0 (0)             ; 0 (0)            ; |cam_proj_top|TOP:neiroset|border:border|lpm_mult:Mult8                                                                                                     ; work         ;
;             |multcore:mult_core|                  ; 8 (2)       ; 0 (0)                     ; 0 (0)         ; 0           ; 0    ; 0            ; 0       ; 0         ; 0    ; 0            ; 8 (2)        ; 0 (0)             ; 0 (0)            ; |cam_proj_top|TOP:neiroset|border:border|lpm_mult:Mult8|multcore:mult_core                                                                                  ; work         ;
;                |mpar_add:padder|                  ; 6 (0)       ; 0 (0)                     ; 0 (0)         ; 0           ; 0    ; 0            ; 0       ; 0         ; 0    ; 0            ; 6 (0)        ; 0 (0)             ; 0 (0)            ; |cam_proj_top|TOP:neiroset|border:border|lpm_mult:Mult8|multcore:mult_core|mpar_add:padder                                                                  ; work         ;
;                   |lpm_add_sub:adder[0]|          ; 6 (0)       ; 0 (0)                     ; 0 (0)         ; 0           ; 0    ; 0            ; 0       ; 0         ; 0    ; 0            ; 6 (0)        ; 0 (0)             ; 0 (0)            ; |cam_proj_top|TOP:neiroset|border:border|lpm_mult:Mult8|multcore:mult_core|mpar_add:padder|lpm_add_sub:adder[0]                                             ; work         ;
;                      |add_sub_bfh:auto_generated| ; 6 (6)       ; 0 (0)                     ; 0 (0)         ; 0           ; 0    ; 0            ; 0       ; 0         ; 0    ; 0            ; 6 (6)        ; 0 (0)             ; 0 (0)            ; |cam_proj_top|TOP:neiroset|border:border|lpm_mult:Mult8|multcore:mult_core|mpar_add:padder|lpm_add_sub:adder[0]|add_sub_bfh:auto_generated                  ; work         ;
;          |lpm_mult:Mult9|                         ; 8 (0)       ; 0 (0)                     ; 0 (0)         ; 0           ; 0    ; 0            ; 0       ; 0         ; 0    ; 0            ; 8 (0)        ; 0 (0)             ; 0 (0)            ; |cam_proj_top|TOP:neiroset|border:border|lpm_mult:Mult9                                                                                                     ; work         ;
;             |multcore:mult_core|                  ; 8 (2)       ; 0 (0)                     ; 0 (0)         ; 0           ; 0    ; 0            ; 0       ; 0         ; 0    ; 0            ; 8 (2)        ; 0 (0)             ; 0 (0)            ; |cam_proj_top|TOP:neiroset|border:border|lpm_mult:Mult9|multcore:mult_core                                                                                  ; work         ;
;                |mpar_add:padder|                  ; 6 (0)       ; 0 (0)                     ; 0 (0)         ; 0           ; 0    ; 0            ; 0       ; 0         ; 0    ; 0            ; 6 (0)        ; 0 (0)             ; 0 (0)            ; |cam_proj_top|TOP:neiroset|border:border|lpm_mult:Mult9|multcore:mult_core|mpar_add:padder                                                                  ; work         ;
;                   |lpm_add_sub:adder[0]|          ; 6 (0)       ; 0 (0)                     ; 0 (0)         ; 0           ; 0    ; 0            ; 0       ; 0         ; 0    ; 0            ; 6 (0)        ; 0 (0)             ; 0 (0)            ; |cam_proj_top|TOP:neiroset|border:border|lpm_mult:Mult9|multcore:mult_core|mpar_add:padder|lpm_add_sub:adder[0]                                             ; work         ;
;                      |add_sub_bfh:auto_generated| ; 6 (6)       ; 0 (0)                     ; 0 (0)         ; 0           ; 0    ; 0            ; 0       ; 0         ; 0    ; 0            ; 6 (6)        ; 0 (0)             ; 0 (0)            ; |cam_proj_top|TOP:neiroset|border:border|lpm_mult:Mult9|multcore:mult_core|mpar_add:padder|lpm_add_sub:adder[0]|add_sub_bfh:auto_generated                  ; work         ;
;       |conv:conv1|                                ; 344 (344)   ; 21 (21)                   ; 0 (0)         ; 0           ; 0    ; 18           ; 0       ; 9         ; 0    ; 0            ; 314 (314)    ; 0 (0)             ; 30 (30)          ; |cam_proj_top|TOP:neiroset|conv:conv1                                                                                                                       ; work         ;
;          |lpm_mult:Mult0|                         ; 0 (0)       ; 0 (0)                     ; 0 (0)         ; 0           ; 0    ; 2            ; 0       ; 1         ; 0    ; 0            ; 0 (0)        ; 0 (0)             ; 0 (0)            ; |cam_proj_top|TOP:neiroset|conv:conv1|lpm_mult:Mult0                                                                                                        ; work         ;
;             |mult_p5t:auto_generated|             ; 0 (0)       ; 0 (0)                     ; 0 (0)         ; 0           ; 0    ; 2            ; 0       ; 1         ; 0    ; 0            ; 0 (0)        ; 0 (0)             ; 0 (0)            ; |cam_proj_top|TOP:neiroset|conv:conv1|lpm_mult:Mult0|mult_p5t:auto_generated                                                                                ; work         ;
;          |lpm_mult:Mult1|                         ; 0 (0)       ; 0 (0)                     ; 0 (0)         ; 0           ; 0    ; 2            ; 0       ; 1         ; 0    ; 0            ; 0 (0)        ; 0 (0)             ; 0 (0)            ; |cam_proj_top|TOP:neiroset|conv:conv1|lpm_mult:Mult1                                                                                                        ; work         ;
;             |mult_p5t:auto_generated|             ; 0 (0)       ; 0 (0)                     ; 0 (0)         ; 0           ; 0    ; 2            ; 0       ; 1         ; 0    ; 0            ; 0 (0)        ; 0 (0)             ; 0 (0)            ; |cam_proj_top|TOP:neiroset|conv:conv1|lpm_mult:Mult1|mult_p5t:auto_generated                                                                                ; work         ;
;          |lpm_mult:Mult2|                         ; 0 (0)       ; 0 (0)                     ; 0 (0)         ; 0           ; 0    ; 2            ; 0       ; 1         ; 0    ; 0            ; 0 (0)        ; 0 (0)             ; 0 (0)            ; |cam_proj_top|TOP:neiroset|conv:conv1|lpm_mult:Mult2                                                                                                        ; work         ;
;             |mult_p5t:auto_generated|             ; 0 (0)       ; 0 (0)                     ; 0 (0)         ; 0           ; 0    ; 2            ; 0       ; 1         ; 0    ; 0            ; 0 (0)        ; 0 (0)             ; 0 (0)            ; |cam_proj_top|TOP:neiroset|conv:conv1|lpm_mult:Mult2|mult_p5t:auto_generated                                                                                ; work         ;
;          |lpm_mult:Mult3|                         ; 0 (0)       ; 0 (0)                     ; 0 (0)         ; 0           ; 0    ; 2            ; 0       ; 1         ; 0    ; 0            ; 0 (0)        ; 0 (0)             ; 0 (0)            ; |cam_proj_top|TOP:neiroset|conv:conv1|lpm_mult:Mult3                                                                                                        ; work         ;
;             |mult_p5t:auto_generated|             ; 0 (0)       ; 0 (0)                     ; 0 (0)         ; 0           ; 0    ; 2            ; 0       ; 1         ; 0    ; 0            ; 0 (0)        ; 0 (0)             ; 0 (0)            ; |cam_proj_top|TOP:neiroset|conv:conv1|lpm_mult:Mult3|mult_p5t:auto_generated                                                                                ; work         ;
;          |lpm_mult:Mult4|                         ; 0 (0)       ; 0 (0)                     ; 0 (0)         ; 0           ; 0    ; 2            ; 0       ; 1         ; 0    ; 0            ; 0 (0)        ; 0 (0)             ; 0 (0)            ; |cam_proj_top|TOP:neiroset|conv:conv1|lpm_mult:Mult4                                                                                                        ; work         ;
;             |mult_p5t:auto_generated|             ; 0 (0)       ; 0 (0)                     ; 0 (0)         ; 0           ; 0    ; 2            ; 0       ; 1         ; 0    ; 0            ; 0 (0)        ; 0 (0)             ; 0 (0)            ; |cam_proj_top|TOP:neiroset|conv:conv1|lpm_mult:Mult4|mult_p5t:auto_generated                                                                                ; work         ;
;          |lpm_mult:Mult5|                         ; 0 (0)       ; 0 (0)                     ; 0 (0)         ; 0           ; 0    ; 2            ; 0       ; 1         ; 0    ; 0            ; 0 (0)        ; 0 (0)             ; 0 (0)            ; |cam_proj_top|TOP:neiroset|conv:conv1|lpm_mult:Mult5                                                                                                        ; work         ;
;             |mult_p5t:auto_generated|             ; 0 (0)       ; 0 (0)                     ; 0 (0)         ; 0           ; 0    ; 2            ; 0       ; 1         ; 0    ; 0            ; 0 (0)        ; 0 (0)             ; 0 (0)            ; |cam_proj_top|TOP:neiroset|conv:conv1|lpm_mult:Mult5|mult_p5t:auto_generated                                                                                ; work         ;
;          |lpm_mult:Mult6|                         ; 0 (0)       ; 0 (0)                     ; 0 (0)         ; 0           ; 0    ; 2            ; 0       ; 1         ; 0    ; 0            ; 0 (0)        ; 0 (0)             ; 0 (0)            ; |cam_proj_top|TOP:neiroset|conv:conv1|lpm_mult:Mult6                                                                                                        ; work         ;
;             |mult_p5t:auto_generated|             ; 0 (0)       ; 0 (0)                     ; 0 (0)         ; 0           ; 0    ; 2            ; 0       ; 1         ; 0    ; 0            ; 0 (0)        ; 0 (0)             ; 0 (0)            ; |cam_proj_top|TOP:neiroset|conv:conv1|lpm_mult:Mult6|mult_p5t:auto_generated                                                                                ; work         ;
;          |lpm_mult:Mult7|                         ; 0 (0)       ; 0 (0)                     ; 0 (0)         ; 0           ; 0    ; 2            ; 0       ; 1         ; 0    ; 0            ; 0 (0)        ; 0 (0)             ; 0 (0)            ; |cam_proj_top|TOP:neiroset|conv:conv1|lpm_mult:Mult7                                                                                                        ; work         ;
;             |mult_p5t:auto_generated|             ; 0 (0)       ; 0 (0)                     ; 0 (0)         ; 0           ; 0    ; 2            ; 0       ; 1         ; 0    ; 0            ; 0 (0)        ; 0 (0)             ; 0 (0)            ; |cam_proj_top|TOP:neiroset|conv:conv1|lpm_mult:Mult7|mult_p5t:auto_generated                                                                                ; work         ;
;          |lpm_mult:Mult8|                         ; 0 (0)       ; 0 (0)                     ; 0 (0)         ; 0           ; 0    ; 2            ; 0       ; 1         ; 0    ; 0            ; 0 (0)        ; 0 (0)             ; 0 (0)            ; |cam_proj_top|TOP:neiroset|conv:conv1|lpm_mult:Mult8                                                                                                        ; work         ;
;             |mult_p5t:auto_generated|             ; 0 (0)       ; 0 (0)                     ; 0 (0)         ; 0           ; 0    ; 2            ; 0       ; 1         ; 0    ; 0            ; 0 (0)        ; 0 (0)             ; 0 (0)            ; |cam_proj_top|TOP:neiroset|conv:conv1|lpm_mult:Mult8|mult_p5t:auto_generated                                                                                ; work         ;
;       |conv_TOP:conv|                             ; 720 (657)   ; 409 (409)                 ; 0 (0)         ; 0           ; 0    ; 2            ; 0       ; 1         ; 0    ; 0            ; 310 (247)    ; 264 (264)         ; 146 (146)        ; |cam_proj_top|TOP:neiroset|conv_TOP:conv                                                                                                                    ; work         ;
;          |lpm_mult:Mult0|                         ; 29 (0)      ; 0 (0)                     ; 0 (0)         ; 0           ; 0    ; 0            ; 0       ; 0         ; 0    ; 0            ; 29 (0)       ; 0 (0)             ; 0 (0)            ; |cam_proj_top|TOP:neiroset|conv_TOP:conv|lpm_mult:Mult0                                                                                                     ; work         ;
;             |multcore:mult_core|                  ; 29 (18)     ; 0 (0)                     ; 0 (0)         ; 0           ; 0    ; 0            ; 0       ; 0         ; 0    ; 0            ; 29 (18)      ; 0 (0)             ; 0 (0)            ; |cam_proj_top|TOP:neiroset|conv_TOP:conv|lpm_mult:Mult0|multcore:mult_core                                                                                  ; work         ;
;                |mpar_add:padder|                  ; 11 (0)      ; 0 (0)                     ; 0 (0)         ; 0           ; 0    ; 0            ; 0       ; 0         ; 0    ; 0            ; 11 (0)       ; 0 (0)             ; 0 (0)            ; |cam_proj_top|TOP:neiroset|conv_TOP:conv|lpm_mult:Mult0|multcore:mult_core|mpar_add:padder                                                                  ; work         ;
;                   |lpm_add_sub:adder[0]|          ; 11 (0)      ; 0 (0)                     ; 0 (0)         ; 0           ; 0    ; 0            ; 0       ; 0         ; 0    ; 0            ; 11 (0)       ; 0 (0)             ; 0 (0)            ; |cam_proj_top|TOP:neiroset|conv_TOP:conv|lpm_mult:Mult0|multcore:mult_core|mpar_add:padder|lpm_add_sub:adder[0]                                             ; work         ;
;                      |add_sub_0dh:auto_generated| ; 11 (11)     ; 0 (0)                     ; 0 (0)         ; 0           ; 0    ; 0            ; 0       ; 0         ; 0    ; 0            ; 11 (11)      ; 0 (0)             ; 0 (0)            ; |cam_proj_top|TOP:neiroset|conv_TOP:conv|lpm_mult:Mult0|multcore:mult_core|mpar_add:padder|lpm_add_sub:adder[0]|add_sub_0dh:auto_generated                  ; work         ;
;          |lpm_mult:Mult1|                         ; 0 (0)       ; 0 (0)                     ; 0 (0)         ; 0           ; 0    ; 2            ; 0       ; 1         ; 0    ; 0            ; 0 (0)        ; 0 (0)             ; 0 (0)            ; |cam_proj_top|TOP:neiroset|conv_TOP:conv|lpm_mult:Mult1                                                                                                     ; work         ;
;             |mult_gbt:auto_generated|             ; 0 (0)       ; 0 (0)                     ; 0 (0)         ; 0           ; 0    ; 2            ; 0       ; 1         ; 0    ; 0            ; 0 (0)        ; 0 (0)             ; 0 (0)            ; |cam_proj_top|TOP:neiroset|conv_TOP:conv|lpm_mult:Mult1|mult_gbt:auto_generated                                                                             ; work         ;
;          |lpm_mult:Mult2|                         ; 34 (0)      ; 0 (0)                     ; 0 (0)         ; 0           ; 0    ; 0            ; 0       ; 0         ; 0    ; 0            ; 34 (0)       ; 0 (0)             ; 0 (0)            ; |cam_proj_top|TOP:neiroset|conv_TOP:conv|lpm_mult:Mult2                                                                                                     ; work         ;
;             |multcore:mult_core|                  ; 34 (23)     ; 0 (0)                     ; 0 (0)         ; 0           ; 0    ; 0            ; 0       ; 0         ; 0    ; 0            ; 34 (23)      ; 0 (0)             ; 0 (0)            ; |cam_proj_top|TOP:neiroset|conv_TOP:conv|lpm_mult:Mult2|multcore:mult_core                                                                                  ; work         ;
;                |mpar_add:padder|                  ; 11 (0)      ; 0 (0)                     ; 0 (0)         ; 0           ; 0    ; 0            ; 0       ; 0         ; 0    ; 0            ; 11 (0)       ; 0 (0)             ; 0 (0)            ; |cam_proj_top|TOP:neiroset|conv_TOP:conv|lpm_mult:Mult2|multcore:mult_core|mpar_add:padder                                                                  ; work         ;
;                   |lpm_add_sub:adder[0]|          ; 11 (0)      ; 0 (0)                     ; 0 (0)         ; 0           ; 0    ; 0            ; 0       ; 0         ; 0    ; 0            ; 11 (0)       ; 0 (0)             ; 0 (0)            ; |cam_proj_top|TOP:neiroset|conv_TOP:conv|lpm_mult:Mult2|multcore:mult_core|mpar_add:padder|lpm_add_sub:adder[0]                                             ; work         ;
;                      |add_sub_2dh:auto_generated| ; 11 (11)     ; 0 (0)                     ; 0 (0)         ; 0           ; 0    ; 0            ; 0       ; 0         ; 0    ; 0            ; 11 (11)      ; 0 (0)             ; 0 (0)            ; |cam_proj_top|TOP:neiroset|conv_TOP:conv|lpm_mult:Mult2|multcore:mult_core|mpar_add:padder|lpm_add_sub:adder[0]|add_sub_2dh:auto_generated                  ; work         ;
;       |database:database|                         ; 0 (0)       ; 0 (0)                     ; 0 (0)         ; 60060       ; 11   ; 0            ; 0       ; 0         ; 0    ; 0            ; 0 (0)        ; 0 (0)             ; 0 (0)            ; |cam_proj_top|TOP:neiroset|database:database                                                                                                                ; work         ;
;          |altsyncram:storage_rtl_0|               ; 0 (0)       ; 0 (0)                     ; 0 (0)         ; 60060       ; 11   ; 0            ; 0       ; 0         ; 0    ; 0            ; 0 (0)        ; 0 (0)             ; 0 (0)            ; |cam_proj_top|TOP:neiroset|database:database|altsyncram:storage_rtl_0                                                                                       ; work         ;
;             |altsyncram_70j1:auto_generated|      ; 0 (0)       ; 0 (0)                     ; 0 (0)         ; 60060       ; 11   ; 0            ; 0       ; 0         ; 0    ; 0            ; 0 (0)        ; 0 (0)             ; 0 (0)            ; |cam_proj_top|TOP:neiroset|database:database|altsyncram:storage_rtl_0|altsyncram_70j1:auto_generated                                                        ; work         ;
;       |dense:dense|                               ; 393 (393)   ; 300 (300)                 ; 0 (0)         ; 0           ; 0    ; 0            ; 0       ; 0         ; 0    ; 0            ; 87 (87)      ; 4 (4)             ; 302 (302)        ; |cam_proj_top|TOP:neiroset|dense:dense                                                                                                                      ; work         ;
;       |lpm_mult:Mult0|                            ; 17 (0)      ; 0 (0)                     ; 0 (0)         ; 0           ; 0    ; 0            ; 0       ; 0         ; 0    ; 0            ; 17 (0)       ; 0 (0)             ; 0 (0)            ; |cam_proj_top|TOP:neiroset|lpm_mult:Mult0                                                                                                                   ; work         ;
;          |multcore:mult_core|                     ; 17 (8)      ; 0 (0)                     ; 0 (0)         ; 0           ; 0    ; 0            ; 0       ; 0         ; 0    ; 0            ; 17 (8)       ; 0 (0)             ; 0 (0)            ; |cam_proj_top|TOP:neiroset|lpm_mult:Mult0|multcore:mult_core                                                                                                ; work         ;
;             |mpar_add:padder|                     ; 9 (0)       ; 0 (0)                     ; 0 (0)         ; 0           ; 0    ; 0            ; 0       ; 0         ; 0    ; 0            ; 9 (0)        ; 0 (0)             ; 0 (0)            ; |cam_proj_top|TOP:neiroset|lpm_mult:Mult0|multcore:mult_core|mpar_add:padder                                                                                ; work         ;
;                |lpm_add_sub:adder[0]|             ; 9 (0)       ; 0 (0)                     ; 0 (0)         ; 0           ; 0    ; 0            ; 0       ; 0         ; 0    ; 0            ; 9 (0)        ; 0 (0)             ; 0 (0)            ; |cam_proj_top|TOP:neiroset|lpm_mult:Mult0|multcore:mult_core|mpar_add:padder|lpm_add_sub:adder[0]                                                           ; work         ;
;                   |add_sub_mbh:auto_generated|    ; 9 (9)       ; 0 (0)                     ; 0 (0)         ; 0           ; 0    ; 0            ; 0       ; 0         ; 0    ; 0            ; 9 (9)        ; 0 (0)             ; 0 (0)            ; |cam_proj_top|TOP:neiroset|lpm_mult:Mult0|multcore:mult_core|mpar_add:padder|lpm_add_sub:adder[0]|add_sub_mbh:auto_generated                                ; work         ;
;       |lpm_mult:Mult1|                            ; 14 (0)      ; 0 (0)                     ; 0 (0)         ; 0           ; 0    ; 0            ; 0       ; 0         ; 0    ; 0            ; 13 (0)       ; 0 (0)             ; 1 (0)            ; |cam_proj_top|TOP:neiroset|lpm_mult:Mult1                                                                                                                   ; work         ;
;          |multcore:mult_core|                     ; 14 (8)      ; 0 (0)                     ; 0 (0)         ; 0           ; 0    ; 0            ; 0       ; 0         ; 0    ; 0            ; 13 (7)       ; 0 (0)             ; 1 (1)            ; |cam_proj_top|TOP:neiroset|lpm_mult:Mult1|multcore:mult_core                                                                                                ; work         ;
;             |mpar_add:padder|                     ; 6 (0)       ; 0 (0)                     ; 0 (0)         ; 0           ; 0    ; 0            ; 0       ; 0         ; 0    ; 0            ; 6 (0)        ; 0 (0)             ; 0 (0)            ; |cam_proj_top|TOP:neiroset|lpm_mult:Mult1|multcore:mult_core|mpar_add:padder                                                                                ; work         ;
;                |lpm_add_sub:adder[0]|             ; 6 (0)       ; 0 (0)                     ; 0 (0)         ; 0           ; 0    ; 0            ; 0       ; 0         ; 0    ; 0            ; 6 (0)        ; 0 (0)             ; 0 (0)            ; |cam_proj_top|TOP:neiroset|lpm_mult:Mult1|multcore:mult_core|mpar_add:padder|lpm_add_sub:adder[0]                                                           ; work         ;
;                   |add_sub_kbh:auto_generated|    ; 6 (6)       ; 0 (0)                     ; 0 (0)         ; 0           ; 0    ; 0            ; 0       ; 0         ; 0    ; 0            ; 6 (6)        ; 0 (0)             ; 0 (0)            ; |cam_proj_top|TOP:neiroset|lpm_mult:Mult1|multcore:mult_core|mpar_add:padder|lpm_add_sub:adder[0]|add_sub_kbh:auto_generated                                ; work         ;
;       |lpm_mult:Mult2|                            ; 29 (0)      ; 0 (0)                     ; 0 (0)         ; 0           ; 0    ; 0            ; 0       ; 0         ; 0    ; 0            ; 26 (0)       ; 0 (0)             ; 3 (0)            ; |cam_proj_top|TOP:neiroset|lpm_mult:Mult2                                                                                                                   ; work         ;
;          |multcore:mult_core|                     ; 29 (18)     ; 0 (0)                     ; 0 (0)         ; 0           ; 0    ; 0            ; 0       ; 0         ; 0    ; 0            ; 26 (15)      ; 0 (0)             ; 3 (3)            ; |cam_proj_top|TOP:neiroset|lpm_mult:Mult2|multcore:mult_core                                                                                                ; work         ;
;             |mpar_add:padder|                     ; 11 (0)      ; 0 (0)                     ; 0 (0)         ; 0           ; 0    ; 0            ; 0       ; 0         ; 0    ; 0            ; 11 (0)       ; 0 (0)             ; 0 (0)            ; |cam_proj_top|TOP:neiroset|lpm_mult:Mult2|multcore:mult_core|mpar_add:padder                                                                                ; work         ;
;                |lpm_add_sub:adder[0]|             ; 11 (0)      ; 0 (0)                     ; 0 (0)         ; 0           ; 0    ; 0            ; 0       ; 0         ; 0    ; 0            ; 11 (0)       ; 0 (0)             ; 0 (0)            ; |cam_proj_top|TOP:neiroset|lpm_mult:Mult2|multcore:mult_core|mpar_add:padder|lpm_add_sub:adder[0]                                                           ; work         ;
;                   |add_sub_0dh:auto_generated|    ; 11 (11)     ; 0 (0)                     ; 0 (0)         ; 0           ; 0    ; 0            ; 0       ; 0         ; 0    ; 0            ; 11 (11)      ; 0 (0)             ; 0 (0)            ; |cam_proj_top|TOP:neiroset|lpm_mult:Mult2|multcore:mult_core|mpar_add:padder|lpm_add_sub:adder[0]|add_sub_0dh:auto_generated                                ; work         ;
;       |lpm_mult:Mult3|                            ; 28 (0)      ; 0 (0)                     ; 0 (0)         ; 0           ; 0    ; 0            ; 0       ; 0         ; 0    ; 0            ; 26 (0)       ; 0 (0)             ; 2 (0)            ; |cam_proj_top|TOP:neiroset|lpm_mult:Mult3                                                                                                                   ; work         ;
;          |multcore:mult_core|                     ; 28 (18)     ; 0 (0)                     ; 0 (0)         ; 0           ; 0    ; 0            ; 0       ; 0         ; 0    ; 0            ; 26 (16)      ; 0 (0)             ; 2 (2)            ; |cam_proj_top|TOP:neiroset|lpm_mult:Mult3|multcore:mult_core                                                                                                ; work         ;
;             |mpar_add:padder|                     ; 10 (0)      ; 0 (0)                     ; 0 (0)         ; 0           ; 0    ; 0            ; 0       ; 0         ; 0    ; 0            ; 10 (0)       ; 0 (0)             ; 0 (0)            ; |cam_proj_top|TOP:neiroset|lpm_mult:Mult3|multcore:mult_core|mpar_add:padder                                                                                ; work         ;
;                |lpm_add_sub:adder[0]|             ; 10 (0)      ; 0 (0)                     ; 0 (0)         ; 0           ; 0    ; 0            ; 0       ; 0         ; 0    ; 0            ; 10 (0)       ; 0 (0)             ; 0 (0)            ; |cam_proj_top|TOP:neiroset|lpm_mult:Mult3|multcore:mult_core|mpar_add:padder|lpm_add_sub:adder[0]                                                           ; work         ;
;                   |add_sub_0dh:auto_generated|    ; 10 (10)     ; 0 (0)                     ; 0 (0)         ; 0           ; 0    ; 0            ; 0       ; 0         ; 0    ; 0            ; 10 (10)      ; 0 (0)             ; 0 (0)            ; |cam_proj_top|TOP:neiroset|lpm_mult:Mult3|multcore:mult_core|mpar_add:padder|lpm_add_sub:adder[0]|add_sub_0dh:auto_generated                                ; work         ;
;       |lpm_mult:Mult4|                            ; 43 (0)      ; 0 (0)                     ; 0 (0)         ; 0           ; 0    ; 0            ; 0       ; 0         ; 0    ; 0            ; 43 (0)       ; 0 (0)             ; 0 (0)            ; |cam_proj_top|TOP:neiroset|lpm_mult:Mult4                                                                                                                   ; work         ;
;          |multcore:mult_core|                     ; 43 (16)     ; 0 (0)                     ; 0 (0)         ; 0           ; 0    ; 0            ; 0       ; 0         ; 0    ; 0            ; 43 (16)      ; 0 (0)             ; 0 (0)            ; |cam_proj_top|TOP:neiroset|lpm_mult:Mult4|multcore:mult_core                                                                                                ; work         ;
;             |mpar_add:padder|                     ; 27 (0)      ; 0 (0)                     ; 0 (0)         ; 0           ; 0    ; 0            ; 0       ; 0         ; 0    ; 0            ; 27 (0)       ; 0 (0)             ; 0 (0)            ; |cam_proj_top|TOP:neiroset|lpm_mult:Mult4|multcore:mult_core|mpar_add:padder                                                                                ; work         ;
;                |lpm_add_sub:adder[0]|             ; 27 (0)      ; 0 (0)                     ; 0 (0)         ; 0           ; 0    ; 0            ; 0       ; 0         ; 0    ; 0            ; 27 (0)       ; 0 (0)             ; 0 (0)            ; |cam_proj_top|TOP:neiroset|lpm_mult:Mult4|multcore:mult_core|mpar_add:padder|lpm_add_sub:adder[0]                                                           ; work         ;
;                   |add_sub_nbh:auto_generated|    ; 27 (27)     ; 0 (0)                     ; 0 (0)         ; 0           ; 0    ; 0            ; 0       ; 0         ; 0    ; 0            ; 27 (27)      ; 0 (0)             ; 0 (0)            ; |cam_proj_top|TOP:neiroset|lpm_mult:Mult4|multcore:mult_core|mpar_add:padder|lpm_add_sub:adder[0]|add_sub_nbh:auto_generated                                ; work         ;
;       |lpm_mult:Mult5|                            ; 0 (0)       ; 0 (0)                     ; 0 (0)         ; 0           ; 0    ; 2            ; 0       ; 1         ; 0    ; 0            ; 0 (0)        ; 0 (0)             ; 0 (0)            ; |cam_proj_top|TOP:neiroset|lpm_mult:Mult5                                                                                                                   ; work         ;
;          |mult_gbt:auto_generated|                ; 0 (0)       ; 0 (0)                     ; 0 (0)         ; 0           ; 0    ; 2            ; 0       ; 1         ; 0    ; 0            ; 0 (0)        ; 0 (0)             ; 0 (0)            ; |cam_proj_top|TOP:neiroset|lpm_mult:Mult5|mult_gbt:auto_generated                                                                                           ; work         ;
;       |lpm_mult:Mult6|                            ; 40 (0)      ; 0 (0)                     ; 0 (0)         ; 0           ; 0    ; 0            ; 0       ; 0         ; 0    ; 0            ; 39 (0)       ; 0 (0)             ; 1 (0)            ; |cam_proj_top|TOP:neiroset|lpm_mult:Mult6                                                                                                                   ; work         ;
;          |multcore:mult_core|                     ; 40 (18)     ; 0 (0)                     ; 0 (0)         ; 0           ; 0    ; 0            ; 0       ; 0         ; 0    ; 0            ; 39 (18)      ; 0 (0)             ; 1 (0)            ; |cam_proj_top|TOP:neiroset|lpm_mult:Mult6|multcore:mult_core                                                                                                ; work         ;
;             |mpar_add:padder|                     ; 22 (0)      ; 0 (0)                     ; 0 (0)         ; 0           ; 0    ; 0            ; 0       ; 0         ; 0    ; 0            ; 21 (0)       ; 0 (0)             ; 1 (0)            ; |cam_proj_top|TOP:neiroset|lpm_mult:Mult6|multcore:mult_core|mpar_add:padder                                                                                ; work         ;
;                |lpm_add_sub:adder[0]|             ; 22 (0)      ; 0 (0)                     ; 0 (0)         ; 0           ; 0    ; 0            ; 0       ; 0         ; 0    ; 0            ; 21 (0)       ; 0 (0)             ; 1 (0)            ; |cam_proj_top|TOP:neiroset|lpm_mult:Mult6|multcore:mult_core|mpar_add:padder|lpm_add_sub:adder[0]                                                           ; work         ;
;                   |add_sub_0dh:auto_generated|    ; 22 (22)     ; 0 (0)                     ; 0 (0)         ; 0           ; 0    ; 0            ; 0       ; 0         ; 0    ; 0            ; 21 (21)      ; 0 (0)             ; 1 (1)            ; |cam_proj_top|TOP:neiroset|lpm_mult:Mult6|multcore:mult_core|mpar_add:padder|lpm_add_sub:adder[0]|add_sub_0dh:auto_generated                                ; work         ;
;       |lpm_mult:Mult7|                            ; 0 (0)       ; 0 (0)                     ; 0 (0)         ; 0           ; 0    ; 1            ; 1       ; 0         ; 0    ; 0            ; 0 (0)        ; 0 (0)             ; 0 (0)            ; |cam_proj_top|TOP:neiroset|lpm_mult:Mult7                                                                                                                   ; work         ;
;          |mult_u9t:auto_generated|                ; 0 (0)       ; 0 (0)                     ; 0 (0)         ; 0           ; 0    ; 1            ; 1       ; 0         ; 0    ; 0            ; 0 (0)        ; 0 (0)             ; 0 (0)            ; |cam_proj_top|TOP:neiroset|lpm_mult:Mult7|mult_u9t:auto_generated                                                                                           ; work         ;
;       |maxp:maxpooling|                           ; 203 (161)   ; 72 (72)                   ; 0 (0)         ; 0           ; 0    ; 2            ; 0       ; 1         ; 0    ; 0            ; 131 (89)     ; 7 (7)             ; 65 (65)          ; |cam_proj_top|TOP:neiroset|maxp:maxpooling                                                                                                                  ; work         ;
;          |lpm_mult:Mult0|                         ; 42 (0)      ; 0 (0)                     ; 0 (0)         ; 0           ; 0    ; 0            ; 0       ; 0         ; 0    ; 0            ; 42 (0)       ; 0 (0)             ; 0 (0)            ; |cam_proj_top|TOP:neiroset|maxp:maxpooling|lpm_mult:Mult0                                                                                                   ; work         ;
;             |mult_ebt:auto_generated|             ; 42 (42)     ; 0 (0)                     ; 0 (0)         ; 0           ; 0    ; 0            ; 0       ; 0         ; 0    ; 0            ; 42 (42)      ; 0 (0)             ; 0 (0)            ; |cam_proj_top|TOP:neiroset|maxp:maxpooling|lpm_mult:Mult0|mult_ebt:auto_generated                                                                           ; work         ;
;          |lpm_mult:Mult1|                         ; 0 (0)       ; 0 (0)                     ; 0 (0)         ; 0           ; 0    ; 2            ; 0       ; 1         ; 0    ; 0            ; 0 (0)        ; 0 (0)             ; 0 (0)            ; |cam_proj_top|TOP:neiroset|maxp:maxpooling|lpm_mult:Mult1                                                                                                   ; work         ;
;             |mult_ibt:auto_generated|             ; 0 (0)       ; 0 (0)                     ; 0 (0)         ; 0           ; 0    ; 2            ; 0       ; 1         ; 0    ; 0            ; 0 (0)        ; 0 (0)             ; 0 (0)            ; |cam_proj_top|TOP:neiroset|maxp:maxpooling|lpm_mult:Mult1|mult_ibt:auto_generated                                                                           ; work         ;
;       |memorywork:block|                          ; 536 (500)   ; 301 (301)                 ; 0 (0)         ; 0           ; 0    ; 0            ; 0       ; 0         ; 0    ; 0            ; 235 (199)    ; 13 (13)           ; 288 (288)        ; |cam_proj_top|TOP:neiroset|memorywork:block                                                                                                                 ; work         ;
;          |addressRAM:inst_1|                      ; 36 (36)     ; 0 (0)                     ; 0 (0)         ; 0           ; 0    ; 0            ; 0       ; 0         ; 0    ; 0            ; 36 (36)      ; 0 (0)             ; 0 (0)            ; |cam_proj_top|TOP:neiroset|memorywork:block|addressRAM:inst_1                                                                                               ; work         ;
;       |result:result|                             ; 293 (293)   ; 34 (34)                   ; 0 (0)         ; 0           ; 0    ; 0            ; 0       ; 0         ; 0    ; 0            ; 259 (259)    ; 0 (0)             ; 34 (34)          ; |cam_proj_top|TOP:neiroset|result:result                                                                                                                    ; work         ;
;    |cam_wrp:cam_wrp_0|                            ; 207 (71)    ; 150 (52)                  ; 0 (0)         ; 16384       ; 2    ; 0            ; 0       ; 0         ; 0    ; 0            ; 57 (19)      ; 41 (16)           ; 109 (35)         ; |cam_proj_top|cam_wrp:cam_wrp_0                                                                                                                             ; work         ;
;       |fifo_1024x16:input_fifo|                   ; 137 (0)     ; 98 (0)                    ; 0 (0)         ; 16384       ; 2    ; 0            ; 0       ; 0         ; 0    ; 0            ; 38 (0)       ; 25 (0)            ; 74 (0)           ; |cam_proj_top|cam_wrp:cam_wrp_0|fifo_1024x16:input_fifo                                                                                                     ; work         ;
;          |dcfifo:dcfifo_component|                ; 137 (0)     ; 98 (0)                    ; 0 (0)         ; 16384       ; 2    ; 0            ; 0       ; 0         ; 0    ; 0            ; 38 (0)       ; 25 (0)            ; 74 (0)           ; |cam_proj_top|cam_wrp:cam_wrp_0|fifo_1024x16:input_fifo|dcfifo:dcfifo_component                                                                             ; work         ;
;             |dcfifo_90o1:auto_generated|          ; 137 (50)    ; 98 (37)                   ; 0 (0)         ; 16384       ; 2    ; 0            ; 0       ; 0         ; 0    ; 0            ; 38 (3)       ; 25 (20)           ; 74 (13)          ; |cam_proj_top|cam_wrp:cam_wrp_0|fifo_1024x16:input_fifo|dcfifo:dcfifo_component|dcfifo_90o1:auto_generated                                                  ; work         ;
;                |a_gray2bin_7ib:rdptr_g_gray2bin|  ; 10 (10)     ; 0 (0)                     ; 0 (0)         ; 0           ; 0    ; 0            ; 0       ; 0         ; 0    ; 0            ; 3 (3)        ; 0 (0)             ; 7 (7)            ; |cam_proj_top|cam_wrp:cam_wrp_0|fifo_1024x16:input_fifo|dcfifo:dcfifo_component|dcfifo_90o1:auto_generated|a_gray2bin_7ib:rdptr_g_gray2bin                  ; work         ;
;                |a_gray2bin_7ib:rs_dgwp_gray2bin|  ; 10 (10)     ; 0 (0)                     ; 0 (0)         ; 0           ; 0    ; 0            ; 0       ; 0         ; 0    ; 0            ; 0 (0)        ; 0 (0)             ; 10 (10)          ; |cam_proj_top|cam_wrp:cam_wrp_0|fifo_1024x16:input_fifo|dcfifo:dcfifo_component|dcfifo_90o1:auto_generated|a_gray2bin_7ib:rs_dgwp_gray2bin                  ; work         ;
;                |a_graycounter_2lc:wrptr_g1p|      ; 22 (22)     ; 15 (15)                   ; 0 (0)         ; 0           ; 0    ; 0            ; 0       ; 0         ; 0    ; 0            ; 7 (7)        ; 0 (0)             ; 15 (15)          ; |cam_proj_top|cam_wrp:cam_wrp_0|fifo_1024x16:input_fifo|dcfifo:dcfifo_component|dcfifo_90o1:auto_generated|a_graycounter_2lc:wrptr_g1p                      ; work         ;
;                |a_graycounter_677:rdptr_g1p|      ; 22 (22)     ; 15 (15)                   ; 0 (0)         ; 0           ; 0    ; 0            ; 0       ; 0         ; 0    ; 0            ; 7 (7)        ; 0 (0)             ; 15 (15)          ; |cam_proj_top|cam_wrp:cam_wrp_0|fifo_1024x16:input_fifo|dcfifo:dcfifo_component|dcfifo_90o1:auto_generated|a_graycounter_677:rdptr_g1p                      ; work         ;
;                |alt_synch_pipe_vd8:rs_dgwp|       ; 11 (0)      ; 11 (0)                    ; 0 (0)         ; 0           ; 0    ; 0            ; 0       ; 0         ; 0    ; 0            ; 0 (0)        ; 5 (0)             ; 6 (0)            ; |cam_proj_top|cam_wrp:cam_wrp_0|fifo_1024x16:input_fifo|dcfifo:dcfifo_component|dcfifo_90o1:auto_generated|alt_synch_pipe_vd8:rs_dgwp                       ; work         ;
;                   |dffpipe_qe9:dffpipe13|         ; 11 (11)     ; 11 (11)                   ; 0 (0)         ; 0           ; 0    ; 0            ; 0       ; 0         ; 0    ; 0            ; 0 (0)        ; 5 (5)             ; 6 (6)            ; |cam_proj_top|cam_wrp:cam_wrp_0|fifo_1024x16:input_fifo|dcfifo:dcfifo_component|dcfifo_90o1:auto_generated|alt_synch_pipe_vd8:rs_dgwp|dffpipe_qe9:dffpipe13 ; work         ;
;                |altsyncram_em31:fifo_ram|         ; 0 (0)       ; 0 (0)                     ; 0 (0)         ; 16384       ; 2    ; 0            ; 0       ; 0         ; 0    ; 0            ; 0 (0)        ; 0 (0)             ; 0 (0)            ; |cam_proj_top|cam_wrp:cam_wrp_0|fifo_1024x16:input_fifo|dcfifo:dcfifo_component|dcfifo_90o1:auto_generated|altsyncram_em31:fifo_ram                         ; work         ;
;                |cmpr_c66:rdempty_eq_comp_lsb|     ; 1 (1)       ; 0 (0)                     ; 0 (0)         ; 0           ; 0    ; 0            ; 0       ; 0         ; 0    ; 0            ; 0 (0)        ; 0 (0)             ; 1 (1)            ; |cam_proj_top|cam_wrp:cam_wrp_0|fifo_1024x16:input_fifo|dcfifo:dcfifo_component|dcfifo_90o1:auto_generated|cmpr_c66:rdempty_eq_comp_lsb                     ; work         ;
;                |dffpipe_pe9:rs_brp|               ; 10 (10)     ; 10 (10)                   ; 0 (0)         ; 0           ; 0    ; 0            ; 0       ; 0         ; 0    ; 0            ; 0 (0)        ; 0 (0)             ; 10 (10)          ; |cam_proj_top|cam_wrp:cam_wrp_0|fifo_1024x16:input_fifo|dcfifo:dcfifo_component|dcfifo_90o1:auto_generated|dffpipe_pe9:rs_brp                               ; work         ;
;                |dffpipe_pe9:rs_bwp|               ; 10 (10)     ; 10 (10)                   ; 0 (0)         ; 0           ; 0    ; 0            ; 0       ; 0         ; 0    ; 0            ; 0 (0)        ; 0 (0)             ; 10 (10)          ; |cam_proj_top|cam_wrp:cam_wrp_0|fifo_1024x16:input_fifo|dcfifo:dcfifo_component|dcfifo_90o1:auto_generated|dffpipe_pe9:rs_bwp                               ; work         ;
;                |mux_j28:rdemp_eq_comp_lsb_mux|    ; 8 (8)       ; 0 (0)                     ; 0 (0)         ; 0           ; 0    ; 0            ; 0       ; 0         ; 0    ; 0            ; 3 (3)        ; 0 (0)             ; 5 (5)            ; |cam_proj_top|cam_wrp:cam_wrp_0|fifo_1024x16:input_fifo|dcfifo:dcfifo_component|dcfifo_90o1:auto_generated|mux_j28:rdemp_eq_comp_lsb_mux                    ; work         ;
;                |mux_j28:rdemp_eq_comp_msb_mux|    ; 7 (7)       ; 0 (0)                     ; 0 (0)         ; 0           ; 0    ; 0            ; 0       ; 0         ; 0    ; 0            ; 6 (6)        ; 0 (0)             ; 1 (1)            ; |cam_proj_top|cam_wrp:cam_wrp_0|fifo_1024x16:input_fifo|dcfifo:dcfifo_component|dcfifo_90o1:auto_generated|mux_j28:rdemp_eq_comp_msb_mux                    ; work         ;
;                |mux_j28:wrfull_eq_comp_lsb_mux|   ; 9 (9)       ; 0 (0)                     ; 0 (0)         ; 0           ; 0    ; 0            ; 0       ; 0         ; 0    ; 0            ; 3 (3)        ; 0 (0)             ; 6 (6)            ; |cam_proj_top|cam_wrp:cam_wrp_0|fifo_1024x16:input_fifo|dcfifo:dcfifo_component|dcfifo_90o1:auto_generated|mux_j28:wrfull_eq_comp_lsb_mux                   ; work         ;
;                |mux_j28:wrfull_eq_comp_msb_mux|   ; 7 (7)       ; 0 (0)                     ; 0 (0)         ; 0           ; 0    ; 0            ; 0       ; 0         ; 0    ; 0            ; 6 (6)        ; 0 (0)             ; 1 (1)            ; |cam_proj_top|cam_wrp:cam_wrp_0|fifo_1024x16:input_fifo|dcfifo:dcfifo_component|dcfifo_90o1:auto_generated|mux_j28:wrfull_eq_comp_msb_mux                   ; work         ;
;    |camera_configure:camera_configure_0|          ; 274 (0)     ; 148 (0)                   ; 0 (0)         ; 4096        ; 1    ; 0            ; 0       ; 0         ; 0    ; 0            ; 126 (0)      ; 31 (0)            ; 117 (0)          ; |cam_proj_top|camera_configure:camera_configure_0                                                                                                           ; work         ;
;       |OV7670_config:config_1|                    ; 130 (130)   ; 61 (61)                   ; 0 (0)         ; 0           ; 0    ; 0            ; 0       ; 0         ; 0    ; 0            ; 69 (69)      ; 16 (16)           ; 45 (45)          ; |cam_proj_top|camera_configure:camera_configure_0|OV7670_config:config_1                                                                                    ; work         ;
;       |OV7670_config_rom:rom1|                    ; 0 (0)       ; 0 (0)                     ; 0 (0)         ; 4096        ; 1    ; 0            ; 0       ; 0         ; 0    ; 0            ; 0 (0)        ; 0 (0)             ; 0 (0)            ; |cam_proj_top|camera_configure:camera_configure_0|OV7670_config_rom:rom1                                                                                    ; work         ;
;          |altsyncram:WideOr0_rtl_0|               ; 0 (0)       ; 0 (0)                     ; 0 (0)         ; 4096        ; 1    ; 0            ; 0       ; 0         ; 0    ; 0            ; 0 (0)        ; 0 (0)             ; 0 (0)            ; |cam_proj_top|camera_configure:camera_configure_0|OV7670_config_rom:rom1|altsyncram:WideOr0_rtl_0                                                           ; work         ;
;             |altsyncram_e801:auto_generated|      ; 0 (0)       ; 0 (0)                     ; 0 (0)         ; 4096        ; 1    ; 0            ; 0       ; 0         ; 0    ; 0            ; 0 (0)        ; 0 (0)             ; 0 (0)            ; |cam_proj_top|camera_configure:camera_configure_0|OV7670_config_rom:rom1|altsyncram:WideOr0_rtl_0|altsyncram_e801:auto_generated                            ; work         ;
;       |SCCB_interface:SCCB1|                      ; 144 (144)   ; 87 (87)                   ; 0 (0)         ; 0           ; 0    ; 0            ; 0       ; 0         ; 0    ; 0            ; 57 (57)      ; 15 (15)           ; 72 (72)          ; |cam_proj_top|camera_configure:camera_configure_0|SCCB_interface:SCCB1                                                                                      ; work         ;
;    |hellosoc_top:TFT|                             ; 507 (221)   ; 152 (20)                  ; 0 (0)         ; 16384       ; 2    ; 0            ; 0       ; 0         ; 0    ; 0            ; 355 (201)    ; 25 (0)            ; 127 (20)         ; |cam_proj_top|hellosoc_top:TFT                                                                                                                              ; work         ;
;       |fifo_big:fifo_tft|                         ; 101 (0)     ; 67 (0)                    ; 0 (0)         ; 16384       ; 2    ; 0            ; 0       ; 0         ; 0    ; 0            ; 34 (0)       ; 18 (0)            ; 49 (0)           ; |cam_proj_top|hellosoc_top:TFT|fifo_big:fifo_tft                                                                                                            ; work         ;
;          |dcfifo:dcfifo_component|                ; 101 (0)     ; 67 (0)                    ; 0 (0)         ; 16384       ; 2    ; 0            ; 0       ; 0         ; 0    ; 0            ; 34 (0)       ; 18 (0)            ; 49 (0)           ; |cam_proj_top|hellosoc_top:TFT|fifo_big:fifo_tft|dcfifo:dcfifo_component                                                                                    ; work         ;
;             |dcfifo_4ul1:auto_generated|          ; 101 (37)    ; 67 (37)                   ; 0 (0)         ; 16384       ; 2    ; 0            ; 0       ; 0         ; 0    ; 0            ; 34 (2)       ; 18 (17)           ; 49 (3)           ; |cam_proj_top|hellosoc_top:TFT|fifo_big:fifo_tft|dcfifo:dcfifo_component|dcfifo_4ul1:auto_generated                                                         ; work         ;
;                |a_graycounter_2lc:wrptr_g1p|      ; 23 (23)     ; 15 (15)                   ; 0 (0)         ; 0           ; 0    ; 0            ; 0       ; 0         ; 0    ; 0            ; 8 (8)        ; 1 (1)             ; 14 (14)          ; |cam_proj_top|hellosoc_top:TFT|fifo_big:fifo_tft|dcfifo:dcfifo_component|dcfifo_4ul1:auto_generated|a_graycounter_2lc:wrptr_g1p                             ; work         ;
;                |a_graycounter_677:rdptr_g1p|      ; 24 (24)     ; 15 (15)                   ; 0 (0)         ; 0           ; 0    ; 0            ; 0       ; 0         ; 0    ; 0            ; 7 (7)        ; 0 (0)             ; 17 (17)          ; |cam_proj_top|hellosoc_top:TFT|fifo_big:fifo_tft|dcfifo:dcfifo_component|dcfifo_4ul1:auto_generated|a_graycounter_677:rdptr_g1p                             ; work         ;
;                |altsyncram_em31:fifo_ram|         ; 0 (0)       ; 0 (0)                     ; 0 (0)         ; 16384       ; 2    ; 0            ; 0       ; 0         ; 0    ; 0            ; 0 (0)        ; 0 (0)             ; 0 (0)            ; |cam_proj_top|hellosoc_top:TFT|fifo_big:fifo_tft|dcfifo:dcfifo_component|dcfifo_4ul1:auto_generated|altsyncram_em31:fifo_ram                                ; work         ;
;                |cmpr_c66:wrfull_eq_comp_lsb|      ; 1 (1)       ; 0 (0)                     ; 0 (0)         ; 0           ; 0    ; 0            ; 0       ; 0         ; 0    ; 0            ; 1 (1)        ; 0 (0)             ; 0 (0)            ; |cam_proj_top|hellosoc_top:TFT|fifo_big:fifo_tft|dcfifo:dcfifo_component|dcfifo_4ul1:auto_generated|cmpr_c66:wrfull_eq_comp_lsb                             ; work         ;
;                |mux_j28:rdemp_eq_comp_lsb_mux|    ; 9 (9)       ; 0 (0)                     ; 0 (0)         ; 0           ; 0    ; 0            ; 0       ; 0         ; 0    ; 0            ; 8 (8)        ; 0 (0)             ; 1 (1)            ; |cam_proj_top|hellosoc_top:TFT|fifo_big:fifo_tft|dcfifo:dcfifo_component|dcfifo_4ul1:auto_generated|mux_j28:rdemp_eq_comp_lsb_mux                           ; work         ;
;                |mux_j28:rdemp_eq_comp_msb_mux|    ; 7 (7)       ; 0 (0)                     ; 0 (0)         ; 0           ; 0    ; 0            ; 0       ; 0         ; 0    ; 0            ; 1 (1)        ; 0 (0)             ; 6 (6)            ; |cam_proj_top|hellosoc_top:TFT|fifo_big:fifo_tft|dcfifo:dcfifo_component|dcfifo_4ul1:auto_generated|mux_j28:rdemp_eq_comp_msb_mux                           ; work         ;
;                |mux_j28:wrfull_eq_comp_lsb_mux|   ; 8 (8)       ; 0 (0)                     ; 0 (0)         ; 0           ; 0    ; 0            ; 0       ; 0         ; 0    ; 0            ; 5 (5)        ; 0 (0)             ; 3 (3)            ; |cam_proj_top|hellosoc_top:TFT|fifo_big:fifo_tft|dcfifo:dcfifo_component|dcfifo_4ul1:auto_generated|mux_j28:wrfull_eq_comp_lsb_mux                          ; work         ;
;                |mux_j28:wrfull_eq_comp_msb_mux|   ; 7 (7)       ; 0 (0)                     ; 0 (0)         ; 0           ; 0    ; 0            ; 0       ; 0         ; 0    ; 0            ; 2 (2)        ; 0 (0)             ; 5 (5)            ; |cam_proj_top|hellosoc_top:TFT|fifo_big:fifo_tft|dcfifo:dcfifo_component|dcfifo_4ul1:auto_generated|mux_j28:wrfull_eq_comp_msb_mux                          ; work         ;
;       |tft_ili9341:tft|                           ; 185 (165)   ; 65 (48)                   ; 0 (0)         ; 0           ; 0    ; 0            ; 0       ; 0         ; 0    ; 0            ; 120 (117)    ; 7 (0)             ; 58 (48)          ; |cam_proj_top|hellosoc_top:TFT|tft_ili9341:tft                                                                                                              ; work         ;
;          |tft_ili9341_spi:spi|                    ; 20 (20)     ; 17 (17)                   ; 0 (0)         ; 0           ; 0    ; 0            ; 0       ; 0         ; 0    ; 0            ; 3 (3)        ; 7 (7)             ; 10 (10)          ; |cam_proj_top|hellosoc_top:TFT|tft_ili9341:tft|tft_ili9341_spi:spi                                                                                          ; work         ;
;    |pll:pll_for_sdram_0|                          ; 1 (0)       ; 1 (0)                     ; 0 (0)         ; 0           ; 0    ; 0            ; 0       ; 0         ; 0    ; 0            ; 0 (0)        ; 0 (0)             ; 1 (0)            ; |cam_proj_top|pll:pll_for_sdram_0                                                                                                                           ; work         ;
;       |altpll:altpll_component|                   ; 1 (0)       ; 1 (0)                     ; 0 (0)         ; 0           ; 0    ; 0            ; 0       ; 0         ; 0    ; 0            ; 0 (0)        ; 0 (0)             ; 1 (0)            ; |cam_proj_top|pll:pll_for_sdram_0|altpll:altpll_component                                                                                                   ; work         ;
;          |pll_altpll:auto_generated|              ; 1 (1)       ; 1 (1)                     ; 0 (0)         ; 0           ; 0    ; 0            ; 0       ; 0         ; 0    ; 0            ; 0 (0)        ; 0 (0)             ; 1 (1)            ; |cam_proj_top|pll:pll_for_sdram_0|altpll:altpll_component|pll_altpll:auto_generated                                                                         ; work         ;
;    |pll_for_disp:pll2|                            ; 0 (0)       ; 0 (0)                     ; 0 (0)         ; 0           ; 0    ; 0            ; 0       ; 0         ; 0    ; 0            ; 0 (0)        ; 0 (0)             ; 0 (0)            ; |cam_proj_top|pll_for_disp:pll2                                                                                                                             ; work         ;
;       |altpll:altpll_component|                   ; 0 (0)       ; 0 (0)                     ; 0 (0)         ; 0           ; 0    ; 0            ; 0       ; 0         ; 0    ; 0            ; 0 (0)        ; 0 (0)             ; 0 (0)            ; |cam_proj_top|pll_for_disp:pll2|altpll:altpll_component                                                                                                     ; work         ;
;          |pll_for_disp_altpll:auto_generated|     ; 0 (0)       ; 0 (0)                     ; 0 (0)         ; 0           ; 0    ; 0            ; 0       ; 0         ; 0    ; 0            ; 0 (0)        ; 0 (0)             ; 0 (0)            ; |cam_proj_top|pll_for_disp:pll2|altpll:altpll_component|pll_for_disp_altpll:auto_generated                                                                  ; work         ;
;    |pre_v2:grayscale|                             ; 903 (903)   ; 498 (498)                 ; 0 (0)         ; 0           ; 0    ; 0            ; 0       ; 0         ; 0    ; 0            ; 396 (396)    ; 0 (0)             ; 507 (507)        ; |cam_proj_top|pre_v2:grayscale                                                                                                                              ; work         ;
;    |sdram_controller:SDRAM|                       ; 156 (156)   ; 80 (80)                   ; 0 (0)         ; 0           ; 0    ; 0            ; 0       ; 0         ; 0    ; 0            ; 76 (76)      ; 2 (2)             ; 78 (78)          ; |cam_proj_top|sdram_controller:SDRAM                                                                                                                        ; work         ;
+---------------------------------------------------+-------------+---------------------------+---------------+-------------+------+--------------+---------+-----------+------+--------------+--------------+-------------------+------------------+-------------------------------------------------------------------------------------------------------------------------------------------------------------+--------------+
Note: For table entries with two numbers listed, the numbers in parentheses indicate the number of resources of the given type used by the specific entity alone. The numbers listed outside of parentheses indicate the total resources of the given type used by the specific entity and all of its sub-entities in the hierarchy.


+-----------------------------------------------------------------------------------------------+
; Delay Chain Summary                                                                           ;
+---------------+----------+---------------+---------------+-----------------------+-----+------+
; Name          ; Pin Type ; Pad to Core 0 ; Pad to Core 1 ; Pad to Input Register ; TCO ; TCOE ;
+---------------+----------+---------------+---------------+-----------------------+-----+------+
; start_gray_kn ; Input    ; --            ; --            ; --                    ; --  ; --   ;
; VSYNC_cam     ; Input    ; --            ; --            ; --                    ; --  ; --   ;
; XCLK_cam      ; Output   ; --            ; --            ; --                    ; --  ; --   ;
; res_cam       ; Output   ; --            ; --            ; --                    ; --  ; --   ;
; on_off_cam    ; Output   ; --            ; --            ; --                    ; --  ; --   ;
; sioc          ; Output   ; --            ; --            ; --                    ; --  ; --   ;
; siod          ; Output   ; --            ; --            ; --                    ; --  ; --   ;
; r[0]          ; Output   ; --            ; --            ; --                    ; --  ; --   ;
; r[1]          ; Output   ; --            ; --            ; --                    ; --  ; --   ;
; r[2]          ; Output   ; --            ; --            ; --                    ; --  ; --   ;
; r[3]          ; Output   ; --            ; --            ; --                    ; --  ; --   ;
; r[4]          ; Output   ; --            ; --            ; --                    ; --  ; --   ;
; g[0]          ; Output   ; --            ; --            ; --                    ; --  ; --   ;
; g[1]          ; Output   ; --            ; --            ; --                    ; --  ; --   ;
; g[2]          ; Output   ; --            ; --            ; --                    ; --  ; --   ;
; g[3]          ; Output   ; --            ; --            ; --                    ; --  ; --   ;
; g[4]          ; Output   ; --            ; --            ; --                    ; --  ; --   ;
; g[5]          ; Output   ; --            ; --            ; --                    ; --  ; --   ;
; b[0]          ; Output   ; --            ; --            ; --                    ; --  ; --   ;
; b[1]          ; Output   ; --            ; --            ; --                    ; --  ; --   ;
; b[2]          ; Output   ; --            ; --            ; --                    ; --  ; --   ;
; b[3]          ; Output   ; --            ; --            ; --                    ; --  ; --   ;
; b[4]          ; Output   ; --            ; --            ; --                    ; --  ; --   ;
; cs_n          ; Output   ; --            ; --            ; --                    ; --  ; --   ;
; ras_n         ; Output   ; --            ; --            ; --                    ; --  ; --   ;
; cas_n         ; Output   ; --            ; --            ; --                    ; --  ; --   ;
; we_n          ; Output   ; --            ; --            ; --                    ; --  ; --   ;
; dqm[0]        ; Output   ; --            ; --            ; --                    ; --  ; --   ;
; dqm[1]        ; Output   ; --            ; --            ; --                    ; --  ; --   ;
; sd_addr[0]    ; Output   ; --            ; --            ; --                    ; --  ; --   ;
; sd_addr[1]    ; Output   ; --            ; --            ; --                    ; --  ; --   ;
; sd_addr[2]    ; Output   ; --            ; --            ; --                    ; --  ; --   ;
; sd_addr[3]    ; Output   ; --            ; --            ; --                    ; --  ; --   ;
; sd_addr[4]    ; Output   ; --            ; --            ; --                    ; --  ; --   ;
; sd_addr[5]    ; Output   ; --            ; --            ; --                    ; --  ; --   ;
; sd_addr[6]    ; Output   ; --            ; --            ; --                    ; --  ; --   ;
; sd_addr[7]    ; Output   ; --            ; --            ; --                    ; --  ; --   ;
; sd_addr[8]    ; Output   ; --            ; --            ; --                    ; --  ; --   ;
; sd_addr[9]    ; Output   ; --            ; --            ; --                    ; --  ; --   ;
; sd_addr[10]   ; Output   ; --            ; --            ; --                    ; --  ; --   ;
; sd_addr[11]   ; Output   ; --            ; --            ; --                    ; --  ; --   ;
; ba[0]         ; Output   ; --            ; --            ; --                    ; --  ; --   ;
; ba[1]         ; Output   ; --            ; --            ; --                    ; --  ; --   ;
; Cke           ; Output   ; --            ; --            ; --                    ; --  ; --   ;
; sdram_clk     ; Output   ; --            ; --            ; --                    ; --  ; --   ;
; tft_sdo       ; Input    ; --            ; --            ; --                    ; --  ; --   ;
; tft_sck       ; Output   ; --            ; --            ; --                    ; --  ; --   ;
; tft_sdi       ; Output   ; --            ; --            ; --                    ; --  ; --   ;
; tft_dc        ; Output   ; --            ; --            ; --                    ; --  ; --   ;
; tft_reset     ; Output   ; --            ; --            ; --                    ; --  ; --   ;
; tft_cs        ; Output   ; --            ; --            ; --                    ; --  ; --   ;
; LED[0]        ; Output   ; --            ; --            ; --                    ; --  ; --   ;
; LED[1]        ; Output   ; --            ; --            ; --                    ; --  ; --   ;
; LED[2]        ; Output   ; --            ; --            ; --                    ; --  ; --   ;
; LED[3]        ; Output   ; --            ; --            ; --                    ; --  ; --   ;
; LED[4]        ; Output   ; --            ; --            ; --                    ; --  ; --   ;
; LED[5]        ; Output   ; --            ; --            ; --                    ; --  ; --   ;
; LED[6]        ; Output   ; --            ; --            ; --                    ; --  ; --   ;
; LED[7]        ; Output   ; --            ; --            ; --                    ; --  ; --   ;
; sd_data[0]    ; Bidir    ; (6) 1314 ps   ; --            ; --                    ; --  ; --   ;
; sd_data[1]    ; Bidir    ; (6) 1314 ps   ; --            ; --                    ; --  ; --   ;
; sd_data[2]    ; Bidir    ; (6) 1314 ps   ; --            ; --                    ; --  ; --   ;
; sd_data[3]    ; Bidir    ; (6) 1314 ps   ; --            ; --                    ; --  ; --   ;
; sd_data[4]    ; Bidir    ; (6) 1314 ps   ; --            ; --                    ; --  ; --   ;
; sd_data[5]    ; Bidir    ; (6) 1314 ps   ; --            ; --                    ; --  ; --   ;
; sd_data[6]    ; Bidir    ; --            ; (6) 1314 ps   ; --                    ; --  ; --   ;
; sd_data[7]    ; Bidir    ; (6) 1314 ps   ; --            ; --                    ; --  ; --   ;
; sd_data[8]    ; Bidir    ; (6) 1314 ps   ; --            ; --                    ; --  ; --   ;
; sd_data[9]    ; Bidir    ; (6) 1314 ps   ; --            ; --                    ; --  ; --   ;
; sd_data[10]   ; Bidir    ; (6) 1314 ps   ; --            ; --                    ; --  ; --   ;
; sd_data[11]   ; Bidir    ; (6) 1314 ps   ; --            ; --                    ; --  ; --   ;
; sd_data[12]   ; Bidir    ; (6) 1314 ps   ; --            ; --                    ; --  ; --   ;
; sd_data[13]   ; Bidir    ; --            ; (6) 1314 ps   ; --                    ; --  ; --   ;
; sd_data[14]   ; Bidir    ; (6) 1314 ps   ; --            ; --                    ; --  ; --   ;
; sd_data[15]   ; Bidir    ; (6) 1314 ps   ; --            ; --                    ; --  ; --   ;
; rst           ; Input    ; (6) 1314 ps   ; --            ; --                    ; --  ; --   ;
; clk50         ; Input    ; (0) 0 ps      ; --            ; --                    ; --  ; --   ;
; PCLK_cam      ; Input    ; (0) 0 ps      ; --            ; --                    ; --  ; --   ;
; HREF_cam      ; Input    ; (6) 1314 ps   ; --            ; --                    ; --  ; --   ;
; data_cam[0]   ; Input    ; (6) 1314 ps   ; --            ; --                    ; --  ; --   ;
; data_cam[1]   ; Input    ; (6) 1314 ps   ; --            ; --                    ; --  ; --   ;
; data_cam[2]   ; Input    ; --            ; (6) 1314 ps   ; --                    ; --  ; --   ;
; data_cam[3]   ; Input    ; (6) 1314 ps   ; --            ; --                    ; --  ; --   ;
; data_cam[4]   ; Input    ; --            ; (6) 1314 ps   ; --                    ; --  ; --   ;
; data_cam[5]   ; Input    ; (6) 1314 ps   ; --            ; --                    ; --  ; --   ;
; data_cam[6]   ; Input    ; (6) 1314 ps   ; --            ; --                    ; --  ; --   ;
; data_cam[7]   ; Input    ; (6) 1314 ps   ; --            ; --                    ; --  ; --   ;
+---------------+----------+---------------+---------------+-----------------------+-----+------+


+------------------------------------------------------------------------------------------------------------------------------------------------------------------------------------------------+
; Pad To Core Delay Chain Fanout                                                                                                                                                                 ;
+------------------------------------------------------------------------------------------------------------------------------------------------------------------+-------------------+---------+
; Source Pin / Fanout                                                                                                                                              ; Pad To Core Index ; Setting ;
+------------------------------------------------------------------------------------------------------------------------------------------------------------------+-------------------+---------+
; start_gray_kn                                                                                                                                                    ;                   ;         ;
; VSYNC_cam                                                                                                                                                        ;                   ;         ;
; tft_sdo                                                                                                                                                          ;                   ;         ;
; sd_data[0]                                                                                                                                                       ;                   ;         ;
;      - sdram_controller:SDRAM|rd_data_r~12                                                                                                                       ; 0                 ; 6       ;
; sd_data[1]                                                                                                                                                       ;                   ;         ;
;      - sdram_controller:SDRAM|rd_data_r~13                                                                                                                       ; 0                 ; 6       ;
; sd_data[2]                                                                                                                                                       ;                   ;         ;
;      - sdram_controller:SDRAM|rd_data_r~14                                                                                                                       ; 0                 ; 6       ;
; sd_data[3]                                                                                                                                                       ;                   ;         ;
;      - sdram_controller:SDRAM|rd_data_r~15                                                                                                                       ; 0                 ; 6       ;
; sd_data[4]                                                                                                                                                       ;                   ;         ;
;      - sdram_controller:SDRAM|rd_data_r~16                                                                                                                       ; 0                 ; 6       ;
; sd_data[5]                                                                                                                                                       ;                   ;         ;
;      - sdram_controller:SDRAM|rd_data_r~6                                                                                                                        ; 0                 ; 6       ;
; sd_data[6]                                                                                                                                                       ;                   ;         ;
;      - sdram_controller:SDRAM|rd_data_r~7                                                                                                                        ; 1                 ; 6       ;
; sd_data[7]                                                                                                                                                       ;                   ;         ;
;      - sdram_controller:SDRAM|rd_data_r~8                                                                                                                        ; 0                 ; 6       ;
; sd_data[8]                                                                                                                                                       ;                   ;         ;
;      - sdram_controller:SDRAM|rd_data_r~9                                                                                                                        ; 0                 ; 6       ;
; sd_data[9]                                                                                                                                                       ;                   ;         ;
;      - sdram_controller:SDRAM|rd_data_r~10                                                                                                                       ; 0                 ; 6       ;
; sd_data[10]                                                                                                                                                      ;                   ;         ;
;      - sdram_controller:SDRAM|rd_data_r~11                                                                                                                       ; 0                 ; 6       ;
; sd_data[11]                                                                                                                                                      ;                   ;         ;
;      - sdram_controller:SDRAM|rd_data_r~0                                                                                                                        ; 0                 ; 6       ;
; sd_data[12]                                                                                                                                                      ;                   ;         ;
;      - sdram_controller:SDRAM|rd_data_r~2                                                                                                                        ; 0                 ; 6       ;
; sd_data[13]                                                                                                                                                      ;                   ;         ;
;      - sdram_controller:SDRAM|rd_data_r~3                                                                                                                        ; 1                 ; 6       ;
; sd_data[14]                                                                                                                                                      ;                   ;         ;
;      - sdram_controller:SDRAM|rd_data_r~4                                                                                                                        ; 0                 ; 6       ;
; sd_data[15]                                                                                                                                                      ;                   ;         ;
;      - sdram_controller:SDRAM|rd_data_r~5                                                                                                                        ; 0                 ; 6       ;
; rst                                                                                                                                                              ;                   ;         ;
;      - cam_wrp:cam_wrp_0|fifo_1024x16:input_fifo|dcfifo:dcfifo_component|dcfifo_90o1:auto_generated|altsyncram_em31:fifo_ram|ram_block11a0                       ; 0                 ; 6       ;
;      - cam_wrp:cam_wrp_0|fifo_1024x16:input_fifo|dcfifo:dcfifo_component|dcfifo_90o1:auto_generated|altsyncram_em31:fifo_ram|ram_block11a9                       ; 0                 ; 6       ;
;      - hellosoc_top:TFT|fifo_big:fifo_tft|dcfifo:dcfifo_component|dcfifo_4ul1:auto_generated|altsyncram_em31:fifo_ram|ram_block11a0                              ; 0                 ; 6       ;
;      - hellosoc_top:TFT|fifo_big:fifo_tft|dcfifo:dcfifo_component|dcfifo_4ul1:auto_generated|altsyncram_em31:fifo_ram|ram_block11a5                              ; 0                 ; 6       ;
;      - sdram_controller:SDRAM|command[3]                                                                                                                         ; 0                 ; 6       ;
;      - sdram_controller:SDRAM|haddr_r[0]                                                                                                                         ; 0                 ; 6       ;
;      - sdram_controller:SDRAM|state[3]                                                                                                                           ; 0                 ; 6       ;
;      - sdram_controller:SDRAM|haddr_r[9]                                                                                                                         ; 0                 ; 6       ;
;      - sdram_controller:SDRAM|haddr_r[1]                                                                                                                         ; 0                 ; 6       ;
;      - sdram_controller:SDRAM|haddr_r[10]                                                                                                                        ; 0                 ; 6       ;
;      - sdram_controller:SDRAM|haddr_r[2]                                                                                                                         ; 0                 ; 6       ;
;      - sdram_controller:SDRAM|haddr_r[11]                                                                                                                        ; 0                 ; 6       ;
;      - sdram_controller:SDRAM|haddr_r[3]                                                                                                                         ; 0                 ; 6       ;
;      - sdram_controller:SDRAM|haddr_r[12]                                                                                                                        ; 0                 ; 6       ;
;      - sdram_controller:SDRAM|haddr_r[4]                                                                                                                         ; 0                 ; 6       ;
;      - sdram_controller:SDRAM|haddr_r[13]                                                                                                                        ; 0                 ; 6       ;
;      - sdram_controller:SDRAM|haddr_r[5]                                                                                                                         ; 0                 ; 6       ;
;      - sdram_controller:SDRAM|haddr_r[14]                                                                                                                        ; 0                 ; 6       ;
;      - sdram_controller:SDRAM|haddr_r[6]                                                                                                                         ; 0                 ; 6       ;
;      - sdram_controller:SDRAM|haddr_r[15]                                                                                                                        ; 0                 ; 6       ;
;      - sdram_controller:SDRAM|haddr_r[7]                                                                                                                         ; 0                 ; 6       ;
;      - sdram_controller:SDRAM|haddr_r[16]                                                                                                                        ; 0                 ; 6       ;
;      - sdram_controller:SDRAM|haddr_r[8]                                                                                                                         ; 0                 ; 6       ;
;      - sdram_controller:SDRAM|haddr_r[17]                                                                                                                        ; 0                 ; 6       ;
;      - sdram_controller:SDRAM|haddr_r[18]                                                                                                                        ; 0                 ; 6       ;
;      - sdram_controller:SDRAM|haddr_r[19]                                                                                                                        ; 0                 ; 6       ;
;      - sdram_controller:SDRAM|command[0]                                                                                                                         ; 0                 ; 6       ;
;      - sdram_controller:SDRAM|haddr_r[20]                                                                                                                        ; 0                 ; 6       ;
;      - sdram_controller:SDRAM|haddr_r[22]                                                                                                                        ; 0                 ; 6       ;
;      - sdram_controller:SDRAM|haddr_r[23]                                                                                                                        ; 0                 ; 6       ;
;      - sdram_controller:SDRAM|state_cnt[0]                                                                                                                       ; 0                 ; 6       ;
;      - sdram_controller:SDRAM|state_cnt[1]                                                                                                                       ; 0                 ; 6       ;
;      - sdram_controller:SDRAM|state_cnt[2]                                                                                                                       ; 0                 ; 6       ;
;      - sdram_controller:SDRAM|state_cnt[3]                                                                                                                       ; 0                 ; 6       ;
;      - pre_v2:grayscale|i[0]                                                                                                                                     ; 0                 ; 6       ;
;      - pre_v2:grayscale|i[2]                                                                                                                                     ; 0                 ; 6       ;
;      - pre_v2:grayscale|i[4]                                                                                                                                     ; 0                 ; 6       ;
;      - pre_v2:grayscale|end_pre                                                                                                                                  ; 0                 ; 6       ;
;      - rd_addr[0]                                                                                                                                                ; 0                 ; 6       ;
;      - cam_wrp:cam_wrp_0|addr_sdram[0]                                                                                                                           ; 0                 ; 6       ;
;      - rd_addr[9]                                                                                                                                                ; 0                 ; 6       ;
;      - cam_wrp:cam_wrp_0|addr_sdram[9]                                                                                                                           ; 0                 ; 6       ;
;      - rd_addr[1]                                                                                                                                                ; 0                 ; 6       ;
;      - cam_wrp:cam_wrp_0|addr_sdram[1]                                                                                                                           ; 0                 ; 6       ;
;      - rd_addr[10]                                                                                                                                               ; 0                 ; 6       ;
;      - cam_wrp:cam_wrp_0|addr_sdram[10]                                                                                                                          ; 0                 ; 6       ;
;      - rd_addr[2]                                                                                                                                                ; 0                 ; 6       ;
;      - cam_wrp:cam_wrp_0|addr_sdram[2]                                                                                                                           ; 0                 ; 6       ;
;      - rd_addr[11]                                                                                                                                               ; 0                 ; 6       ;
;      - cam_wrp:cam_wrp_0|addr_sdram[11]                                                                                                                          ; 0                 ; 6       ;
;      - rd_addr[3]                                                                                                                                                ; 0                 ; 6       ;
;      - cam_wrp:cam_wrp_0|addr_sdram[3]                                                                                                                           ; 0                 ; 6       ;
;      - rd_addr[12]                                                                                                                                               ; 0                 ; 6       ;
;      - cam_wrp:cam_wrp_0|addr_sdram[12]                                                                                                                          ; 0                 ; 6       ;
;      - rd_addr[13]                                                                                                                                               ; 0                 ; 6       ;
;      - cam_wrp:cam_wrp_0|addr_sdram[13]                                                                                                                          ; 0                 ; 6       ;
;      - rd_addr[4]                                                                                                                                                ; 0                 ; 6       ;
;      - cam_wrp:cam_wrp_0|addr_sdram[4]                                                                                                                           ; 0                 ; 6       ;
;      - rd_addr[14]                                                                                                                                               ; 0                 ; 6       ;
;      - cam_wrp:cam_wrp_0|addr_sdram[14]                                                                                                                          ; 0                 ; 6       ;
;      - rd_addr[5]                                                                                                                                                ; 0                 ; 6       ;
;      - cam_wrp:cam_wrp_0|addr_sdram[5]                                                                                                                           ; 0                 ; 6       ;
;      - rd_addr[6]                                                                                                                                                ; 0                 ; 6       ;
;      - cam_wrp:cam_wrp_0|addr_sdram[6]                                                                                                                           ; 0                 ; 6       ;
;      - rd_addr[15]                                                                                                                                               ; 0                 ; 6       ;
;      - cam_wrp:cam_wrp_0|addr_sdram[15]                                                                                                                          ; 0                 ; 6       ;
;      - rd_addr[7]                                                                                                                                                ; 0                 ; 6       ;
;      - cam_wrp:cam_wrp_0|addr_sdram[7]                                                                                                                           ; 0                 ; 6       ;
;      - rd_addr[16]                                                                                                                                               ; 0                 ; 6       ;
;      - cam_wrp:cam_wrp_0|addr_sdram[16]                                                                                                                          ; 0                 ; 6       ;
;      - rd_addr[8]                                                                                                                                                ; 0                 ; 6       ;
;      - cam_wrp:cam_wrp_0|addr_sdram[8]                                                                                                                           ; 0                 ; 6       ;
;      - rd_addr[17]                                                                                                                                               ; 0                 ; 6       ;
;      - cam_wrp:cam_wrp_0|addr_sdram[17]                                                                                                                          ; 0                 ; 6       ;
;      - rd_addr[18]                                                                                                                                               ; 0                 ; 6       ;
;      - cam_wrp:cam_wrp_0|addr_sdram[18]                                                                                                                          ; 0                 ; 6       ;
;      - rd_addr[19]                                                                                                                                               ; 0                 ; 6       ;
;      - cam_wrp:cam_wrp_0|addr_sdram[19]                                                                                                                          ; 0                 ; 6       ;
;      - rd_addr[20]                                                                                                                                               ; 0                 ; 6       ;
;      - cam_wrp:cam_wrp_0|addr_sdram[20]                                                                                                                          ; 0                 ; 6       ;
;      - rd_addr[22]                                                                                                                                               ; 0                 ; 6       ;
;      - cam_wrp:cam_wrp_0|addr_sdram[22]                                                                                                                          ; 0                 ; 6       ;
;      - rd_addr[23]                                                                                                                                               ; 0                 ; 6       ;
;      - cam_wrp:cam_wrp_0|addr_sdram[23]                                                                                                                          ; 0                 ; 6       ;
;      - cam_wrp:cam_wrp_0|sh_write[0]                                                                                                                             ; 0                 ; 6       ;
;      - cam_wrp:cam_wrp_0|sh_write[1]                                                                                                                             ; 0                 ; 6       ;
;      - cam_wrp:cam_wrp_0|sh_write[2]                                                                                                                             ; 0                 ; 6       ;
;      - cam_wrp:cam_wrp_0|sh_write[3]                                                                                                                             ; 0                 ; 6       ;
;      - cam_wrp:cam_wrp_0|sh_write[4]                                                                                                                             ; 0                 ; 6       ;
;      - cam_wrp:cam_wrp_0|sh_write[5]                                                                                                                             ; 0                 ; 6       ;
;      - cam_wrp:cam_wrp_0|sh_write[6]                                                                                                                             ; 0                 ; 6       ;
;      - cam_wrp:cam_wrp_0|sh_write[7]                                                                                                                             ; 0                 ; 6       ;
;      - cam_wrp:cam_wrp_0|sh_write[8]                                                                                                                             ; 0                 ; 6       ;
;      - pre_v2:grayscale|sr_data_27_0[6]                                                                                                                          ; 0                 ; 6       ;
;      - pre_v2:grayscale|sr_data_26_0[6]                                                                                                                          ; 0                 ; 6       ;
;      - pre_v2:grayscale|sr_data_25_0[6]                                                                                                                          ; 0                 ; 6       ;
;      - pre_v2:grayscale|sr_data_24_0[6]                                                                                                                          ; 0                 ; 6       ;
;      - pre_v2:grayscale|sr_data_23_0[6]                                                                                                                          ; 0                 ; 6       ;
;      - pre_v2:grayscale|sr_data_22_0[6]                                                                                                                          ; 0                 ; 6       ;
;      - pre_v2:grayscale|sr_data_21_0[6]                                                                                                                          ; 0                 ; 6       ;
;      - pre_v2:grayscale|sr_data_20_0[6]                                                                                                                          ; 0                 ; 6       ;
;      - pre_v2:grayscale|sr_data_19_0[6]                                                                                                                          ; 0                 ; 6       ;
;      - pre_v2:grayscale|sr_data_18_0[6]                                                                                                                          ; 0                 ; 6       ;
;      - pre_v2:grayscale|sr_data_17_0[6]                                                                                                                          ; 0                 ; 6       ;
;      - pre_v2:grayscale|sr_data_16_0[6]                                                                                                                          ; 0                 ; 6       ;
;      - pre_v2:grayscale|sr_data_15_0[6]                                                                                                                          ; 0                 ; 6       ;
;      - pre_v2:grayscale|sr_data_14_0[6]                                                                                                                          ; 0                 ; 6       ;
;      - pre_v2:grayscale|sr_data_13_0[6]                                                                                                                          ; 0                 ; 6       ;
;      - pre_v2:grayscale|sr_data_12_0[6]                                                                                                                          ; 0                 ; 6       ;
;      - pre_v2:grayscale|sr_data_11_0[6]                                                                                                                          ; 0                 ; 6       ;
;      - pre_v2:grayscale|sr_data_10_0[6]                                                                                                                          ; 0                 ; 6       ;
;      - pre_v2:grayscale|sr_data_9_0[6]                                                                                                                           ; 0                 ; 6       ;
;      - pre_v2:grayscale|sr_data_8_0[6]                                                                                                                           ; 0                 ; 6       ;
;      - pre_v2:grayscale|sr_data_7_0[6]                                                                                                                           ; 0                 ; 6       ;
;      - pre_v2:grayscale|sr_data_6_0[6]                                                                                                                           ; 0                 ; 6       ;
;      - pre_v2:grayscale|sr_data_5_0[6]                                                                                                                           ; 0                 ; 6       ;
;      - pre_v2:grayscale|sr_data_4_0[6]                                                                                                                           ; 0                 ; 6       ;
;      - pre_v2:grayscale|sr_data_3_0[6]                                                                                                                           ; 0                 ; 6       ;
;      - pre_v2:grayscale|sr_data_2_0[6]                                                                                                                           ; 0                 ; 6       ;
;      - pre_v2:grayscale|sr_data_1_0[6]                                                                                                                           ; 0                 ; 6       ;
;      - pre_v2:grayscale|sr_data_0_0[6]                                                                                                                           ; 0                 ; 6       ;
;      - pre_v2:grayscale|sr_data_27_0[7]                                                                                                                          ; 0                 ; 6       ;
;      - pre_v2:grayscale|sr_data_26_0[7]                                                                                                                          ; 0                 ; 6       ;
;      - pre_v2:grayscale|sr_data_25_0[7]                                                                                                                          ; 0                 ; 6       ;
;      - pre_v2:grayscale|sr_data_24_0[7]                                                                                                                          ; 0                 ; 6       ;
;      - pre_v2:grayscale|sr_data_23_0[7]                                                                                                                          ; 0                 ; 6       ;
;      - pre_v2:grayscale|sr_data_22_0[7]                                                                                                                          ; 0                 ; 6       ;
;      - pre_v2:grayscale|sr_data_21_0[7]                                                                                                                          ; 0                 ; 6       ;
;      - pre_v2:grayscale|sr_data_20_0[7]                                                                                                                          ; 0                 ; 6       ;
;      - pre_v2:grayscale|sr_data_19_0[7]                                                                                                                          ; 0                 ; 6       ;
;      - pre_v2:grayscale|sr_data_18_0[7]                                                                                                                          ; 0                 ; 6       ;
;      - pre_v2:grayscale|sr_data_17_0[7]                                                                                                                          ; 0                 ; 6       ;
;      - pre_v2:grayscale|sr_data_16_0[7]                                                                                                                          ; 0                 ; 6       ;
;      - pre_v2:grayscale|sr_data_15_0[7]                                                                                                                          ; 0                 ; 6       ;
;      - pre_v2:grayscale|sr_data_14_0[7]                                                                                                                          ; 0                 ; 6       ;
;      - pre_v2:grayscale|sr_data_13_0[7]                                                                                                                          ; 0                 ; 6       ;
;      - pre_v2:grayscale|sr_data_12_0[7]                                                                                                                          ; 0                 ; 6       ;
;      - pre_v2:grayscale|sr_data_11_0[7]                                                                                                                          ; 0                 ; 6       ;
;      - pre_v2:grayscale|sr_data_10_0[7]                                                                                                                          ; 0                 ; 6       ;
;      - pre_v2:grayscale|sr_data_9_0[7]                                                                                                                           ; 0                 ; 6       ;
;      - pre_v2:grayscale|sr_data_8_0[7]                                                                                                                           ; 0                 ; 6       ;
;      - pre_v2:grayscale|sr_data_7_0[7]                                                                                                                           ; 0                 ; 6       ;
;      - pre_v2:grayscale|sr_data_6_0[7]                                                                                                                           ; 0                 ; 6       ;
;      - pre_v2:grayscale|sr_data_5_0[7]                                                                                                                           ; 0                 ; 6       ;
;      - pre_v2:grayscale|sr_data_4_0[7]                                                                                                                           ; 0                 ; 6       ;
;      - pre_v2:grayscale|sr_data_3_0[7]                                                                                                                           ; 0                 ; 6       ;
;      - pre_v2:grayscale|sr_data_2_0[7]                                                                                                                           ; 0                 ; 6       ;
;      - pre_v2:grayscale|sr_data_1_0[7]                                                                                                                           ; 0                 ; 6       ;
;      - pre_v2:grayscale|sr_data_0_0[7]                                                                                                                           ; 0                 ; 6       ;
;      - pre_v2:grayscale|sr_data_27_0[8]                                                                                                                          ; 0                 ; 6       ;
;      - pre_v2:grayscale|sr_data_26_0[8]                                                                                                                          ; 0                 ; 6       ;
;      - pre_v2:grayscale|sr_data_25_0[8]                                                                                                                          ; 0                 ; 6       ;
;      - pre_v2:grayscale|sr_data_24_0[8]                                                                                                                          ; 0                 ; 6       ;
;      - pre_v2:grayscale|sr_data_23_0[8]                                                                                                                          ; 0                 ; 6       ;
;      - pre_v2:grayscale|sr_data_22_0[8]                                                                                                                          ; 0                 ; 6       ;
;      - pre_v2:grayscale|sr_data_21_0[8]                                                                                                                          ; 0                 ; 6       ;
;      - pre_v2:grayscale|sr_data_20_0[8]                                                                                                                          ; 0                 ; 6       ;
;      - pre_v2:grayscale|sr_data_19_0[8]                                                                                                                          ; 0                 ; 6       ;
;      - pre_v2:grayscale|sr_data_18_0[8]                                                                                                                          ; 0                 ; 6       ;
;      - pre_v2:grayscale|sr_data_17_0[8]                                                                                                                          ; 0                 ; 6       ;
;      - pre_v2:grayscale|sr_data_16_0[8]                                                                                                                          ; 0                 ; 6       ;
;      - pre_v2:grayscale|sr_data_15_0[8]                                                                                                                          ; 0                 ; 6       ;
;      - pre_v2:grayscale|sr_data_14_0[8]                                                                                                                          ; 0                 ; 6       ;
;      - pre_v2:grayscale|sr_data_13_0[8]                                                                                                                          ; 0                 ; 6       ;
;      - pre_v2:grayscale|sr_data_12_0[8]                                                                                                                          ; 0                 ; 6       ;
;      - pre_v2:grayscale|sr_data_11_0[8]                                                                                                                          ; 0                 ; 6       ;
;      - pre_v2:grayscale|sr_data_10_0[8]                                                                                                                          ; 0                 ; 6       ;
;      - pre_v2:grayscale|sr_data_9_0[8]                                                                                                                           ; 0                 ; 6       ;
;      - pre_v2:grayscale|sr_data_8_0[8]                                                                                                                           ; 0                 ; 6       ;
;      - pre_v2:grayscale|sr_data_7_0[8]                                                                                                                           ; 0                 ; 6       ;
;      - pre_v2:grayscale|sr_data_6_0[8]                                                                                                                           ; 0                 ; 6       ;
;      - pre_v2:grayscale|sr_data_5_0[8]                                                                                                                           ; 0                 ; 6       ;
;      - pre_v2:grayscale|sr_data_4_0[8]                                                                                                                           ; 0                 ; 6       ;
;      - pre_v2:grayscale|sr_data_3_0[8]                                                                                                                           ; 0                 ; 6       ;
;      - pre_v2:grayscale|sr_data_2_0[8]                                                                                                                           ; 0                 ; 6       ;
;      - pre_v2:grayscale|sr_data_1_0[8]                                                                                                                           ; 0                 ; 6       ;
;      - pre_v2:grayscale|sr_data_0_0[8]                                                                                                                           ; 0                 ; 6       ;
;      - pre_v2:grayscale|sr_data_27_0[9]                                                                                                                          ; 0                 ; 6       ;
;      - pre_v2:grayscale|sr_data_26_0[9]                                                                                                                          ; 0                 ; 6       ;
;      - pre_v2:grayscale|sr_data_25_0[9]                                                                                                                          ; 0                 ; 6       ;
;      - pre_v2:grayscale|sr_data_24_0[9]                                                                                                                          ; 0                 ; 6       ;
;      - pre_v2:grayscale|sr_data_23_0[9]                                                                                                                          ; 0                 ; 6       ;
;      - pre_v2:grayscale|sr_data_22_0[9]                                                                                                                          ; 0                 ; 6       ;
;      - pre_v2:grayscale|sr_data_21_0[9]                                                                                                                          ; 0                 ; 6       ;
;      - pre_v2:grayscale|sr_data_20_0[9]                                                                                                                          ; 0                 ; 6       ;
;      - pre_v2:grayscale|sr_data_19_0[9]                                                                                                                          ; 0                 ; 6       ;
;      - pre_v2:grayscale|sr_data_18_0[9]                                                                                                                          ; 0                 ; 6       ;
;      - pre_v2:grayscale|sr_data_17_0[9]                                                                                                                          ; 0                 ; 6       ;
;      - pre_v2:grayscale|sr_data_16_0[9]                                                                                                                          ; 0                 ; 6       ;
;      - pre_v2:grayscale|sr_data_15_0[9]                                                                                                                          ; 0                 ; 6       ;
;      - pre_v2:grayscale|sr_data_14_0[9]                                                                                                                          ; 0                 ; 6       ;
;      - pre_v2:grayscale|sr_data_13_0[9]                                                                                                                          ; 0                 ; 6       ;
;      - pre_v2:grayscale|sr_data_12_0[9]                                                                                                                          ; 0                 ; 6       ;
;      - pre_v2:grayscale|sr_data_11_0[9]                                                                                                                          ; 0                 ; 6       ;
;      - pre_v2:grayscale|sr_data_10_0[9]                                                                                                                          ; 0                 ; 6       ;
;      - pre_v2:grayscale|sr_data_9_0[9]                                                                                                                           ; 0                 ; 6       ;
;      - pre_v2:grayscale|sr_data_8_0[9]                                                                                                                           ; 0                 ; 6       ;
;      - pre_v2:grayscale|sr_data_7_0[9]                                                                                                                           ; 0                 ; 6       ;
;      - pre_v2:grayscale|sr_data_6_0[9]                                                                                                                           ; 0                 ; 6       ;
;      - pre_v2:grayscale|sr_data_5_0[9]                                                                                                                           ; 0                 ; 6       ;
;      - pre_v2:grayscale|sr_data_4_0[9]                                                                                                                           ; 0                 ; 6       ;
;      - pre_v2:grayscale|sr_data_3_0[9]                                                                                                                           ; 0                 ; 6       ;
;      - pre_v2:grayscale|sr_data_2_0[9]                                                                                                                           ; 0                 ; 6       ;
;      - pre_v2:grayscale|sr_data_1_0[9]                                                                                                                           ; 0                 ; 6       ;
;      - pre_v2:grayscale|sr_data_0_0[9]                                                                                                                           ; 0                 ; 6       ;
;      - pre_v2:grayscale|sr_data_27_0[10]                                                                                                                         ; 0                 ; 6       ;
;      - pre_v2:grayscale|sr_data_26_0[10]                                                                                                                         ; 0                 ; 6       ;
;      - pre_v2:grayscale|sr_data_25_0[10]                                                                                                                         ; 0                 ; 6       ;
;      - pre_v2:grayscale|sr_data_24_0[10]                                                                                                                         ; 0                 ; 6       ;
;      - pre_v2:grayscale|sr_data_23_0[10]                                                                                                                         ; 0                 ; 6       ;
;      - pre_v2:grayscale|sr_data_22_0[10]                                                                                                                         ; 0                 ; 6       ;
;      - pre_v2:grayscale|sr_data_21_0[10]                                                                                                                         ; 0                 ; 6       ;
;      - pre_v2:grayscale|sr_data_20_0[10]                                                                                                                         ; 0                 ; 6       ;
;      - pre_v2:grayscale|sr_data_19_0[10]                                                                                                                         ; 0                 ; 6       ;
;      - pre_v2:grayscale|sr_data_18_0[10]                                                                                                                         ; 0                 ; 6       ;
;      - pre_v2:grayscale|sr_data_17_0[10]                                                                                                                         ; 0                 ; 6       ;
;      - pre_v2:grayscale|sr_data_16_0[10]                                                                                                                         ; 0                 ; 6       ;
;      - pre_v2:grayscale|sr_data_15_0[10]                                                                                                                         ; 0                 ; 6       ;
;      - pre_v2:grayscale|sr_data_14_0[10]                                                                                                                         ; 0                 ; 6       ;
;      - pre_v2:grayscale|sr_data_13_0[10]                                                                                                                         ; 0                 ; 6       ;
;      - pre_v2:grayscale|sr_data_12_0[10]                                                                                                                         ; 0                 ; 6       ;
;      - pre_v2:grayscale|sr_data_11_0[10]                                                                                                                         ; 0                 ; 6       ;
;      - pre_v2:grayscale|sr_data_10_0[10]                                                                                                                         ; 0                 ; 6       ;
;      - pre_v2:grayscale|sr_data_9_0[10]                                                                                                                          ; 0                 ; 6       ;
;      - pre_v2:grayscale|sr_data_8_0[10]                                                                                                                          ; 0                 ; 6       ;
;      - pre_v2:grayscale|sr_data_7_0[10]                                                                                                                          ; 0                 ; 6       ;
;      - pre_v2:grayscale|sr_data_6_0[10]                                                                                                                          ; 0                 ; 6       ;
;      - pre_v2:grayscale|sr_data_5_0[10]                                                                                                                          ; 0                 ; 6       ;
;      - pre_v2:grayscale|sr_data_4_0[10]                                                                                                                          ; 0                 ; 6       ;
;      - pre_v2:grayscale|sr_data_3_0[10]                                                                                                                          ; 0                 ; 6       ;
;      - pre_v2:grayscale|sr_data_2_0[10]                                                                                                                          ; 0                 ; 6       ;
;      - pre_v2:grayscale|sr_data_1_0[10]                                                                                                                          ; 0                 ; 6       ;
;      - pre_v2:grayscale|sr_data_0_0[10]                                                                                                                          ; 0                 ; 6       ;
;      - pre_v2:grayscale|sr_data_27_0[11]                                                                                                                         ; 0                 ; 6       ;
;      - pre_v2:grayscale|sr_data_26_0[11]                                                                                                                         ; 0                 ; 6       ;
;      - pre_v2:grayscale|sr_data_25_0[11]                                                                                                                         ; 0                 ; 6       ;
;      - pre_v2:grayscale|sr_data_24_0[11]                                                                                                                         ; 0                 ; 6       ;
;      - pre_v2:grayscale|sr_data_23_0[11]                                                                                                                         ; 0                 ; 6       ;
;      - pre_v2:grayscale|sr_data_22_0[11]                                                                                                                         ; 0                 ; 6       ;
;      - pre_v2:grayscale|sr_data_21_0[11]                                                                                                                         ; 0                 ; 6       ;
;      - pre_v2:grayscale|sr_data_20_0[11]                                                                                                                         ; 0                 ; 6       ;
;      - pre_v2:grayscale|sr_data_19_0[11]                                                                                                                         ; 0                 ; 6       ;
;      - pre_v2:grayscale|sr_data_18_0[11]                                                                                                                         ; 0                 ; 6       ;
;      - pre_v2:grayscale|sr_data_17_0[11]                                                                                                                         ; 0                 ; 6       ;
;      - pre_v2:grayscale|sr_data_16_0[11]                                                                                                                         ; 0                 ; 6       ;
;      - pre_v2:grayscale|sr_data_15_0[11]                                                                                                                         ; 0                 ; 6       ;
;      - pre_v2:grayscale|sr_data_14_0[11]                                                                                                                         ; 0                 ; 6       ;
;      - pre_v2:grayscale|sr_data_13_0[11]                                                                                                                         ; 0                 ; 6       ;
;      - pre_v2:grayscale|sr_data_12_0[11]                                                                                                                         ; 0                 ; 6       ;
;      - pre_v2:grayscale|sr_data_11_0[11]                                                                                                                         ; 0                 ; 6       ;
;      - pre_v2:grayscale|sr_data_10_0[11]                                                                                                                         ; 0                 ; 6       ;
;      - pre_v2:grayscale|sr_data_9_0[11]                                                                                                                          ; 0                 ; 6       ;
;      - pre_v2:grayscale|sr_data_8_0[11]                                                                                                                          ; 0                 ; 6       ;
;      - pre_v2:grayscale|sr_data_7_0[11]                                                                                                                          ; 0                 ; 6       ;
;      - pre_v2:grayscale|sr_data_6_0[11]                                                                                                                          ; 0                 ; 6       ;
;      - pre_v2:grayscale|sr_data_5_0[11]                                                                                                                          ; 0                 ; 6       ;
;      - pre_v2:grayscale|sr_data_4_0[11]                                                                                                                          ; 0                 ; 6       ;
;      - pre_v2:grayscale|sr_data_3_0[11]                                                                                                                          ; 0                 ; 6       ;
;      - pre_v2:grayscale|sr_data_2_0[11]                                                                                                                          ; 0                 ; 6       ;
;      - pre_v2:grayscale|sr_data_1_0[11]                                                                                                                          ; 0                 ; 6       ;
;      - pre_v2:grayscale|sr_data_0_0[11]                                                                                                                          ; 0                 ; 6       ;
;      - pre_v2:grayscale|sr_data_27_0[12]                                                                                                                         ; 0                 ; 6       ;
;      - pre_v2:grayscale|sr_data_26_0[12]                                                                                                                         ; 0                 ; 6       ;
;      - pre_v2:grayscale|sr_data_25_0[12]                                                                                                                         ; 0                 ; 6       ;
;      - pre_v2:grayscale|sr_data_24_0[12]                                                                                                                         ; 0                 ; 6       ;
;      - pre_v2:grayscale|sr_data_23_0[12]                                                                                                                         ; 0                 ; 6       ;
;      - pre_v2:grayscale|sr_data_22_0[12]                                                                                                                         ; 0                 ; 6       ;
;      - pre_v2:grayscale|sr_data_21_0[12]                                                                                                                         ; 0                 ; 6       ;
;      - pre_v2:grayscale|sr_data_20_0[12]                                                                                                                         ; 0                 ; 6       ;
;      - pre_v2:grayscale|sr_data_19_0[12]                                                                                                                         ; 0                 ; 6       ;
;      - pre_v2:grayscale|sr_data_18_0[12]                                                                                                                         ; 0                 ; 6       ;
;      - pre_v2:grayscale|sr_data_17_0[12]                                                                                                                         ; 0                 ; 6       ;
;      - pre_v2:grayscale|sr_data_16_0[12]                                                                                                                         ; 0                 ; 6       ;
;      - pre_v2:grayscale|sr_data_15_0[12]                                                                                                                         ; 0                 ; 6       ;
;      - pre_v2:grayscale|sr_data_14_0[12]                                                                                                                         ; 0                 ; 6       ;
;      - pre_v2:grayscale|sr_data_13_0[12]                                                                                                                         ; 0                 ; 6       ;
;      - pre_v2:grayscale|sr_data_12_0[12]                                                                                                                         ; 0                 ; 6       ;
;      - pre_v2:grayscale|sr_data_11_0[12]                                                                                                                         ; 0                 ; 6       ;
;      - pre_v2:grayscale|sr_data_10_0[12]                                                                                                                         ; 0                 ; 6       ;
;      - pre_v2:grayscale|sr_data_9_0[12]                                                                                                                          ; 0                 ; 6       ;
;      - pre_v2:grayscale|sr_data_8_0[12]                                                                                                                          ; 0                 ; 6       ;
;      - pre_v2:grayscale|sr_data_7_0[12]                                                                                                                          ; 0                 ; 6       ;
;      - pre_v2:grayscale|sr_data_6_0[12]                                                                                                                          ; 0                 ; 6       ;
;      - pre_v2:grayscale|sr_data_5_0[12]                                                                                                                          ; 0                 ; 6       ;
;      - pre_v2:grayscale|sr_data_4_0[12]                                                                                                                          ; 0                 ; 6       ;
;      - pre_v2:grayscale|sr_data_3_0[12]                                                                                                                          ; 0                 ; 6       ;
;      - pre_v2:grayscale|sr_data_2_0[12]                                                                                                                          ; 0                 ; 6       ;
;      - pre_v2:grayscale|sr_data_1_0[12]                                                                                                                          ; 0                 ; 6       ;
;      - pre_v2:grayscale|sr_data_0_0[12]                                                                                                                          ; 0                 ; 6       ;
;      - pre_v2:grayscale|sr_data_27_0[13]                                                                                                                         ; 0                 ; 6       ;
;      - pre_v2:grayscale|sr_data_26_0[13]                                                                                                                         ; 0                 ; 6       ;
;      - pre_v2:grayscale|sr_data_25_0[13]                                                                                                                         ; 0                 ; 6       ;
;      - pre_v2:grayscale|sr_data_24_0[13]                                                                                                                         ; 0                 ; 6       ;
;      - pre_v2:grayscale|sr_data_23_0[13]                                                                                                                         ; 0                 ; 6       ;
;      - pre_v2:grayscale|sr_data_22_0[13]                                                                                                                         ; 0                 ; 6       ;
;      - pre_v2:grayscale|sr_data_21_0[13]                                                                                                                         ; 0                 ; 6       ;
;      - pre_v2:grayscale|sr_data_20_0[13]                                                                                                                         ; 0                 ; 6       ;
;      - pre_v2:grayscale|sr_data_19_0[13]                                                                                                                         ; 0                 ; 6       ;
;      - pre_v2:grayscale|sr_data_18_0[13]                                                                                                                         ; 0                 ; 6       ;
;      - pre_v2:grayscale|sr_data_17_0[13]                                                                                                                         ; 0                 ; 6       ;
;      - pre_v2:grayscale|sr_data_16_0[13]                                                                                                                         ; 0                 ; 6       ;
;      - pre_v2:grayscale|sr_data_15_0[13]                                                                                                                         ; 0                 ; 6       ;
;      - pre_v2:grayscale|sr_data_14_0[13]                                                                                                                         ; 0                 ; 6       ;
;      - pre_v2:grayscale|sr_data_13_0[13]                                                                                                                         ; 0                 ; 6       ;
;      - pre_v2:grayscale|sr_data_12_0[13]                                                                                                                         ; 0                 ; 6       ;
;      - pre_v2:grayscale|sr_data_11_0[13]                                                                                                                         ; 0                 ; 6       ;
;      - pre_v2:grayscale|sr_data_10_0[13]                                                                                                                         ; 0                 ; 6       ;
;      - pre_v2:grayscale|sr_data_9_0[13]                                                                                                                          ; 0                 ; 6       ;
;      - pre_v2:grayscale|sr_data_8_0[13]                                                                                                                          ; 0                 ; 6       ;
;      - pre_v2:grayscale|sr_data_7_0[13]                                                                                                                          ; 0                 ; 6       ;
;      - pre_v2:grayscale|sr_data_6_0[13]                                                                                                                          ; 0                 ; 6       ;
;      - pre_v2:grayscale|sr_data_5_0[13]                                                                                                                          ; 0                 ; 6       ;
;      - pre_v2:grayscale|sr_data_4_0[13]                                                                                                                          ; 0                 ; 6       ;
;      - pre_v2:grayscale|sr_data_3_0[13]                                                                                                                          ; 0                 ; 6       ;
;      - pre_v2:grayscale|sr_data_2_0[13]                                                                                                                          ; 0                 ; 6       ;
;      - pre_v2:grayscale|sr_data_1_0[13]                                                                                                                          ; 0                 ; 6       ;
;      - pre_v2:grayscale|sr_data_0_0[13]                                                                                                                          ; 0                 ; 6       ;
;      - pre_v2:grayscale|sr_data_27_0[14]                                                                                                                         ; 0                 ; 6       ;
;      - pre_v2:grayscale|sr_data_26_0[14]                                                                                                                         ; 0                 ; 6       ;
;      - pre_v2:grayscale|sr_data_25_0[14]                                                                                                                         ; 0                 ; 6       ;
;      - pre_v2:grayscale|sr_data_24_0[14]                                                                                                                         ; 0                 ; 6       ;
;      - pre_v2:grayscale|sr_data_23_0[14]                                                                                                                         ; 0                 ; 6       ;
;      - pre_v2:grayscale|sr_data_22_0[14]                                                                                                                         ; 0                 ; 6       ;
;      - pre_v2:grayscale|sr_data_21_0[14]                                                                                                                         ; 0                 ; 6       ;
;      - pre_v2:grayscale|sr_data_20_0[14]                                                                                                                         ; 0                 ; 6       ;
;      - pre_v2:grayscale|sr_data_19_0[14]                                                                                                                         ; 0                 ; 6       ;
;      - pre_v2:grayscale|sr_data_18_0[14]                                                                                                                         ; 0                 ; 6       ;
;      - pre_v2:grayscale|sr_data_17_0[14]                                                                                                                         ; 0                 ; 6       ;
;      - pre_v2:grayscale|sr_data_16_0[14]                                                                                                                         ; 0                 ; 6       ;
;      - pre_v2:grayscale|sr_data_15_0[14]                                                                                                                         ; 0                 ; 6       ;
;      - pre_v2:grayscale|sr_data_14_0[14]                                                                                                                         ; 0                 ; 6       ;
;      - pre_v2:grayscale|sr_data_13_0[14]                                                                                                                         ; 0                 ; 6       ;
;      - pre_v2:grayscale|sr_data_12_0[14]                                                                                                                         ; 0                 ; 6       ;
;      - pre_v2:grayscale|sr_data_11_0[14]                                                                                                                         ; 0                 ; 6       ;
;      - pre_v2:grayscale|sr_data_10_0[14]                                                                                                                         ; 0                 ; 6       ;
;      - pre_v2:grayscale|sr_data_9_0[14]                                                                                                                          ; 0                 ; 6       ;
;      - pre_v2:grayscale|sr_data_8_0[14]                                                                                                                          ; 0                 ; 6       ;
;      - pre_v2:grayscale|sr_data_7_0[14]                                                                                                                          ; 0                 ; 6       ;
;      - pre_v2:grayscale|sr_data_6_0[14]                                                                                                                          ; 0                 ; 6       ;
;      - pre_v2:grayscale|sr_data_5_0[14]                                                                                                                          ; 0                 ; 6       ;
;      - pre_v2:grayscale|sr_data_4_0[14]                                                                                                                          ; 0                 ; 6       ;
;      - pre_v2:grayscale|sr_data_3_0[14]                                                                                                                          ; 0                 ; 6       ;
;      - pre_v2:grayscale|sr_data_2_0[14]                                                                                                                          ; 0                 ; 6       ;
;      - pre_v2:grayscale|sr_data_1_0[14]                                                                                                                          ; 0                 ; 6       ;
;      - pre_v2:grayscale|sr_data_0_0[14]                                                                                                                          ; 0                 ; 6       ;
;      - pre_v2:grayscale|sr_data_27_0[15]                                                                                                                         ; 0                 ; 6       ;
;      - pre_v2:grayscale|sr_data_26_0[15]                                                                                                                         ; 0                 ; 6       ;
;      - pre_v2:grayscale|sr_data_25_0[15]                                                                                                                         ; 0                 ; 6       ;
;      - pre_v2:grayscale|sr_data_24_0[15]                                                                                                                         ; 0                 ; 6       ;
;      - pre_v2:grayscale|sr_data_23_0[15]                                                                                                                         ; 0                 ; 6       ;
;      - pre_v2:grayscale|sr_data_22_0[15]                                                                                                                         ; 0                 ; 6       ;
;      - pre_v2:grayscale|sr_data_21_0[15]                                                                                                                         ; 0                 ; 6       ;
;      - pre_v2:grayscale|sr_data_20_0[15]                                                                                                                         ; 0                 ; 6       ;
;      - pre_v2:grayscale|sr_data_19_0[15]                                                                                                                         ; 0                 ; 6       ;
;      - pre_v2:grayscale|sr_data_18_0[15]                                                                                                                         ; 0                 ; 6       ;
;      - pre_v2:grayscale|sr_data_17_0[15]                                                                                                                         ; 0                 ; 6       ;
;      - pre_v2:grayscale|sr_data_16_0[15]                                                                                                                         ; 0                 ; 6       ;
;      - pre_v2:grayscale|sr_data_15_0[15]                                                                                                                         ; 0                 ; 6       ;
;      - pre_v2:grayscale|sr_data_14_0[15]                                                                                                                         ; 0                 ; 6       ;
;      - pre_v2:grayscale|sr_data_13_0[15]                                                                                                                         ; 0                 ; 6       ;
;      - pre_v2:grayscale|sr_data_12_0[15]                                                                                                                         ; 0                 ; 6       ;
;      - pre_v2:grayscale|sr_data_11_0[15]                                                                                                                         ; 0                 ; 6       ;
;      - pre_v2:grayscale|sr_data_10_0[15]                                                                                                                         ; 0                 ; 6       ;
;      - pre_v2:grayscale|sr_data_9_0[15]                                                                                                                          ; 0                 ; 6       ;
;      - pre_v2:grayscale|sr_data_8_0[15]                                                                                                                          ; 0                 ; 6       ;
;      - pre_v2:grayscale|sr_data_7_0[15]                                                                                                                          ; 0                 ; 6       ;
;      - pre_v2:grayscale|sr_data_6_0[15]                                                                                                                          ; 0                 ; 6       ;
;      - pre_v2:grayscale|sr_data_5_0[15]                                                                                                                          ; 0                 ; 6       ;
;      - pre_v2:grayscale|sr_data_4_0[15]                                                                                                                          ; 0                 ; 6       ;
;      - pre_v2:grayscale|sr_data_3_0[15]                                                                                                                          ; 0                 ; 6       ;
;      - pre_v2:grayscale|sr_data_2_0[15]                                                                                                                          ; 0                 ; 6       ;
;      - pre_v2:grayscale|sr_data_1_0[15]                                                                                                                          ; 0                 ; 6       ;
;      - pre_v2:grayscale|sr_data_0_0[15]                                                                                                                          ; 0                 ; 6       ;
;      - pre_v2:grayscale|sr_data_27_0[16]                                                                                                                         ; 0                 ; 6       ;
;      - pre_v2:grayscale|sr_data_26_0[16]                                                                                                                         ; 0                 ; 6       ;
;      - pre_v2:grayscale|sr_data_25_0[16]                                                                                                                         ; 0                 ; 6       ;
;      - pre_v2:grayscale|sr_data_24_0[16]                                                                                                                         ; 0                 ; 6       ;
;      - pre_v2:grayscale|sr_data_23_0[16]                                                                                                                         ; 0                 ; 6       ;
;      - pre_v2:grayscale|sr_data_22_0[16]                                                                                                                         ; 0                 ; 6       ;
;      - pre_v2:grayscale|sr_data_21_0[16]                                                                                                                         ; 0                 ; 6       ;
;      - pre_v2:grayscale|sr_data_20_0[16]                                                                                                                         ; 0                 ; 6       ;
;      - pre_v2:grayscale|sr_data_19_0[16]                                                                                                                         ; 0                 ; 6       ;
;      - pre_v2:grayscale|sr_data_18_0[16]                                                                                                                         ; 0                 ; 6       ;
;      - pre_v2:grayscale|sr_data_17_0[16]                                                                                                                         ; 0                 ; 6       ;
;      - pre_v2:grayscale|sr_data_16_0[16]                                                                                                                         ; 0                 ; 6       ;
;      - pre_v2:grayscale|sr_data_15_0[16]                                                                                                                         ; 0                 ; 6       ;
;      - pre_v2:grayscale|sr_data_14_0[16]                                                                                                                         ; 0                 ; 6       ;
;      - pre_v2:grayscale|sr_data_13_0[16]                                                                                                                         ; 0                 ; 6       ;
;      - pre_v2:grayscale|sr_data_12_0[16]                                                                                                                         ; 0                 ; 6       ;
;      - pre_v2:grayscale|sr_data_11_0[16]                                                                                                                         ; 0                 ; 6       ;
;      - pre_v2:grayscale|sr_data_10_0[16]                                                                                                                         ; 0                 ; 6       ;
;      - pre_v2:grayscale|sr_data_9_0[16]                                                                                                                          ; 0                 ; 6       ;
;      - pre_v2:grayscale|sr_data_8_0[16]                                                                                                                          ; 0                 ; 6       ;
;      - pre_v2:grayscale|sr_data_7_0[16]                                                                                                                          ; 0                 ; 6       ;
;      - pre_v2:grayscale|sr_data_6_0[16]                                                                                                                          ; 0                 ; 6       ;
;      - pre_v2:grayscale|sr_data_5_0[16]                                                                                                                          ; 0                 ; 6       ;
;      - pre_v2:grayscale|sr_data_4_0[16]                                                                                                                          ; 0                 ; 6       ;
;      - pre_v2:grayscale|sr_data_3_0[16]                                                                                                                          ; 0                 ; 6       ;
;      - pre_v2:grayscale|sr_data_2_0[16]                                                                                                                          ; 0                 ; 6       ;
;      - pre_v2:grayscale|sr_data_1_0[16]                                                                                                                          ; 0                 ; 6       ;
;      - pre_v2:grayscale|sr_data_0_0[16]                                                                                                                          ; 0                 ; 6       ;
;      - rd_addr[21]                                                                                                                                               ; 0                 ; 6       ;
;      - cam_wrp:cam_wrp_0|addr_sdram[21]                                                                                                                          ; 0                 ; 6       ;
;      - pre_v2:grayscale|sr_data_27_0[5]                                                                                                                          ; 0                 ; 6       ;
;      - pre_v2:grayscale|sr_data_26_0[5]                                                                                                                          ; 0                 ; 6       ;
;      - pre_v2:grayscale|sr_data_25_0[5]                                                                                                                          ; 0                 ; 6       ;
;      - pre_v2:grayscale|sr_data_24_0[5]                                                                                                                          ; 0                 ; 6       ;
;      - pre_v2:grayscale|sr_data_23_0[5]                                                                                                                          ; 0                 ; 6       ;
;      - pre_v2:grayscale|sr_data_22_0[5]                                                                                                                          ; 0                 ; 6       ;
;      - pre_v2:grayscale|sr_data_21_0[5]                                                                                                                          ; 0                 ; 6       ;
;      - pre_v2:grayscale|sr_data_20_0[5]                                                                                                                          ; 0                 ; 6       ;
;      - pre_v2:grayscale|sr_data_19_0[5]                                                                                                                          ; 0                 ; 6       ;
;      - pre_v2:grayscale|sr_data_18_0[5]                                                                                                                          ; 0                 ; 6       ;
;      - pre_v2:grayscale|sr_data_17_0[5]                                                                                                                          ; 0                 ; 6       ;
;      - pre_v2:grayscale|sr_data_16_0[5]                                                                                                                          ; 0                 ; 6       ;
;      - pre_v2:grayscale|sr_data_15_0[5]                                                                                                                          ; 0                 ; 6       ;
;      - pre_v2:grayscale|sr_data_14_0[5]                                                                                                                          ; 0                 ; 6       ;
;      - pre_v2:grayscale|sr_data_13_0[5]                                                                                                                          ; 0                 ; 6       ;
;      - pre_v2:grayscale|sr_data_12_0[5]                                                                                                                          ; 0                 ; 6       ;
;      - pre_v2:grayscale|sr_data_11_0[5]                                                                                                                          ; 0                 ; 6       ;
;      - pre_v2:grayscale|sr_data_10_0[5]                                                                                                                          ; 0                 ; 6       ;
;      - pre_v2:grayscale|sr_data_9_0[5]                                                                                                                           ; 0                 ; 6       ;
;      - pre_v2:grayscale|sr_data_8_0[5]                                                                                                                           ; 0                 ; 6       ;
;      - pre_v2:grayscale|sr_data_7_0[5]                                                                                                                           ; 0                 ; 6       ;
;      - pre_v2:grayscale|sr_data_6_0[5]                                                                                                                           ; 0                 ; 6       ;
;      - pre_v2:grayscale|sr_data_5_0[5]                                                                                                                           ; 0                 ; 6       ;
;      - pre_v2:grayscale|sr_data_4_0[5]                                                                                                                           ; 0                 ; 6       ;
;      - pre_v2:grayscale|sr_data_3_0[5]                                                                                                                           ; 0                 ; 6       ;
;      - pre_v2:grayscale|sr_data_2_0[5]                                                                                                                           ; 0                 ; 6       ;
;      - pre_v2:grayscale|sr_data_1_0[5]                                                                                                                           ; 0                 ; 6       ;
;      - pre_v2:grayscale|sr_data_0_0[5]                                                                                                                           ; 0                 ; 6       ;
;      - pre_v2:grayscale|sr_data_27_0[4]                                                                                                                          ; 0                 ; 6       ;
;      - pre_v2:grayscale|sr_data_26_0[4]                                                                                                                          ; 0                 ; 6       ;
;      - pre_v2:grayscale|sr_data_25_0[4]                                                                                                                          ; 0                 ; 6       ;
;      - pre_v2:grayscale|sr_data_24_0[4]                                                                                                                          ; 0                 ; 6       ;
;      - pre_v2:grayscale|sr_data_23_0[4]                                                                                                                          ; 0                 ; 6       ;
;      - pre_v2:grayscale|sr_data_22_0[4]                                                                                                                          ; 0                 ; 6       ;
;      - pre_v2:grayscale|sr_data_21_0[4]                                                                                                                          ; 0                 ; 6       ;
;      - pre_v2:grayscale|sr_data_20_0[4]                                                                                                                          ; 0                 ; 6       ;
;      - pre_v2:grayscale|sr_data_19_0[4]                                                                                                                          ; 0                 ; 6       ;
;      - pre_v2:grayscale|sr_data_18_0[4]                                                                                                                          ; 0                 ; 6       ;
;      - pre_v2:grayscale|sr_data_17_0[4]                                                                                                                          ; 0                 ; 6       ;
;      - pre_v2:grayscale|sr_data_16_0[4]                                                                                                                          ; 0                 ; 6       ;
;      - pre_v2:grayscale|sr_data_15_0[4]                                                                                                                          ; 0                 ; 6       ;
;      - pre_v2:grayscale|sr_data_14_0[4]                                                                                                                          ; 0                 ; 6       ;
;      - pre_v2:grayscale|sr_data_13_0[4]                                                                                                                          ; 0                 ; 6       ;
;      - pre_v2:grayscale|sr_data_12_0[4]                                                                                                                          ; 0                 ; 6       ;
;      - pre_v2:grayscale|sr_data_11_0[4]                                                                                                                          ; 0                 ; 6       ;
;      - pre_v2:grayscale|sr_data_10_0[4]                                                                                                                          ; 0                 ; 6       ;
;      - pre_v2:grayscale|sr_data_9_0[4]                                                                                                                           ; 0                 ; 6       ;
;      - pre_v2:grayscale|sr_data_8_0[4]                                                                                                                           ; 0                 ; 6       ;
;      - pre_v2:grayscale|sr_data_7_0[4]                                                                                                                           ; 0                 ; 6       ;
;      - pre_v2:grayscale|sr_data_6_0[4]                                                                                                                           ; 0                 ; 6       ;
;      - pre_v2:grayscale|sr_data_5_0[4]                                                                                                                           ; 0                 ; 6       ;
;      - pre_v2:grayscale|sr_data_4_0[4]                                                                                                                           ; 0                 ; 6       ;
;      - pre_v2:grayscale|sr_data_3_0[4]                                                                                                                           ; 0                 ; 6       ;
;      - pre_v2:grayscale|sr_data_2_0[4]                                                                                                                           ; 0                 ; 6       ;
;      - pre_v2:grayscale|sr_data_1_0[4]                                                                                                                           ; 0                 ; 6       ;
;      - pre_v2:grayscale|sr_data_0_0[4]                                                                                                                           ; 0                 ; 6       ;
;      - pre_v2:grayscale|sr_data_27_0[3]                                                                                                                          ; 0                 ; 6       ;
;      - pre_v2:grayscale|sr_data_26_0[3]                                                                                                                          ; 0                 ; 6       ;
;      - pre_v2:grayscale|sr_data_25_0[3]                                                                                                                          ; 0                 ; 6       ;
;      - pre_v2:grayscale|sr_data_24_0[3]                                                                                                                          ; 0                 ; 6       ;
;      - pre_v2:grayscale|sr_data_23_0[3]                                                                                                                          ; 0                 ; 6       ;
;      - pre_v2:grayscale|sr_data_22_0[3]                                                                                                                          ; 0                 ; 6       ;
;      - pre_v2:grayscale|sr_data_21_0[3]                                                                                                                          ; 0                 ; 6       ;
;      - pre_v2:grayscale|sr_data_20_0[3]                                                                                                                          ; 0                 ; 6       ;
;      - pre_v2:grayscale|sr_data_19_0[3]                                                                                                                          ; 0                 ; 6       ;
;      - pre_v2:grayscale|sr_data_18_0[3]                                                                                                                          ; 0                 ; 6       ;
;      - pre_v2:grayscale|sr_data_17_0[3]                                                                                                                          ; 0                 ; 6       ;
;      - pre_v2:grayscale|sr_data_16_0[3]                                                                                                                          ; 0                 ; 6       ;
;      - pre_v2:grayscale|sr_data_15_0[3]                                                                                                                          ; 0                 ; 6       ;
;      - pre_v2:grayscale|sr_data_14_0[3]                                                                                                                          ; 0                 ; 6       ;
;      - pre_v2:grayscale|sr_data_13_0[3]                                                                                                                          ; 0                 ; 6       ;
;      - pre_v2:grayscale|sr_data_12_0[3]                                                                                                                          ; 0                 ; 6       ;
;      - pre_v2:grayscale|sr_data_11_0[3]                                                                                                                          ; 0                 ; 6       ;
;      - pre_v2:grayscale|sr_data_10_0[3]                                                                                                                          ; 0                 ; 6       ;
;      - pre_v2:grayscale|sr_data_9_0[3]                                                                                                                           ; 0                 ; 6       ;
;      - pre_v2:grayscale|sr_data_8_0[3]                                                                                                                           ; 0                 ; 6       ;
;      - pre_v2:grayscale|sr_data_7_0[3]                                                                                                                           ; 0                 ; 6       ;
;      - pre_v2:grayscale|sr_data_6_0[3]                                                                                                                           ; 0                 ; 6       ;
;      - pre_v2:grayscale|sr_data_5_0[3]                                                                                                                           ; 0                 ; 6       ;
;      - pre_v2:grayscale|sr_data_4_0[3]                                                                                                                           ; 0                 ; 6       ;
;      - pre_v2:grayscale|sr_data_3_0[3]                                                                                                                           ; 0                 ; 6       ;
;      - pre_v2:grayscale|sr_data_2_0[3]                                                                                                                           ; 0                 ; 6       ;
;      - pre_v2:grayscale|sr_data_1_0[3]                                                                                                                           ; 0                 ; 6       ;
;      - pre_v2:grayscale|sr_data_0_0[3]                                                                                                                           ; 0                 ; 6       ;
;      - pre_v2:grayscale|sr_data_27_0[2]                                                                                                                          ; 0                 ; 6       ;
;      - pre_v2:grayscale|sr_data_26_0[2]                                                                                                                          ; 0                 ; 6       ;
;      - pre_v2:grayscale|sr_data_25_0[2]                                                                                                                          ; 0                 ; 6       ;
;      - pre_v2:grayscale|sr_data_24_0[2]                                                                                                                          ; 0                 ; 6       ;
;      - pre_v2:grayscale|sr_data_23_0[2]                                                                                                                          ; 0                 ; 6       ;
;      - pre_v2:grayscale|sr_data_22_0[2]                                                                                                                          ; 0                 ; 6       ;
;      - pre_v2:grayscale|sr_data_21_0[2]                                                                                                                          ; 0                 ; 6       ;
;      - pre_v2:grayscale|sr_data_20_0[2]                                                                                                                          ; 0                 ; 6       ;
;      - pre_v2:grayscale|sr_data_19_0[2]                                                                                                                          ; 0                 ; 6       ;
;      - pre_v2:grayscale|sr_data_18_0[2]                                                                                                                          ; 0                 ; 6       ;
;      - pre_v2:grayscale|sr_data_17_0[2]                                                                                                                          ; 0                 ; 6       ;
;      - pre_v2:grayscale|sr_data_16_0[2]                                                                                                                          ; 0                 ; 6       ;
;      - pre_v2:grayscale|sr_data_15_0[2]                                                                                                                          ; 0                 ; 6       ;
;      - pre_v2:grayscale|sr_data_14_0[2]                                                                                                                          ; 0                 ; 6       ;
;      - pre_v2:grayscale|sr_data_13_0[2]                                                                                                                          ; 0                 ; 6       ;
;      - pre_v2:grayscale|sr_data_12_0[2]                                                                                                                          ; 0                 ; 6       ;
;      - pre_v2:grayscale|sr_data_11_0[2]                                                                                                                          ; 0                 ; 6       ;
;      - pre_v2:grayscale|sr_data_10_0[2]                                                                                                                          ; 0                 ; 6       ;
;      - pre_v2:grayscale|sr_data_9_0[2]                                                                                                                           ; 0                 ; 6       ;
;      - pre_v2:grayscale|sr_data_8_0[2]                                                                                                                           ; 0                 ; 6       ;
;      - pre_v2:grayscale|sr_data_7_0[2]                                                                                                                           ; 0                 ; 6       ;
;      - pre_v2:grayscale|sr_data_6_0[2]                                                                                                                           ; 0                 ; 6       ;
;      - pre_v2:grayscale|sr_data_5_0[2]                                                                                                                           ; 0                 ; 6       ;
;      - pre_v2:grayscale|sr_data_4_0[2]                                                                                                                           ; 0                 ; 6       ;
;      - pre_v2:grayscale|sr_data_3_0[2]                                                                                                                           ; 0                 ; 6       ;
;      - pre_v2:grayscale|sr_data_2_0[2]                                                                                                                           ; 0                 ; 6       ;
;      - pre_v2:grayscale|sr_data_1_0[2]                                                                                                                           ; 0                 ; 6       ;
;      - pre_v2:grayscale|sr_data_0_0[2]                                                                                                                           ; 0                 ; 6       ;
;      - pre_v2:grayscale|sr_data_27_0[1]                                                                                                                          ; 0                 ; 6       ;
;      - pre_v2:grayscale|sr_data_26_0[1]                                                                                                                          ; 0                 ; 6       ;
;      - pre_v2:grayscale|sr_data_25_0[1]                                                                                                                          ; 0                 ; 6       ;
;      - pre_v2:grayscale|sr_data_24_0[1]                                                                                                                          ; 0                 ; 6       ;
;      - pre_v2:grayscale|sr_data_23_0[1]                                                                                                                          ; 0                 ; 6       ;
;      - pre_v2:grayscale|sr_data_22_0[1]                                                                                                                          ; 0                 ; 6       ;
;      - pre_v2:grayscale|sr_data_21_0[1]                                                                                                                          ; 0                 ; 6       ;
;      - pre_v2:grayscale|sr_data_20_0[1]                                                                                                                          ; 0                 ; 6       ;
;      - pre_v2:grayscale|sr_data_19_0[1]                                                                                                                          ; 0                 ; 6       ;
;      - pre_v2:grayscale|sr_data_18_0[1]                                                                                                                          ; 0                 ; 6       ;
;      - pre_v2:grayscale|sr_data_17_0[1]                                                                                                                          ; 0                 ; 6       ;
;      - pre_v2:grayscale|sr_data_16_0[1]                                                                                                                          ; 0                 ; 6       ;
;      - pre_v2:grayscale|sr_data_15_0[1]                                                                                                                          ; 0                 ; 6       ;
;      - pre_v2:grayscale|sr_data_14_0[1]                                                                                                                          ; 0                 ; 6       ;
;      - pre_v2:grayscale|sr_data_13_0[1]                                                                                                                          ; 0                 ; 6       ;
;      - pre_v2:grayscale|sr_data_12_0[1]                                                                                                                          ; 0                 ; 6       ;
;      - pre_v2:grayscale|sr_data_11_0[1]                                                                                                                          ; 0                 ; 6       ;
;      - pre_v2:grayscale|sr_data_10_0[1]                                                                                                                          ; 0                 ; 6       ;
;      - pre_v2:grayscale|sr_data_9_0[1]                                                                                                                           ; 0                 ; 6       ;
;      - pre_v2:grayscale|sr_data_8_0[1]                                                                                                                           ; 0                 ; 6       ;
;      - pre_v2:grayscale|sr_data_7_0[1]                                                                                                                           ; 0                 ; 6       ;
;      - pre_v2:grayscale|sr_data_6_0[1]                                                                                                                           ; 0                 ; 6       ;
;      - pre_v2:grayscale|sr_data_5_0[1]                                                                                                                           ; 0                 ; 6       ;
;      - pre_v2:grayscale|sr_data_4_0[1]                                                                                                                           ; 0                 ; 6       ;
;      - pre_v2:grayscale|sr_data_3_0[1]                                                                                                                           ; 0                 ; 6       ;
;      - pre_v2:grayscale|sr_data_2_0[1]                                                                                                                           ; 0                 ; 6       ;
;      - pre_v2:grayscale|sr_data_1_0[1]                                                                                                                           ; 0                 ; 6       ;
;      - pre_v2:grayscale|sr_data_0_0[1]                                                                                                                           ; 0                 ; 6       ;
;      - cam_wrp:cam_wrp_0|wr_enable                                                                                                                               ; 0                 ; 6       ;
;      - hellosoc_top:TFT|fifo_big:fifo_tft|dcfifo:dcfifo_component|dcfifo_4ul1:auto_generated|wrfull_eq_comp_lsb_mux_reg                                          ; 0                 ; 6       ;
;      - hellosoc_top:TFT|fifo_big:fifo_tft|dcfifo:dcfifo_component|dcfifo_4ul1:auto_generated|wrfull_eq_comp_msb_mux_reg                                          ; 0                 ; 6       ;
;      - ready                                                                                                                                                     ; 0                 ; 6       ;
;      - hellosoc_top:TFT|start                                                                                                                                    ; 0                 ; 6       ;
;      - hellosoc_top:TFT|fifo_big:fifo_tft|dcfifo:dcfifo_component|dcfifo_4ul1:auto_generated|rdemp_eq_comp_lsb_aeb                                               ; 0                 ; 6       ;
;      - hellosoc_top:TFT|fifo_big:fifo_tft|dcfifo:dcfifo_component|dcfifo_4ul1:auto_generated|rdemp_eq_comp_msb_aeb                                               ; 0                 ; 6       ;
;      - sdram_controller:SDRAM|rd_ready_r                                                                                                                         ; 0                 ; 6       ;
;      - hellosoc_top:TFT|fifo_big:fifo_tft|dcfifo:dcfifo_component|dcfifo_4ul1:auto_generated|wrptr_g[0]                                                          ; 0                 ; 6       ;
;      - hellosoc_top:TFT|fifo_big:fifo_tft|dcfifo:dcfifo_component|dcfifo_4ul1:auto_generated|wrptr_g[1]                                                          ; 0                 ; 6       ;
;      - hellosoc_top:TFT|fifo_big:fifo_tft|dcfifo:dcfifo_component|dcfifo_4ul1:auto_generated|wrptr_g[2]                                                          ; 0                 ; 6       ;
;      - hellosoc_top:TFT|fifo_big:fifo_tft|dcfifo:dcfifo_component|dcfifo_4ul1:auto_generated|wrptr_g[3]                                                          ; 0                 ; 6       ;
;      - hellosoc_top:TFT|fifo_big:fifo_tft|dcfifo:dcfifo_component|dcfifo_4ul1:auto_generated|wrptr_g[4]                                                          ; 0                 ; 6       ;
;      - hellosoc_top:TFT|fifo_big:fifo_tft|dcfifo:dcfifo_component|dcfifo_4ul1:auto_generated|wrptr_g[5]                                                          ; 0                 ; 6       ;
;      - hellosoc_top:TFT|fifo_big:fifo_tft|dcfifo:dcfifo_component|dcfifo_4ul1:auto_generated|wrptr_g[6]                                                          ; 0                 ; 6       ;
;      - hellosoc_top:TFT|fifo_big:fifo_tft|dcfifo:dcfifo_component|dcfifo_4ul1:auto_generated|wrptr_g[7]                                                          ; 0                 ; 6       ;
;      - hellosoc_top:TFT|fifo_big:fifo_tft|dcfifo:dcfifo_component|dcfifo_4ul1:auto_generated|wrptr_g[8]                                                          ; 0                 ; 6       ;
;      - hellosoc_top:TFT|fifo_big:fifo_tft|dcfifo:dcfifo_component|dcfifo_4ul1:auto_generated|wrptr_g[10]                                                         ; 0                 ; 6       ;
;      - hellosoc_top:TFT|fifo_big:fifo_tft|dcfifo:dcfifo_component|dcfifo_4ul1:auto_generated|wrptr_g[9]                                                          ; 0                 ; 6       ;
;      - hellosoc_top:TFT|fifo_big:fifo_tft|dcfifo:dcfifo_component|dcfifo_4ul1:auto_generated|a_graycounter_677:rdptr_g1p|counter5a0                              ; 0                 ; 6       ;
;      - hellosoc_top:TFT|fifo_big:fifo_tft|dcfifo:dcfifo_component|dcfifo_4ul1:auto_generated|a_graycounter_677:rdptr_g1p|counter5a1                              ; 0                 ; 6       ;
;      - hellosoc_top:TFT|fifo_big:fifo_tft|dcfifo:dcfifo_component|dcfifo_4ul1:auto_generated|a_graycounter_677:rdptr_g1p|counter5a2                              ; 0                 ; 6       ;
;      - hellosoc_top:TFT|fifo_big:fifo_tft|dcfifo:dcfifo_component|dcfifo_4ul1:auto_generated|a_graycounter_677:rdptr_g1p|counter5a3                              ; 0                 ; 6       ;
;      - hellosoc_top:TFT|fifo_big:fifo_tft|dcfifo:dcfifo_component|dcfifo_4ul1:auto_generated|a_graycounter_677:rdptr_g1p|counter5a4                              ; 0                 ; 6       ;
;      - hellosoc_top:TFT|fifo_big:fifo_tft|dcfifo:dcfifo_component|dcfifo_4ul1:auto_generated|a_graycounter_677:rdptr_g1p|counter5a5                              ; 0                 ; 6       ;
;      - hellosoc_top:TFT|fifo_big:fifo_tft|dcfifo:dcfifo_component|dcfifo_4ul1:auto_generated|a_graycounter_677:rdptr_g1p|counter5a6                              ; 0                 ; 6       ;
;      - hellosoc_top:TFT|fifo_big:fifo_tft|dcfifo:dcfifo_component|dcfifo_4ul1:auto_generated|a_graycounter_677:rdptr_g1p|counter5a7                              ; 0                 ; 6       ;
;      - hellosoc_top:TFT|fifo_big:fifo_tft|dcfifo:dcfifo_component|dcfifo_4ul1:auto_generated|a_graycounter_677:rdptr_g1p|counter5a8                              ; 0                 ; 6       ;
;      - hellosoc_top:TFT|fifo_big:fifo_tft|dcfifo:dcfifo_component|dcfifo_4ul1:auto_generated|a_graycounter_677:rdptr_g1p|counter5a9                              ; 0                 ; 6       ;
;      - hellosoc_top:TFT|fifo_big:fifo_tft|dcfifo:dcfifo_component|dcfifo_4ul1:auto_generated|a_graycounter_677:rdptr_g1p|counter5a10                             ; 0                 ; 6       ;
;      - sdram_controller:SDRAM|command~2                                                                                                                          ; 0                 ; 6       ;
;      - sdram_controller:SDRAM|command[5]~3                                                                                                                       ; 0                 ; 6       ;
;      - sdram_controller:SDRAM|command[5]~4                                                                                                                       ; 0                 ; 6       ;
;      - sdram_controller:SDRAM|state[4]~0                                                                                                                         ; 0                 ; 6       ;
;      - sdram_controller:SDRAM|state[4]~1                                                                                                                         ; 0                 ; 6       ;
;      - sdram_controller:SDRAM|state[0]~8                                                                                                                         ; 0                 ; 6       ;
;      - cam_wrp:cam_wrp_0|fifo_1024x16:input_fifo|dcfifo:dcfifo_component|dcfifo_90o1:auto_generated|dffpipe_pe9:rs_bwp|dffe12a[7]                                ; 0                 ; 6       ;
;      - cam_wrp:cam_wrp_0|fifo_1024x16:input_fifo|dcfifo:dcfifo_component|dcfifo_90o1:auto_generated|dffpipe_pe9:rs_brp|dffe12a[7]                                ; 0                 ; 6       ;
;      - cam_wrp:cam_wrp_0|fifo_1024x16:input_fifo|dcfifo:dcfifo_component|dcfifo_90o1:auto_generated|dffpipe_pe9:rs_bwp|dffe12a[6]                                ; 0                 ; 6       ;
;      - cam_wrp:cam_wrp_0|fifo_1024x16:input_fifo|dcfifo:dcfifo_component|dcfifo_90o1:auto_generated|dffpipe_pe9:rs_brp|dffe12a[6]                                ; 0                 ; 6       ;
;      - cam_wrp:cam_wrp_0|fifo_1024x16:input_fifo|dcfifo:dcfifo_component|dcfifo_90o1:auto_generated|dffpipe_pe9:rs_bwp|dffe12a[5]                                ; 0                 ; 6       ;
;      - cam_wrp:cam_wrp_0|fifo_1024x16:input_fifo|dcfifo:dcfifo_component|dcfifo_90o1:auto_generated|dffpipe_pe9:rs_brp|dffe12a[5]                                ; 0                 ; 6       ;
;      - cam_wrp:cam_wrp_0|fifo_1024x16:input_fifo|dcfifo:dcfifo_component|dcfifo_90o1:auto_generated|dffpipe_pe9:rs_bwp|dffe12a[4]                                ; 0                 ; 6       ;
;      - cam_wrp:cam_wrp_0|fifo_1024x16:input_fifo|dcfifo:dcfifo_component|dcfifo_90o1:auto_generated|dffpipe_pe9:rs_brp|dffe12a[4]                                ; 0                 ; 6       ;
;      - cam_wrp:cam_wrp_0|fifo_1024x16:input_fifo|dcfifo:dcfifo_component|dcfifo_90o1:auto_generated|dffpipe_pe9:rs_bwp|dffe12a[3]                                ; 0                 ; 6       ;
;      - cam_wrp:cam_wrp_0|fifo_1024x16:input_fifo|dcfifo:dcfifo_component|dcfifo_90o1:auto_generated|dffpipe_pe9:rs_brp|dffe12a[3]                                ; 0                 ; 6       ;
;      - cam_wrp:cam_wrp_0|fifo_1024x16:input_fifo|dcfifo:dcfifo_component|dcfifo_90o1:auto_generated|dffpipe_pe9:rs_bwp|dffe12a[2]                                ; 0                 ; 6       ;
;      - cam_wrp:cam_wrp_0|fifo_1024x16:input_fifo|dcfifo:dcfifo_component|dcfifo_90o1:auto_generated|dffpipe_pe9:rs_brp|dffe12a[2]                                ; 0                 ; 6       ;
;      - cam_wrp:cam_wrp_0|fifo_1024x16:input_fifo|dcfifo:dcfifo_component|dcfifo_90o1:auto_generated|dffpipe_pe9:rs_bwp|dffe12a[1]                                ; 0                 ; 6       ;
;      - cam_wrp:cam_wrp_0|fifo_1024x16:input_fifo|dcfifo:dcfifo_component|dcfifo_90o1:auto_generated|dffpipe_pe9:rs_brp|dffe12a[1]                                ; 0                 ; 6       ;
;      - cam_wrp:cam_wrp_0|fifo_1024x16:input_fifo|dcfifo:dcfifo_component|dcfifo_90o1:auto_generated|dffpipe_pe9:rs_bwp|dffe12a[0]                                ; 0                 ; 6       ;
;      - cam_wrp:cam_wrp_0|fifo_1024x16:input_fifo|dcfifo:dcfifo_component|dcfifo_90o1:auto_generated|dffpipe_pe9:rs_brp|dffe12a[0]                                ; 0                 ; 6       ;
;      - cam_wrp:cam_wrp_0|fifo_1024x16:input_fifo|dcfifo:dcfifo_component|dcfifo_90o1:auto_generated|dffpipe_pe9:rs_bwp|dffe12a[8]                                ; 0                 ; 6       ;
;      - cam_wrp:cam_wrp_0|fifo_1024x16:input_fifo|dcfifo:dcfifo_component|dcfifo_90o1:auto_generated|dffpipe_pe9:rs_brp|dffe12a[8]                                ; 0                 ; 6       ;
;      - cam_wrp:cam_wrp_0|fifo_1024x16:input_fifo|dcfifo:dcfifo_component|dcfifo_90o1:auto_generated|dffpipe_pe9:rs_bwp|dffe12a[9]                                ; 0                 ; 6       ;
;      - cam_wrp:cam_wrp_0|fifo_1024x16:input_fifo|dcfifo:dcfifo_component|dcfifo_90o1:auto_generated|dffpipe_pe9:rs_brp|dffe12a[9]                                ; 0                 ; 6       ;
;      - hellosoc_top:TFT|fifo_big:fifo_tft|dcfifo:dcfifo_component|dcfifo_4ul1:auto_generated|rdptr_g[4]                                                          ; 0                 ; 6       ;
;      - hellosoc_top:TFT|fifo_big:fifo_tft|dcfifo:dcfifo_component|dcfifo_4ul1:auto_generated|rdptr_g[5]                                                          ; 0                 ; 6       ;
;      - hellosoc_top:TFT|fifo_big:fifo_tft|dcfifo:dcfifo_component|dcfifo_4ul1:auto_generated|a_graycounter_2lc:wrptr_g1p|counter8a5                              ; 0                 ; 6       ;
;      - hellosoc_top:TFT|fifo_big:fifo_tft|dcfifo:dcfifo_component|dcfifo_4ul1:auto_generated|a_graycounter_2lc:wrptr_g1p|counter8a4                              ; 0                 ; 6       ;
;      - hellosoc_top:TFT|fifo_big:fifo_tft|dcfifo:dcfifo_component|dcfifo_4ul1:auto_generated|rdptr_g[2]                                                          ; 0                 ; 6       ;
;      - hellosoc_top:TFT|fifo_big:fifo_tft|dcfifo:dcfifo_component|dcfifo_4ul1:auto_generated|rdptr_g[3]                                                          ; 0                 ; 6       ;
;      - hellosoc_top:TFT|fifo_big:fifo_tft|dcfifo:dcfifo_component|dcfifo_4ul1:auto_generated|a_graycounter_2lc:wrptr_g1p|counter8a3                              ; 0                 ; 6       ;
;      - hellosoc_top:TFT|fifo_big:fifo_tft|dcfifo:dcfifo_component|dcfifo_4ul1:auto_generated|a_graycounter_2lc:wrptr_g1p|counter8a2                              ; 0                 ; 6       ;
;      - hellosoc_top:TFT|fifo_big:fifo_tft|dcfifo:dcfifo_component|dcfifo_4ul1:auto_generated|rdptr_g[1]                                                          ; 0                 ; 6       ;
;      - hellosoc_top:TFT|fifo_big:fifo_tft|dcfifo:dcfifo_component|dcfifo_4ul1:auto_generated|a_graycounter_2lc:wrptr_g1p|counter8a1                              ; 0                 ; 6       ;
;      - hellosoc_top:TFT|fifo_big:fifo_tft|dcfifo:dcfifo_component|dcfifo_4ul1:auto_generated|rdptr_g[0]                                                          ; 0                 ; 6       ;
;      - hellosoc_top:TFT|fifo_big:fifo_tft|dcfifo:dcfifo_component|dcfifo_4ul1:auto_generated|a_graycounter_2lc:wrptr_g1p|counter8a0                              ; 0                 ; 6       ;
;      - hellosoc_top:TFT|fifo_big:fifo_tft|dcfifo:dcfifo_component|dcfifo_4ul1:auto_generated|rdptr_g[7]                                                          ; 0                 ; 6       ;
;      - hellosoc_top:TFT|fifo_big:fifo_tft|dcfifo:dcfifo_component|dcfifo_4ul1:auto_generated|a_graycounter_2lc:wrptr_g1p|counter8a7                              ; 0                 ; 6       ;
;      - hellosoc_top:TFT|fifo_big:fifo_tft|dcfifo:dcfifo_component|dcfifo_4ul1:auto_generated|rdptr_g[6]                                                          ; 0                 ; 6       ;
;      - hellosoc_top:TFT|fifo_big:fifo_tft|dcfifo:dcfifo_component|dcfifo_4ul1:auto_generated|rdptr_g[9]                                                          ; 0                 ; 6       ;
;      - hellosoc_top:TFT|fifo_big:fifo_tft|dcfifo:dcfifo_component|dcfifo_4ul1:auto_generated|rdptr_g[8]                                                          ; 0                 ; 6       ;
;      - hellosoc_top:TFT|fifo_big:fifo_tft|dcfifo:dcfifo_component|dcfifo_4ul1:auto_generated|rdptr_g[10]                                                         ; 0                 ; 6       ;
;      - hellosoc_top:TFT|fifo_big:fifo_tft|dcfifo:dcfifo_component|dcfifo_4ul1:auto_generated|a_graycounter_2lc:wrptr_g1p|counter8a8                              ; 0                 ; 6       ;
;      - hellosoc_top:TFT|fifo_big:fifo_tft|dcfifo:dcfifo_component|dcfifo_4ul1:auto_generated|a_graycounter_2lc:wrptr_g1p|counter8a10                             ; 0                 ; 6       ;
;      - hellosoc_top:TFT|fifo_big:fifo_tft|dcfifo:dcfifo_component|dcfifo_4ul1:auto_generated|a_graycounter_2lc:wrptr_g1p|counter8a6                              ; 0                 ; 6       ;
;      - hellosoc_top:TFT|fifo_big:fifo_tft|dcfifo:dcfifo_component|dcfifo_4ul1:auto_generated|a_graycounter_2lc:wrptr_g1p|counter8a9                              ; 0                 ; 6       ;
;      - x_sdram[1]                                                                                                                                                ; 0                 ; 6       ;
;      - x_sdram[0]                                                                                                                                                ; 0                 ; 6       ;
;      - x_sdram[7]                                                                                                                                                ; 0                 ; 6       ;
;      - x_sdram[6]                                                                                                                                                ; 0                 ; 6       ;
;      - x_sdram[8]                                                                                                                                                ; 0                 ; 6       ;
;      - x_sdram[9]                                                                                                                                                ; 0                 ; 6       ;
;      - x_sdram[2]                                                                                                                                                ; 0                 ; 6       ;
;      - x_sdram[3]                                                                                                                                                ; 0                 ; 6       ;
;      - x_sdram[4]                                                                                                                                                ; 0                 ; 6       ;
;      - x_sdram[5]                                                                                                                                                ; 0                 ; 6       ;
;      - hellosoc_top:TFT|x_out[1]                                                                                                                                 ; 0                 ; 6       ;
;      - hellosoc_top:TFT|x_out[5]                                                                                                                                 ; 0                 ; 6       ;
;      - hellosoc_top:TFT|x_out[7]                                                                                                                                 ; 0                 ; 6       ;
;      - hellosoc_top:TFT|x_out[6]                                                                                                                                 ; 0                 ; 6       ;
;      - hellosoc_top:TFT|x_out[4]                                                                                                                                 ; 0                 ; 6       ;
;      - hellosoc_top:TFT|x_out[2]                                                                                                                                 ; 0                 ; 6       ;
;      - hellosoc_top:TFT|x_out[8]                                                                                                                                 ; 0                 ; 6       ;
;      - hellosoc_top:TFT|x_out[3]                                                                                                                                 ; 0                 ; 6       ;
;      - hellosoc_top:TFT|x_out[0]                                                                                                                                 ; 0                 ; 6       ;
;      - hellosoc_top:TFT|fifo_big:fifo_tft|dcfifo:dcfifo_component|dcfifo_4ul1:auto_generated|delayed_wrptr_g[5]                                                  ; 0                 ; 6       ;
;      - hellosoc_top:TFT|fifo_big:fifo_tft|dcfifo:dcfifo_component|dcfifo_4ul1:auto_generated|delayed_wrptr_g[4]                                                  ; 0                 ; 6       ;
;      - hellosoc_top:TFT|fifo_big:fifo_tft|dcfifo:dcfifo_component|dcfifo_4ul1:auto_generated|delayed_wrptr_g[3]                                                  ; 0                 ; 6       ;
;      - hellosoc_top:TFT|fifo_big:fifo_tft|dcfifo:dcfifo_component|dcfifo_4ul1:auto_generated|delayed_wrptr_g[2]                                                  ; 0                 ; 6       ;
;      - hellosoc_top:TFT|fifo_big:fifo_tft|dcfifo:dcfifo_component|dcfifo_4ul1:auto_generated|delayed_wrptr_g[1]                                                  ; 0                 ; 6       ;
;      - hellosoc_top:TFT|fifo_big:fifo_tft|dcfifo:dcfifo_component|dcfifo_4ul1:auto_generated|delayed_wrptr_g[0]                                                  ; 0                 ; 6       ;
;      - hellosoc_top:TFT|fifo_big:fifo_tft|dcfifo:dcfifo_component|dcfifo_4ul1:auto_generated|delayed_wrptr_g[7]                                                  ; 0                 ; 6       ;
;      - hellosoc_top:TFT|fifo_big:fifo_tft|dcfifo:dcfifo_component|dcfifo_4ul1:auto_generated|delayed_wrptr_g[8]                                                  ; 0                 ; 6       ;
;      - hellosoc_top:TFT|fifo_big:fifo_tft|dcfifo:dcfifo_component|dcfifo_4ul1:auto_generated|delayed_wrptr_g[10]                                                 ; 0                 ; 6       ;
;      - hellosoc_top:TFT|fifo_big:fifo_tft|dcfifo:dcfifo_component|dcfifo_4ul1:auto_generated|delayed_wrptr_g[9]                                                  ; 0                 ; 6       ;
;      - hellosoc_top:TFT|fifo_big:fifo_tft|dcfifo:dcfifo_component|dcfifo_4ul1:auto_generated|delayed_wrptr_g[6]                                                  ; 0                 ; 6       ;
;      - sdram_controller:SDRAM|rd_data_r~0                                                                                                                        ; 0                 ; 6       ;
;      - sdram_controller:SDRAM|rd_data_r[11]~1                                                                                                                    ; 0                 ; 6       ;
;      - hellosoc_top:TFT|fifo_big:fifo_tft|dcfifo:dcfifo_component|dcfifo_4ul1:auto_generated|a_graycounter_677:rdptr_g1p|parity6                                 ; 0                 ; 6       ;
;      - sdram_controller:SDRAM|rd_data_r~2                                                                                                                        ; 0                 ; 6       ;
;      - sdram_controller:SDRAM|rd_data_r~3                                                                                                                        ; 0                 ; 6       ;
;      - sdram_controller:SDRAM|rd_data_r~4                                                                                                                        ; 0                 ; 6       ;
;      - sdram_controller:SDRAM|rd_data_r~5                                                                                                                        ; 0                 ; 6       ;
;      - sdram_controller:SDRAM|rd_data_r~6                                                                                                                        ; 0                 ; 6       ;
;      - sdram_controller:SDRAM|rd_data_r~7                                                                                                                        ; 0                 ; 6       ;
;      - sdram_controller:SDRAM|rd_data_r~8                                                                                                                        ; 0                 ; 6       ;
;      - sdram_controller:SDRAM|rd_data_r~9                                                                                                                        ; 0                 ; 6       ;
;      - sdram_controller:SDRAM|rd_data_r~10                                                                                                                       ; 0                 ; 6       ;
;      - sdram_controller:SDRAM|rd_data_r~11                                                                                                                       ; 0                 ; 6       ;
;      - sdram_controller:SDRAM|rd_data_r~12                                                                                                                       ; 0                 ; 6       ;
;      - sdram_controller:SDRAM|rd_data_r~13                                                                                                                       ; 0                 ; 6       ;
;      - sdram_controller:SDRAM|rd_data_r~14                                                                                                                       ; 0                 ; 6       ;
;      - sdram_controller:SDRAM|rd_data_r~15                                                                                                                       ; 0                 ; 6       ;
;      - sdram_controller:SDRAM|rd_data_r~16                                                                                                                       ; 0                 ; 6       ;
;      - cam_wrp:cam_wrp_0|fifo_1024x16:input_fifo|dcfifo:dcfifo_component|dcfifo_90o1:auto_generated|alt_synch_pipe_vd8:rs_dgwp|dffpipe_qe9:dffpipe13|dffe14a[10] ; 0                 ; 6       ;
;      - cam_wrp:cam_wrp_0|fifo_1024x16:input_fifo|dcfifo:dcfifo_component|dcfifo_90o1:auto_generated|alt_synch_pipe_vd8:rs_dgwp|dffpipe_qe9:dffpipe13|dffe14a[9]  ; 0                 ; 6       ;
;      - cam_wrp:cam_wrp_0|fifo_1024x16:input_fifo|dcfifo:dcfifo_component|dcfifo_90o1:auto_generated|alt_synch_pipe_vd8:rs_dgwp|dffpipe_qe9:dffpipe13|dffe14a[8]  ; 0                 ; 6       ;
;      - cam_wrp:cam_wrp_0|fifo_1024x16:input_fifo|dcfifo:dcfifo_component|dcfifo_90o1:auto_generated|alt_synch_pipe_vd8:rs_dgwp|dffpipe_qe9:dffpipe13|dffe14a[7]  ; 0                 ; 6       ;
;      - cam_wrp:cam_wrp_0|fifo_1024x16:input_fifo|dcfifo:dcfifo_component|dcfifo_90o1:auto_generated|rdptr_g[7]                                                   ; 0                 ; 6       ;
;      - cam_wrp:cam_wrp_0|fifo_1024x16:input_fifo|dcfifo:dcfifo_component|dcfifo_90o1:auto_generated|rdptr_g[8]                                                   ; 0                 ; 6       ;
;      - cam_wrp:cam_wrp_0|fifo_1024x16:input_fifo|dcfifo:dcfifo_component|dcfifo_90o1:auto_generated|rdptr_g[10]                                                  ; 0                 ; 6       ;
;      - cam_wrp:cam_wrp_0|fifo_1024x16:input_fifo|dcfifo:dcfifo_component|dcfifo_90o1:auto_generated|rdptr_g[9]                                                   ; 0                 ; 6       ;
;      - cam_wrp:cam_wrp_0|fifo_1024x16:input_fifo|dcfifo:dcfifo_component|dcfifo_90o1:auto_generated|alt_synch_pipe_vd8:rs_dgwp|dffpipe_qe9:dffpipe13|dffe14a[6]  ; 0                 ; 6       ;
;      - cam_wrp:cam_wrp_0|fifo_1024x16:input_fifo|dcfifo:dcfifo_component|dcfifo_90o1:auto_generated|rdptr_g[6]                                                   ; 0                 ; 6       ;
;      - cam_wrp:cam_wrp_0|fifo_1024x16:input_fifo|dcfifo:dcfifo_component|dcfifo_90o1:auto_generated|alt_synch_pipe_vd8:rs_dgwp|dffpipe_qe9:dffpipe13|dffe14a[5]  ; 0                 ; 6       ;
;      - cam_wrp:cam_wrp_0|fifo_1024x16:input_fifo|dcfifo:dcfifo_component|dcfifo_90o1:auto_generated|rdptr_g[5]                                                   ; 0                 ; 6       ;
;      - cam_wrp:cam_wrp_0|fifo_1024x16:input_fifo|dcfifo:dcfifo_component|dcfifo_90o1:auto_generated|alt_synch_pipe_vd8:rs_dgwp|dffpipe_qe9:dffpipe13|dffe14a[4]  ; 0                 ; 6       ;
;      - cam_wrp:cam_wrp_0|fifo_1024x16:input_fifo|dcfifo:dcfifo_component|dcfifo_90o1:auto_generated|rdptr_g[4]                                                   ; 0                 ; 6       ;
;      - cam_wrp:cam_wrp_0|fifo_1024x16:input_fifo|dcfifo:dcfifo_component|dcfifo_90o1:auto_generated|alt_synch_pipe_vd8:rs_dgwp|dffpipe_qe9:dffpipe13|dffe14a[3]  ; 0                 ; 6       ;
;      - cam_wrp:cam_wrp_0|fifo_1024x16:input_fifo|dcfifo:dcfifo_component|dcfifo_90o1:auto_generated|rdptr_g[3]                                                   ; 0                 ; 6       ;
;      - cam_wrp:cam_wrp_0|fifo_1024x16:input_fifo|dcfifo:dcfifo_component|dcfifo_90o1:auto_generated|alt_synch_pipe_vd8:rs_dgwp|dffpipe_qe9:dffpipe13|dffe14a[2]  ; 0                 ; 6       ;
;      - cam_wrp:cam_wrp_0|fifo_1024x16:input_fifo|dcfifo:dcfifo_component|dcfifo_90o1:auto_generated|rdptr_g[2]                                                   ; 0                 ; 6       ;
;      - cam_wrp:cam_wrp_0|fifo_1024x16:input_fifo|dcfifo:dcfifo_component|dcfifo_90o1:auto_generated|alt_synch_pipe_vd8:rs_dgwp|dffpipe_qe9:dffpipe13|dffe14a[1]  ; 0                 ; 6       ;
;      - cam_wrp:cam_wrp_0|fifo_1024x16:input_fifo|dcfifo:dcfifo_component|dcfifo_90o1:auto_generated|rdptr_g[1]                                                   ; 0                 ; 6       ;
;      - cam_wrp:cam_wrp_0|fifo_1024x16:input_fifo|dcfifo:dcfifo_component|dcfifo_90o1:auto_generated|alt_synch_pipe_vd8:rs_dgwp|dffpipe_qe9:dffpipe13|dffe14a[0]  ; 0                 ; 6       ;
;      - cam_wrp:cam_wrp_0|fifo_1024x16:input_fifo|dcfifo:dcfifo_component|dcfifo_90o1:auto_generated|rdptr_g[0]                                                   ; 0                 ; 6       ;
;      - sdram_controller:SDRAM|busy~0                                                                                                                             ; 0                 ; 6       ;
;      - hellosoc_top:TFT|fifo_big:fifo_tft|dcfifo:dcfifo_component|dcfifo_4ul1:auto_generated|a_graycounter_2lc:wrptr_g1p|parity9                                 ; 0                 ; 6       ;
;      - hellosoc_top:TFT|y_out[8]~0                                                                                                                               ; 0                 ; 6       ;
;      - hellosoc_top:TFT|fifo_big:fifo_tft|dcfifo:dcfifo_component|dcfifo_4ul1:auto_generated|a_graycounter_677:rdptr_g1p|sub_parity7a[2]                         ; 0                 ; 6       ;
;      - hellosoc_top:TFT|fifo_big:fifo_tft|dcfifo:dcfifo_component|dcfifo_4ul1:auto_generated|a_graycounter_677:rdptr_g1p|sub_parity7a[1]                         ; 0                 ; 6       ;
;      - hellosoc_top:TFT|fifo_big:fifo_tft|dcfifo:dcfifo_component|dcfifo_4ul1:auto_generated|a_graycounter_677:rdptr_g1p|sub_parity7a[0]                         ; 0                 ; 6       ;
;      - RESULT_2[3]                                                                                                                                               ; 0                 ; 6       ;
;      - RESULT_2[1]                                                                                                                                               ; 0                 ; 6       ;
;      - RESULT_2[0]                                                                                                                                               ; 0                 ; 6       ;
;      - RESULT_2[2]                                                                                                                                               ; 0                 ; 6       ;
;      - cam_wrp:cam_wrp_0|fifo_1024x16:input_fifo|dcfifo:dcfifo_component|dcfifo_90o1:auto_generated|delayed_wrptr_g[10]                                          ; 0                 ; 6       ;
;      - cam_wrp:cam_wrp_0|fifo_1024x16:input_fifo|dcfifo:dcfifo_component|dcfifo_90o1:auto_generated|delayed_wrptr_g[9]                                           ; 0                 ; 6       ;
;      - cam_wrp:cam_wrp_0|fifo_1024x16:input_fifo|dcfifo:dcfifo_component|dcfifo_90o1:auto_generated|delayed_wrptr_g[8]                                           ; 0                 ; 6       ;
;      - cam_wrp:cam_wrp_0|fifo_1024x16:input_fifo|dcfifo:dcfifo_component|dcfifo_90o1:auto_generated|delayed_wrptr_g[7]                                           ; 0                 ; 6       ;
;      - cam_wrp:cam_wrp_0|fifo_1024x16:input_fifo|dcfifo:dcfifo_component|dcfifo_90o1:auto_generated|a_graycounter_677:rdptr_g1p|counter5a7                       ; 0                 ; 6       ;
;      - cam_wrp:cam_wrp_0|fifo_1024x16:input_fifo|dcfifo:dcfifo_component|dcfifo_90o1:auto_generated|rdemp_eq_comp_lsb_aeb                                        ; 0                 ; 6       ;
;      - cam_wrp:cam_wrp_0|fifo_1024x16:input_fifo|dcfifo:dcfifo_component|dcfifo_90o1:auto_generated|rdemp_eq_comp_msb_aeb                                        ; 0                 ; 6       ;
;      - cam_wrp:cam_wrp_0|fifo_1024x16:input_fifo|dcfifo:dcfifo_component|dcfifo_90o1:auto_generated|a_graycounter_677:rdptr_g1p|counter5a8                       ; 0                 ; 6       ;
;      - cam_wrp:cam_wrp_0|fifo_1024x16:input_fifo|dcfifo:dcfifo_component|dcfifo_90o1:auto_generated|a_graycounter_677:rdptr_g1p|counter5a10                      ; 0                 ; 6       ;
;      - cam_wrp:cam_wrp_0|fifo_1024x16:input_fifo|dcfifo:dcfifo_component|dcfifo_90o1:auto_generated|a_graycounter_677:rdptr_g1p|counter5a9                       ; 0                 ; 6       ;
;      - cam_wrp:cam_wrp_0|fifo_1024x16:input_fifo|dcfifo:dcfifo_component|dcfifo_90o1:auto_generated|delayed_wrptr_g[6]                                           ; 0                 ; 6       ;
;      - cam_wrp:cam_wrp_0|fifo_1024x16:input_fifo|dcfifo:dcfifo_component|dcfifo_90o1:auto_generated|a_graycounter_677:rdptr_g1p|counter5a6                       ; 0                 ; 6       ;
;      - cam_wrp:cam_wrp_0|fifo_1024x16:input_fifo|dcfifo:dcfifo_component|dcfifo_90o1:auto_generated|delayed_wrptr_g[5]                                           ; 0                 ; 6       ;
;      - cam_wrp:cam_wrp_0|fifo_1024x16:input_fifo|dcfifo:dcfifo_component|dcfifo_90o1:auto_generated|a_graycounter_677:rdptr_g1p|counter5a5                       ; 0                 ; 6       ;
;      - cam_wrp:cam_wrp_0|fifo_1024x16:input_fifo|dcfifo:dcfifo_component|dcfifo_90o1:auto_generated|delayed_wrptr_g[4]                                           ; 0                 ; 6       ;
;      - cam_wrp:cam_wrp_0|fifo_1024x16:input_fifo|dcfifo:dcfifo_component|dcfifo_90o1:auto_generated|a_graycounter_677:rdptr_g1p|counter5a4                       ; 0                 ; 6       ;
;      - cam_wrp:cam_wrp_0|fifo_1024x16:input_fifo|dcfifo:dcfifo_component|dcfifo_90o1:auto_generated|delayed_wrptr_g[3]                                           ; 0                 ; 6       ;
;      - cam_wrp:cam_wrp_0|fifo_1024x16:input_fifo|dcfifo:dcfifo_component|dcfifo_90o1:auto_generated|a_graycounter_677:rdptr_g1p|counter5a3                       ; 0                 ; 6       ;
;      - cam_wrp:cam_wrp_0|fifo_1024x16:input_fifo|dcfifo:dcfifo_component|dcfifo_90o1:auto_generated|delayed_wrptr_g[2]                                           ; 0                 ; 6       ;
;      - cam_wrp:cam_wrp_0|fifo_1024x16:input_fifo|dcfifo:dcfifo_component|dcfifo_90o1:auto_generated|a_graycounter_677:rdptr_g1p|counter5a2                       ; 0                 ; 6       ;
;      - cam_wrp:cam_wrp_0|fifo_1024x16:input_fifo|dcfifo:dcfifo_component|dcfifo_90o1:auto_generated|delayed_wrptr_g[1]                                           ; 0                 ; 6       ;
;      - cam_wrp:cam_wrp_0|fifo_1024x16:input_fifo|dcfifo:dcfifo_component|dcfifo_90o1:auto_generated|a_graycounter_677:rdptr_g1p|counter5a1                       ; 0                 ; 6       ;
;      - cam_wrp:cam_wrp_0|fifo_1024x16:input_fifo|dcfifo:dcfifo_component|dcfifo_90o1:auto_generated|delayed_wrptr_g[0]                                           ; 0                 ; 6       ;
;      - cam_wrp:cam_wrp_0|fifo_1024x16:input_fifo|dcfifo:dcfifo_component|dcfifo_90o1:auto_generated|a_graycounter_677:rdptr_g1p|counter5a0                       ; 0                 ; 6       ;
;      - sdram_controller:SDRAM|wr_data_r~0                                                                                                                        ; 0                 ; 6       ;
;      - sdram_controller:SDRAM|wr_data_r~1                                                                                                                        ; 0                 ; 6       ;
;      - sdram_controller:SDRAM|wr_data_r~2                                                                                                                        ; 0                 ; 6       ;
;      - sdram_controller:SDRAM|wr_data_r~3                                                                                                                        ; 0                 ; 6       ;
;      - sdram_controller:SDRAM|wr_data_r~4                                                                                                                        ; 0                 ; 6       ;
;      - sdram_controller:SDRAM|wr_data_r~5                                                                                                                        ; 0                 ; 6       ;
;      - sdram_controller:SDRAM|wr_data_r~6                                                                                                                        ; 0                 ; 6       ;
;      - sdram_controller:SDRAM|wr_data_r~7                                                                                                                        ; 0                 ; 6       ;
;      - sdram_controller:SDRAM|wr_data_r~8                                                                                                                        ; 0                 ; 6       ;
;      - sdram_controller:SDRAM|wr_data_r~9                                                                                                                        ; 0                 ; 6       ;
;      - sdram_controller:SDRAM|wr_data_r~10                                                                                                                       ; 0                 ; 6       ;
;      - sdram_controller:SDRAM|wr_data_r~11                                                                                                                       ; 0                 ; 6       ;
;      - sdram_controller:SDRAM|wr_data_r~12                                                                                                                       ; 0                 ; 6       ;
;      - sdram_controller:SDRAM|wr_data_r~13                                                                                                                       ; 0                 ; 6       ;
;      - sdram_controller:SDRAM|wr_data_r~14                                                                                                                       ; 0                 ; 6       ;
;      - sdram_controller:SDRAM|wr_data_r~15                                                                                                                       ; 0                 ; 6       ;
;      - sdram_controller:SDRAM|wr_data_r~16                                                                                                                       ; 0                 ; 6       ;
;      - hellosoc_top:TFT|fifo_big:fifo_tft|dcfifo:dcfifo_component|dcfifo_4ul1:auto_generated|a_graycounter_2lc:wrptr_g1p|sub_parity10a[2]                        ; 0                 ; 6       ;
;      - hellosoc_top:TFT|fifo_big:fifo_tft|dcfifo:dcfifo_component|dcfifo_4ul1:auto_generated|a_graycounter_2lc:wrptr_g1p|sub_parity10a[1]                        ; 0                 ; 6       ;
;      - hellosoc_top:TFT|fifo_big:fifo_tft|dcfifo:dcfifo_component|dcfifo_4ul1:auto_generated|a_graycounter_2lc:wrptr_g1p|sub_parity10a[0]                        ; 0                 ; 6       ;
;      - cam_wrp:cam_wrp_0|fifo_1024x16:input_fifo|dcfifo:dcfifo_component|dcfifo_90o1:auto_generated|wrptr_g[10]                                                  ; 0                 ; 6       ;
;      - cam_wrp:cam_wrp_0|fifo_1024x16:input_fifo|dcfifo:dcfifo_component|dcfifo_90o1:auto_generated|wrptr_g[9]                                                   ; 0                 ; 6       ;
;      - cam_wrp:cam_wrp_0|fifo_1024x16:input_fifo|dcfifo:dcfifo_component|dcfifo_90o1:auto_generated|wrptr_g[8]                                                   ; 0                 ; 6       ;
;      - cam_wrp:cam_wrp_0|fifo_1024x16:input_fifo|dcfifo:dcfifo_component|dcfifo_90o1:auto_generated|wrptr_g[7]                                                   ; 0                 ; 6       ;
;      - cam_wrp:cam_wrp_0|fifo_1024x16:input_fifo|dcfifo:dcfifo_component|dcfifo_90o1:auto_generated|a_graycounter_677:rdptr_g1p|parity6                          ; 0                 ; 6       ;
;      - cam_wrp:cam_wrp_0|fifo_1024x16:input_fifo|dcfifo:dcfifo_component|dcfifo_90o1:auto_generated|wrptr_g[6]                                                   ; 0                 ; 6       ;
;      - cam_wrp:cam_wrp_0|fifo_1024x16:input_fifo|dcfifo:dcfifo_component|dcfifo_90o1:auto_generated|wrptr_g[5]                                                   ; 0                 ; 6       ;
;      - cam_wrp:cam_wrp_0|fifo_1024x16:input_fifo|dcfifo:dcfifo_component|dcfifo_90o1:auto_generated|wrptr_g[4]                                                   ; 0                 ; 6       ;
;      - cam_wrp:cam_wrp_0|fifo_1024x16:input_fifo|dcfifo:dcfifo_component|dcfifo_90o1:auto_generated|wrptr_g[3]                                                   ; 0                 ; 6       ;
;      - cam_wrp:cam_wrp_0|fifo_1024x16:input_fifo|dcfifo:dcfifo_component|dcfifo_90o1:auto_generated|wrptr_g[2]                                                   ; 0                 ; 6       ;
;      - cam_wrp:cam_wrp_0|fifo_1024x16:input_fifo|dcfifo:dcfifo_component|dcfifo_90o1:auto_generated|wrptr_g[1]                                                   ; 0                 ; 6       ;
;      - cam_wrp:cam_wrp_0|fifo_1024x16:input_fifo|dcfifo:dcfifo_component|dcfifo_90o1:auto_generated|wrptr_g[0]                                                   ; 0                 ; 6       ;
;      - cam_wrp:cam_wrp_0|sh_HREF_cam                                                                                                                             ; 0                 ; 6       ;
;      - cam_wrp:cam_wrp_0|fifo_1024x16:input_fifo|dcfifo:dcfifo_component|dcfifo_90o1:auto_generated|wrfull_eq_comp_lsb_mux_reg                                   ; 0                 ; 6       ;
;      - cam_wrp:cam_wrp_0|fifo_1024x16:input_fifo|dcfifo:dcfifo_component|dcfifo_90o1:auto_generated|wrfull_eq_comp_msb_mux_reg                                   ; 0                 ; 6       ;
;      - cam_wrp:cam_wrp_0|wr_fifo                                                                                                                                 ; 0                 ; 6       ;
;      - cam_wrp:cam_wrp_0|data2fifo[0]                                                                                                                            ; 0                 ; 6       ;
;      - cam_wrp:cam_wrp_0|data2fifo[1]                                                                                                                            ; 0                 ; 6       ;
;      - cam_wrp:cam_wrp_0|data2fifo[2]                                                                                                                            ; 0                 ; 6       ;
;      - cam_wrp:cam_wrp_0|data2fifo[3]                                                                                                                            ; 0                 ; 6       ;
;      - cam_wrp:cam_wrp_0|data2fifo[4]                                                                                                                            ; 0                 ; 6       ;
;      - cam_wrp:cam_wrp_0|data2fifo[5]                                                                                                                            ; 0                 ; 6       ;
;      - cam_wrp:cam_wrp_0|data2fifo[6]                                                                                                                            ; 0                 ; 6       ;
;      - cam_wrp:cam_wrp_0|data2fifo[7]                                                                                                                            ; 0                 ; 6       ;
;      - cam_wrp:cam_wrp_0|data2fifo[8]                                                                                                                            ; 0                 ; 6       ;
;      - cam_wrp:cam_wrp_0|data2fifo[9]                                                                                                                            ; 0                 ; 6       ;
;      - cam_wrp:cam_wrp_0|data2fifo[10]                                                                                                                           ; 0                 ; 6       ;
;      - cam_wrp:cam_wrp_0|data2fifo[11]                                                                                                                           ; 0                 ; 6       ;
;      - cam_wrp:cam_wrp_0|data2fifo[12]                                                                                                                           ; 0                 ; 6       ;
;      - cam_wrp:cam_wrp_0|data2fifo[13]                                                                                                                           ; 0                 ; 6       ;
;      - cam_wrp:cam_wrp_0|data2fifo[14]                                                                                                                           ; 0                 ; 6       ;
;      - cam_wrp:cam_wrp_0|data2fifo[15]                                                                                                                           ; 0                 ; 6       ;
;      - strt[2]                                                                                                                                                   ; 0                 ; 6       ;
;      - strt[1]                                                                                                                                                   ; 0                 ; 6       ;
;      - strt[0]                                                                                                                                                   ; 0                 ; 6       ;
;      - GO_NEIROSET                                                                                                                                               ; 0                 ; 6       ;
;      - cam_wrp:cam_wrp_0|fifo_1024x16:input_fifo|dcfifo:dcfifo_component|dcfifo_90o1:auto_generated|a_graycounter_2lc:wrptr_g1p|counter8a10                      ; 0                 ; 6       ;
;      - cam_wrp:cam_wrp_0|fifo_1024x16:input_fifo|dcfifo:dcfifo_component|dcfifo_90o1:auto_generated|a_graycounter_2lc:wrptr_g1p|counter8a9                       ; 0                 ; 6       ;
;      - cam_wrp:cam_wrp_0|fifo_1024x16:input_fifo|dcfifo:dcfifo_component|dcfifo_90o1:auto_generated|a_graycounter_2lc:wrptr_g1p|counter8a8                       ; 0                 ; 6       ;
;      - cam_wrp:cam_wrp_0|fifo_1024x16:input_fifo|dcfifo:dcfifo_component|dcfifo_90o1:auto_generated|a_graycounter_2lc:wrptr_g1p|counter8a7                       ; 0                 ; 6       ;
;      - cam_wrp:cam_wrp_0|fifo_1024x16:input_fifo|dcfifo:dcfifo_component|dcfifo_90o1:auto_generated|a_graycounter_677:rdptr_g1p|sub_parity7a[2]                  ; 0                 ; 6       ;
;      - cam_wrp:cam_wrp_0|fifo_1024x16:input_fifo|dcfifo:dcfifo_component|dcfifo_90o1:auto_generated|a_graycounter_677:rdptr_g1p|sub_parity7a[1]                  ; 0                 ; 6       ;
;      - cam_wrp:cam_wrp_0|fifo_1024x16:input_fifo|dcfifo:dcfifo_component|dcfifo_90o1:auto_generated|a_graycounter_677:rdptr_g1p|sub_parity7a[0]                  ; 0                 ; 6       ;
;      - cam_wrp:cam_wrp_0|fifo_1024x16:input_fifo|dcfifo:dcfifo_component|dcfifo_90o1:auto_generated|a_graycounter_2lc:wrptr_g1p|counter8a6                       ; 0                 ; 6       ;
;      - cam_wrp:cam_wrp_0|fifo_1024x16:input_fifo|dcfifo:dcfifo_component|dcfifo_90o1:auto_generated|a_graycounter_2lc:wrptr_g1p|counter8a5                       ; 0                 ; 6       ;
;      - cam_wrp:cam_wrp_0|fifo_1024x16:input_fifo|dcfifo:dcfifo_component|dcfifo_90o1:auto_generated|a_graycounter_2lc:wrptr_g1p|counter8a4                       ; 0                 ; 6       ;
;      - cam_wrp:cam_wrp_0|fifo_1024x16:input_fifo|dcfifo:dcfifo_component|dcfifo_90o1:auto_generated|a_graycounter_2lc:wrptr_g1p|counter8a3                       ; 0                 ; 6       ;
;      - cam_wrp:cam_wrp_0|fifo_1024x16:input_fifo|dcfifo:dcfifo_component|dcfifo_90o1:auto_generated|a_graycounter_2lc:wrptr_g1p|counter8a2                       ; 0                 ; 6       ;
;      - cam_wrp:cam_wrp_0|fifo_1024x16:input_fifo|dcfifo:dcfifo_component|dcfifo_90o1:auto_generated|a_graycounter_2lc:wrptr_g1p|counter8a1                       ; 0                 ; 6       ;
;      - cam_wrp:cam_wrp_0|fifo_1024x16:input_fifo|dcfifo:dcfifo_component|dcfifo_90o1:auto_generated|a_graycounter_2lc:wrptr_g1p|counter8a0                       ; 0                 ; 6       ;
;      - pll:pll_for_sdram_0|altpll:altpll_component|pll_altpll:auto_generated|pll_lock_sync                                                                       ; 0                 ; 6       ;
;      - cam_wrp:cam_wrp_0|fifo_1024x16:input_fifo|dcfifo:dcfifo_component|dcfifo_90o1:auto_generated|a_graycounter_2lc:wrptr_g1p|parity9                          ; 0                 ; 6       ;
;      - pre_v2:grayscale|j[4]                                                                                                                                     ; 0                 ; 6       ;
;      - pre_v2:grayscale|j[3]                                                                                                                                     ; 0                 ; 6       ;
;      - pre_v2:grayscale|j[2]                                                                                                                                     ; 0                 ; 6       ;
;      - pre_v2:grayscale|j[1]                                                                                                                                     ; 0                 ; 6       ;
;      - pre_v2:grayscale|j[0]                                                                                                                                     ; 0                 ; 6       ;
;      - x_gray[2]                                                                                                                                                 ; 0                 ; 6       ;
;      - x_gray[1]                                                                                                                                                 ; 0                 ; 6       ;
;      - x_gray[0]                                                                                                                                                 ; 0                 ; 6       ;
;      - x_gray[6]                                                                                                                                                 ; 0                 ; 6       ;
;      - x_gray[5]                                                                                                                                                 ; 0                 ; 6       ;
;      - x_gray[4]                                                                                                                                                 ; 0                 ; 6       ;
;      - x_gray[3]                                                                                                                                                 ; 0                 ; 6       ;
;      - x_gray[8]                                                                                                                                                 ; 0                 ; 6       ;
;      - x_gray[9]                                                                                                                                                 ; 0                 ; 6       ;
;      - x_gray[7]                                                                                                                                                 ; 0                 ; 6       ;
;      - y_gray[8]                                                                                                                                                 ; 0                 ; 6       ;
;      - y_gray[7]                                                                                                                                                 ; 0                 ; 6       ;
;      - y_gray[4]                                                                                                                                                 ; 0                 ; 6       ;
;      - y_gray[3]                                                                                                                                                 ; 0                 ; 6       ;
;      - y_gray[2]                                                                                                                                                 ; 0                 ; 6       ;
;      - y_gray[1]                                                                                                                                                 ; 0                 ; 6       ;
;      - y_gray[0]                                                                                                                                                 ; 0                 ; 6       ;
;      - y_gray[9]                                                                                                                                                 ; 0                 ; 6       ;
;      - y_gray[6]                                                                                                                                                 ; 0                 ; 6       ;
;      - y_gray[5]                                                                                                                                                 ; 0                 ; 6       ;
;      - start_gray                                                                                                                                                ; 0                 ; 6       ;
;      - cam_wrp:cam_wrp_0|fifo_1024x16:input_fifo|dcfifo:dcfifo_component|dcfifo_90o1:auto_generated|a_graycounter_2lc:wrptr_g1p|sub_parity10a[2]                 ; 0                 ; 6       ;
;      - cam_wrp:cam_wrp_0|fifo_1024x16:input_fifo|dcfifo:dcfifo_component|dcfifo_90o1:auto_generated|a_graycounter_2lc:wrptr_g1p|sub_parity10a[1]                 ; 0                 ; 6       ;
;      - cam_wrp:cam_wrp_0|fifo_1024x16:input_fifo|dcfifo:dcfifo_component|dcfifo_90o1:auto_generated|a_graycounter_2lc:wrptr_g1p|sub_parity10a[0]                 ; 0                 ; 6       ;
;      - pre_v2:grayscale|i[1]                                                                                                                                     ; 0                 ; 6       ;
;      - pre_v2:grayscale|i[3]                                                                                                                                     ; 0                 ; 6       ;
;      - hellosoc_top:TFT|start_28                                                                                                                                 ; 0                 ; 6       ;
;      - pre_v2:grayscale|output_data[7]~0                                                                                                                         ; 0                 ; 6       ;
;      - pre_v2:grayscale|output_data[0]~27                                                                                                                        ; 0                 ; 6       ;
;      - sdram_controller:SDRAM|refresh_cnt[2]~32                                                                                                                  ; 0                 ; 6       ;
;      - res_cam~output                                                                                                                                            ; 0                 ; 6       ;
;      - on_off_cam~output                                                                                                                                         ; 0                 ; 6       ;
;      - pll_for_disp:pll2|altpll:altpll_component|pll_for_disp_altpll:auto_generated|pll1                                                                         ; 0                 ; 6       ;
;      - pll:pll_for_sdram_0|altpll:altpll_component|pll_altpll:auto_generated|pll1                                                                                ; 0                 ; 6       ;
; clk50                                                                                                                                                            ;                   ;         ;
; PCLK_cam                                                                                                                                                         ;                   ;         ;
; HREF_cam                                                                                                                                                         ;                   ;         ;
;      - cam_wrp:cam_wrp_0|sh_HREF_cam                                                                                                                             ; 0                 ; 6       ;
;      - cam_wrp:cam_wrp_0|wr_fifo~0                                                                                                                               ; 0                 ; 6       ;
; data_cam[0]                                                                                                                                                      ;                   ;         ;
;      - cam_wrp:cam_wrp_0|data2fifo[8]                                                                                                                            ; 0                 ; 6       ;
;      - cam_wrp:cam_wrp_0|data2fifo[0]                                                                                                                            ; 0                 ; 6       ;
; data_cam[1]                                                                                                                                                      ;                   ;         ;
;      - cam_wrp:cam_wrp_0|data2fifo[9]~feeder                                                                                                                     ; 0                 ; 6       ;
;      - cam_wrp:cam_wrp_0|data2fifo[1]~feeder                                                                                                                     ; 0                 ; 6       ;
; data_cam[2]                                                                                                                                                      ;                   ;         ;
;      - cam_wrp:cam_wrp_0|data2fifo[2]~feeder                                                                                                                     ; 1                 ; 6       ;
;      - cam_wrp:cam_wrp_0|data2fifo[10]~feeder                                                                                                                    ; 1                 ; 6       ;
; data_cam[3]                                                                                                                                                      ;                   ;         ;
;      - cam_wrp:cam_wrp_0|data2fifo[3]~feeder                                                                                                                     ; 0                 ; 6       ;
;      - cam_wrp:cam_wrp_0|data2fifo[11]~feeder                                                                                                                    ; 0                 ; 6       ;
; data_cam[4]                                                                                                                                                      ;                   ;         ;
;      - cam_wrp:cam_wrp_0|data2fifo[4]~feeder                                                                                                                     ; 1                 ; 6       ;
;      - cam_wrp:cam_wrp_0|data2fifo[12]~feeder                                                                                                                    ; 1                 ; 6       ;
; data_cam[5]                                                                                                                                                      ;                   ;         ;
;      - cam_wrp:cam_wrp_0|data2fifo[13]                                                                                                                           ; 0                 ; 6       ;
;      - cam_wrp:cam_wrp_0|data2fifo[5]~feeder                                                                                                                     ; 0                 ; 6       ;
; data_cam[6]                                                                                                                                                      ;                   ;         ;
;      - cam_wrp:cam_wrp_0|data2fifo[14]                                                                                                                           ; 0                 ; 6       ;
;      - cam_wrp:cam_wrp_0|data2fifo[6]~feeder                                                                                                                     ; 0                 ; 6       ;
; data_cam[7]                                                                                                                                                      ;                   ;         ;
;      - cam_wrp:cam_wrp_0|data2fifo[7]                                                                                                                            ; 0                 ; 6       ;
;      - cam_wrp:cam_wrp_0|data2fifo[15]~feeder                                                                                                                    ; 0                 ; 6       ;
+------------------------------------------------------------------------------------------------------------------------------------------------------------------+-------------------+---------+


+--------------------------------------------------------------------------------------------------------------------------------------------------------------------------------------------------------------------------------------------------------------------------------+
; Control Signals                                                                                                                                                                                                                                                                ;
+------------------------------------------------------------------------------------------------------------+--------------------+---------+-----------------------------------------------------+--------+----------------------+------------------+---------------------------+
; Name                                                                                                       ; Location           ; Fan-Out ; Usage                                               ; Global ; Global Resource Used ; Global Line Name ; Enable Signal Source Name ;
+------------------------------------------------------------------------------------------------------------+--------------------+---------+-----------------------------------------------------+--------+----------------------+------------------+---------------------------+
; GO_NEIROSET                                                                                                ; FF_X11_Y7_N27      ; 35      ; Async. clear, Sync. clear                           ; no     ; --                   ; --               ; --                        ;
; LessThan0~7                                                                                                ; LCCOMB_X19_Y2_N26  ; 24      ; Sync. load                                          ; no     ; --                   ; --               ; --                        ;
; PCLK_cam                                                                                                   ; PIN_M2             ; 59      ; Clock                                               ; yes    ; Global Clock         ; GCLK3            ; --                        ;
; TOP:neiroset|Equal20~0                                                                                     ; LCCOMB_X32_Y11_N26 ; 2       ; Clock enable                                        ; no     ; --                   ; --               ; --                        ;
; TOP:neiroset|STOP                                                                                          ; FF_X22_Y15_N23     ; 13      ; Clock enable                                        ; no     ; --                   ; --               ; --                        ;
; TOP:neiroset|STOP~0                                                                                        ; LCCOMB_X22_Y15_N24 ; 13      ; Clock enable                                        ; no     ; --                   ; --               ; --                        ;
; TOP:neiroset|conv:conv1|always0~4                                                                          ; LCCOMB_X16_Y16_N12 ; 21      ; Sync. load                                          ; no     ; --                   ; --               ; --                        ;
; TOP:neiroset|conv_TOP:conv|STOP                                                                            ; FF_X30_Y17_N31     ; 13      ; Clock                                               ; yes    ; Global Clock         ; GCLK7            ; --                        ;
; TOP:neiroset|conv_TOP:conv|buff1[2][10]~2                                                                  ; LCCOMB_X31_Y16_N28 ; 11      ; Clock enable                                        ; no     ; --                   ; --               ; --                        ;
; TOP:neiroset|conv_TOP:conv|globmaxp_perem_1[4]~2                                                           ; LCCOMB_X29_Y18_N30 ; 9       ; Clock enable                                        ; no     ; --                   ; --               ; --                        ;
; TOP:neiroset|conv_TOP:conv|i[2]~14                                                                         ; LCCOMB_X30_Y17_N16 ; 10      ; Clock enable                                        ; no     ; --                   ; --               ; --                        ;
; TOP:neiroset|conv_TOP:conv|marker[1]                                                                       ; FF_X31_Y16_N31     ; 25      ; Sync. load                                          ; no     ; --                   ; --               ; --                        ;
; TOP:neiroset|conv_TOP:conv|p1[10]~3                                                                        ; LCCOMB_X30_Y17_N20 ; 99      ; Clock enable                                        ; no     ; --                   ; --               ; --                        ;
; TOP:neiroset|conv_TOP:conv|re_t                                                                            ; FF_X30_Y17_N13     ; 12      ; Clock enable                                        ; no     ; --                   ; --               ; --                        ;
; TOP:neiroset|conv_TOP:conv|read_addressp[0]~16                                                             ; LCCOMB_X28_Y19_N4  ; 13      ; Clock enable                                        ; no     ; --                   ; --               ; --                        ;
; TOP:neiroset|conv_TOP:conv|read_addresstp[0]~42                                                            ; LCCOMB_X31_Y16_N10 ; 23      ; Clock enable                                        ; no     ; --                   ; --               ; --                        ;
; TOP:neiroset|conv_TOP:conv|read_addressw[0]~29                                                             ; LCCOMB_X31_Y16_N6  ; 9       ; Clock enable                                        ; no     ; --                   ; --               ; --                        ;
; TOP:neiroset|conv_TOP:conv|res_old_1[21]~1                                                                 ; LCCOMB_X28_Y19_N26 ; 77      ; Clock enable                                        ; no     ; --                   ; --               ; --                        ;
; TOP:neiroset|conv_TOP:conv|res_out_1[0]~14                                                                 ; LCCOMB_X28_Y19_N24 ; 10      ; Clock enable                                        ; no     ; --                   ; --               ; --                        ;
; TOP:neiroset|conv_TOP:conv|w15[10]~3                                                                       ; LCCOMB_X28_Y19_N22 ; 99      ; Clock enable                                        ; no     ; --                   ; --               ; --                        ;
; TOP:neiroset|conv_TOP:conv|we_t                                                                            ; FF_X28_Y19_N17     ; 12      ; Write enable                                        ; no     ; --                   ; --               ; --                        ;
; TOP:neiroset|conv_TOP:conv|write_addressp[0]~40                                                            ; LCCOMB_X28_Y19_N30 ; 47      ; Clock enable                                        ; no     ; --                   ; --               ; --                        ;
; TOP:neiroset|conv_TOP:conv|zagryzka_weight                                                                 ; FF_X31_Y16_N25     ; 17      ; Sync. load                                          ; no     ; --                   ; --               ; --                        ;
; TOP:neiroset|conv_en                                                                                       ; FF_X21_Y15_N13     ; 291     ; Sync. clear                                         ; no     ; --                   ; --               ; --                        ;
; TOP:neiroset|dense:dense|dp[4]~14                                                                          ; LCCOMB_X16_Y20_N30 ; 10      ; Clock enable                                        ; no     ; --                   ; --               ; --                        ;
; TOP:neiroset|dense:dense|j[0]~11                                                                           ; LCCOMB_X29_Y16_N0  ; 9       ; Clock enable                                        ; no     ; --                   ; --               ; --                        ;
; TOP:neiroset|dense:dense|p11[10]~0                                                                         ; LCCOMB_X25_Y15_N4  ; 11      ; Clock enable                                        ; no     ; --                   ; --               ; --                        ;
; TOP:neiroset|dense:dense|p13[10]~0                                                                         ; LCCOMB_X21_Y13_N22 ; 11      ; Clock enable                                        ; no     ; --                   ; --               ; --                        ;
; TOP:neiroset|dense:dense|p15[10]~0                                                                         ; LCCOMB_X21_Y20_N14 ; 11      ; Clock enable                                        ; no     ; --                   ; --               ; --                        ;
; TOP:neiroset|dense:dense|p16[10]~0                                                                         ; LCCOMB_X24_Y15_N20 ; 11      ; Clock enable                                        ; no     ; --                   ; --               ; --                        ;
; TOP:neiroset|dense:dense|p17[10]~0                                                                         ; LCCOMB_X23_Y22_N2  ; 11      ; Clock enable                                        ; no     ; --                   ; --               ; --                        ;
; TOP:neiroset|dense:dense|p18[10]~0                                                                         ; LCCOMB_X22_Y20_N20 ; 11      ; Clock enable                                        ; no     ; --                   ; --               ; --                        ;
; TOP:neiroset|dense:dense|p19[7]~0                                                                          ; LCCOMB_X24_Y17_N28 ; 11      ; Clock enable                                        ; no     ; --                   ; --               ; --                        ;
; TOP:neiroset|dense:dense|read_addressw[0]~0                                                                ; LCCOMB_X22_Y16_N26 ; 20      ; Clock enable                                        ; no     ; --                   ; --               ; --                        ;
; TOP:neiroset|dense:dense|res[7]~12                                                                         ; LCCOMB_X25_Y18_N26 ; 19      ; Clock enable                                        ; no     ; --                   ; --               ; --                        ;
; TOP:neiroset|dense:dense|res[7]~13                                                                         ; LCCOMB_X28_Y18_N24 ; 10      ; Sync. load                                          ; no     ; --                   ; --               ; --                        ;
; TOP:neiroset|dense:dense|w11[10]~0                                                                         ; LCCOMB_X24_Y15_N6  ; 110     ; Clock enable                                        ; no     ; --                   ; --               ; --                        ;
; TOP:neiroset|dense:dense|write_addressp[1]~15                                                              ; LCCOMB_X28_Y12_N4  ; 13      ; Clock enable                                        ; no     ; --                   ; --               ; --                        ;
; TOP:neiroset|dense_en                                                                                      ; FF_X22_Y15_N27     ; 356     ; Clock enable, Sync. clear                           ; no     ; --                   ; --               ; --                        ;
; TOP:neiroset|globmaxp_en                                                                                   ; FF_X22_Y15_N7      ; 18      ; Sync. load                                          ; no     ; --                   ; --               ; --                        ;
; TOP:neiroset|go_conv~0                                                                                     ; LCCOMB_X29_Y16_N26 ; 21      ; Clock enable                                        ; no     ; --                   ; --               ; --                        ;
; TOP:neiroset|matrix[1]~3                                                                                   ; LCCOMB_X21_Y10_N22 ; 4       ; Clock enable                                        ; no     ; --                   ; --               ; --                        ;
; TOP:neiroset|maxp:maxpooling|LessThan0~0                                                                   ; LCCOMB_X25_Y9_N26  ; 12      ; Sync. load                                          ; no     ; --                   ; --               ; --                        ;
; TOP:neiroset|maxp:maxpooling|dp[0]~33                                                                      ; LCCOMB_X23_Y9_N0   ; 24      ; Clock enable                                        ; no     ; --                   ; --               ; --                        ;
; TOP:neiroset|maxp:maxpooling|i[3]~19                                                                       ; LCCOMB_X23_Y9_N20  ; 9       ; Sync. clear                                         ; no     ; --                   ; --               ; --                        ;
; TOP:neiroset|maxp:maxpooling|i[3]~20                                                                       ; LCCOMB_X23_Y9_N14  ; 9       ; Clock enable                                        ; no     ; --                   ; --               ; --                        ;
; TOP:neiroset|maxp:maxpooling|j[7]~12                                                                       ; LCCOMB_X23_Y9_N24  ; 11      ; Clock enable                                        ; no     ; --                   ; --               ; --                        ;
; TOP:neiroset|maxp:maxpooling|read_addressp[3]~17                                                           ; LCCOMB_X16_Y12_N28 ; 13      ; Sync. load                                          ; no     ; --                   ; --               ; --                        ;
; TOP:neiroset|maxp_en                                                                                       ; FF_X22_Y15_N21     ; 76      ; Clock enable, Sync. clear, Sync. load               ; no     ; --                   ; --               ; --                        ;
; TOP:neiroset|mem[2]~2                                                                                      ; LCCOMB_X30_Y11_N22 ; 2       ; Clock enable                                        ; no     ; --                   ; --               ; --                        ;
; TOP:neiroset|memorywork:block|addr[9]~31                                                                   ; LCCOMB_X23_Y12_N8  ; 4       ; Sync. load                                          ; no     ; --                   ; --               ; --                        ;
; TOP:neiroset|memorywork:block|addr[9]~32                                                                   ; LCCOMB_X23_Y12_N16 ; 4       ; Clock enable                                        ; no     ; --                   ; --               ; --                        ;
; TOP:neiroset|memorywork:block|addressRAM:inst_1|WideOr0~1                                                  ; LCCOMB_X23_Y12_N10 ; 12      ; Clock enable                                        ; no     ; --                   ; --               ; --                        ;
; TOP:neiroset|memorywork:block|addressRAM:inst_1|WideOr0~1                                                  ; LCCOMB_X23_Y12_N10 ; 18      ; Latch enable                                        ; yes    ; Global Clock         ; GCLK5            ; --                        ;
; TOP:neiroset|memorywork:block|always0~2                                                                    ; LCCOMB_X23_Y10_N20 ; 34      ; Sync. load                                          ; no     ; --                   ; --               ; --                        ;
; TOP:neiroset|memorywork:block|always0~4                                                                    ; LCCOMB_X26_Y14_N30 ; 40      ; Sync. clear                                         ; no     ; --                   ; --               ; --                        ;
; TOP:neiroset|memorywork:block|buff[77]~4                                                                   ; LCCOMB_X24_Y13_N4  ; 16      ; Clock enable                                        ; no     ; --                   ; --               ; --                        ;
; TOP:neiroset|memorywork:block|dp[0]~0                                                                      ; LCCOMB_X29_Y10_N20 ; 24      ; Clock enable                                        ; no     ; --                   ; --               ; --                        ;
; TOP:neiroset|memorywork:block|dw[0]~2                                                                      ; LCCOMB_X28_Y14_N30 ; 99      ; Clock enable                                        ; no     ; --                   ; --               ; --                        ;
; TOP:neiroset|memorywork:block|we_w                                                                         ; FF_X26_Y12_N9      ; 7       ; Clock enable, Write enable                          ; no     ; --                   ; --               ; --                        ;
; TOP:neiroset|memorywork:block|weight_case[0]~7                                                             ; LCCOMB_X25_Y12_N2  ; 5       ; Sync. load                                          ; no     ; --                   ; --               ; --                        ;
; TOP:neiroset|memorywork:block|weight_case[0]~8                                                             ; LCCOMB_X25_Y14_N0  ; 31      ; Clock enable                                        ; no     ; --                   ; --               ; --                        ;
; TOP:neiroset|memstartp[2]~9                                                                                ; LCCOMB_X25_Y11_N2  ; 10      ; Clock enable                                        ; no     ; --                   ; --               ; --                        ;
; TOP:neiroset|memstartzap[0]~18                                                                             ; LCCOMB_X25_Y8_N8   ; 9       ; Clock enable                                        ; no     ; --                   ; --               ; --                        ;
; TOP:neiroset|nextstep                                                                                      ; FF_X22_Y15_N29     ; 5       ; Clock                                               ; no     ; --                   ; --               ; --                        ;
; TOP:neiroset|re_p                                                                                          ; LCCOMB_X16_Y13_N4  ; 11      ; Clock enable                                        ; no     ; --                   ; --               ; --                        ;
; TOP:neiroset|re_w~0                                                                                        ; LCCOMB_X30_Y17_N0  ; 6       ; Clock enable                                        ; no     ; --                   ; --               ; --                        ;
; TOP:neiroset|result:result|buff[10]~1                                                                      ; LCCOMB_X22_Y7_N24  ; 11      ; Clock enable                                        ; no     ; --                   ; --               ; --                        ;
; TOP:neiroset|result:result|read_addressp[3]~0                                                              ; LCCOMB_X22_Y7_N22  ; 10      ; Clock enable                                        ; no     ; --                   ; --               ; --                        ;
; TOP:neiroset|result_en                                                                                     ; FF_X22_Y15_N19     ; 15      ; Clock enable, Sync. clear                           ; no     ; --                   ; --               ; --                        ;
; TOP:neiroset|we_p                                                                                          ; LCCOMB_X28_Y10_N24 ; 11      ; Clock enable, Write enable                          ; no     ; --                   ; --               ; --                        ;
; always0~0                                                                                                  ; LCCOMB_X12_Y2_N22  ; 33      ; Clock enable                                        ; no     ; --                   ; --               ; --                        ;
; cam_wrp:cam_wrp_0|LessThan2~7                                                                              ; LCCOMB_X21_Y2_N26  ; 24      ; Sync. clear                                         ; no     ; --                   ; --               ; --                        ;
; cam_wrp:cam_wrp_0|LessThan3~0                                                                              ; LCCOMB_X9_Y2_N2    ; 10      ; Sync. clear                                         ; no     ; --                   ; --               ; --                        ;
; cam_wrp:cam_wrp_0|addr_sdram[0]~26                                                                         ; LCCOMB_X9_Y2_N0    ; 24      ; Clock enable                                        ; no     ; --                   ; --               ; --                        ;
; cam_wrp:cam_wrp_0|fifo_1024x16:input_fifo|dcfifo:dcfifo_component|dcfifo_90o1:auto_generated|valid_rdreq~0 ; LCCOMB_X9_Y2_N4    ; 27      ; Clock enable                                        ; no     ; --                   ; --               ; --                        ;
; cam_wrp:cam_wrp_0|fifo_1024x16:input_fifo|dcfifo:dcfifo_component|dcfifo_90o1:auto_generated|valid_wrreq~0 ; LCCOMB_X7_Y3_N10   ; 28      ; Clock enable, Write enable                          ; no     ; --                   ; --               ; --                        ;
; cam_wrp:cam_wrp_0|wr_enable                                                                                ; FF_X12_Y2_N21      ; 44      ; Clock enable                                        ; no     ; --                   ; --               ; --                        ;
; cam_wrp:cam_wrp_0|wr_fifo                                                                                  ; FF_X7_Y3_N7        ; 18      ; Clock enable                                        ; no     ; --                   ; --               ; --                        ;
; camera_configure:camera_configure_0|OV7670_config:config_1|FSM_state.FSM_TIMER                             ; FF_X8_Y22_N17      ; 62      ; Sync. clear                                         ; no     ; --                   ; --               ; --                        ;
; camera_configure:camera_configure_0|OV7670_config:config_1|SCCB_interface_addr[7]~1                        ; LCCOMB_X8_Y22_N0   ; 16      ; Clock enable                                        ; no     ; --                   ; --               ; --                        ;
; camera_configure:camera_configure_0|OV7670_config:config_1|timer[0]~7                                      ; LCCOMB_X8_Y22_N14  ; 25      ; Clock enable                                        ; no     ; --                   ; --               ; --                        ;
; camera_configure:camera_configure_0|OV7670_config:config_1|timer[4]~5                                      ; LCCOMB_X8_Y22_N20  ; 7       ; Clock enable                                        ; no     ; --                   ; --               ; --                        ;
; camera_configure:camera_configure_0|SCCB_interface:SCCB1|FSM_state.FSM_TX_BYTE_4                           ; FF_X5_Y23_N31      ; 16      ; Sync. load                                          ; no     ; --                   ; --               ; --                        ;
; camera_configure:camera_configure_0|SCCB_interface:SCCB1|FSM_state~41                                      ; LCCOMB_X7_Y23_N28  ; 17      ; Clock enable                                        ; no     ; --                   ; --               ; --                        ;
; camera_configure:camera_configure_0|SCCB_interface:SCCB1|Selector68~0                                      ; LCCOMB_X8_Y23_N2   ; 7       ; Clock enable                                        ; no     ; --                   ; --               ; --                        ;
; camera_configure:camera_configure_0|SCCB_interface:SCCB1|WideOr2~0                                         ; LCCOMB_X7_Y23_N22  ; 45      ; Clock enable                                        ; no     ; --                   ; --               ; --                        ;
; clk50                                                                                                      ; PIN_E1             ; 6       ; Clock                                               ; no     ; --                   ; --               ; --                        ;
; clk50                                                                                                      ; PIN_E1             ; 1217    ; Clock                                               ; yes    ; Global Clock         ; GCLK2            ; --                        ;
; hellosoc_top:TFT|fifo_big:fifo_tft|dcfifo:dcfifo_component|dcfifo_4ul1:auto_generated|valid_rdreq~0        ; LCCOMB_X12_Y5_N14  ; 24      ; Clock enable                                        ; no     ; --                   ; --               ; --                        ;
; hellosoc_top:TFT|fifo_big:fifo_tft|dcfifo:dcfifo_component|dcfifo_4ul1:auto_generated|valid_wrreq~0        ; LCCOMB_X14_Y2_N26  ; 25      ; Clock enable, Write enable                          ; no     ; --                   ; --               ; --                        ;
; hellosoc_top:TFT|start_28                                                                                  ; FF_X12_Y5_N1       ; 12      ; Clock enable                                        ; no     ; --                   ; --               ; --                        ;
; hellosoc_top:TFT|tft_ili9341:tft|LessThan0~7                                                               ; LCCOMB_X3_Y9_N30   ; 20      ; Sync. load                                          ; no     ; --                   ; --               ; --                        ;
; hellosoc_top:TFT|tft_ili9341:tft|frameBufferLowNibble                                                      ; FF_X5_Y5_N19       ; 567     ; Clock                                               ; yes    ; Global Clock         ; GCLK1            ; --                        ;
; hellosoc_top:TFT|tft_ili9341:tft|initSeqCounter[6]~22                                                      ; LCCOMB_X5_Y8_N2    ; 6       ; Clock enable                                        ; no     ; --                   ; --               ; --                        ;
; hellosoc_top:TFT|tft_ili9341:tft|initSeqCounter[6]~8                                                       ; LCCOMB_X3_Y9_N16   ; 13      ; Clock enable                                        ; no     ; --                   ; --               ; --                        ;
; hellosoc_top:TFT|tft_ili9341:tft|remainingDelayTicks[23]~27                                                ; LCCOMB_X3_Y8_N16   ; 13      ; Sync. load                                          ; no     ; --                   ; --               ; --                        ;
; hellosoc_top:TFT|tft_ili9341:tft|spiDataSet                                                                ; FF_X1_Y8_N31       ; 10      ; Clock enable                                        ; no     ; --                   ; --               ; --                        ;
; hellosoc_top:TFT|tft_ili9341:tft|spiData[7]~5                                                              ; LCCOMB_X1_Y8_N14   ; 8       ; Clock enable                                        ; no     ; --                   ; --               ; --                        ;
; hellosoc_top:TFT|tft_ili9341:tft|tft_ili9341_spi:spi|idle~0                                                ; LCCOMB_X2_Y7_N30   ; 5       ; Clock enable                                        ; no     ; --                   ; --               ; --                        ;
; hellosoc_top:TFT|y_out[8]~0                                                                                ; LCCOMB_X3_Y6_N30   ; 9       ; Clock enable                                        ; no     ; --                   ; --               ; --                        ;
; pll:pll_for_sdram_0|altpll:altpll_component|pll_altpll:auto_generated|wire_pll1_clk[0]                     ; PLL_1              ; 65      ; Clock                                               ; yes    ; Global Clock         ; GCLK0            ; --                        ;
; pll:pll_for_sdram_0|altpll:altpll_component|pll_altpll:auto_generated|wire_pll1_clk[2]                     ; PLL_1              ; 152     ; Clock                                               ; yes    ; Global Clock         ; GCLK4            ; --                        ;
; pll:pll_for_sdram_0|altpll:altpll_component|pll_altpll:auto_generated|wire_pll1_locked                     ; PLL_1              ; 2       ; Clock                                               ; no     ; --                   ; --               ; --                        ;
; pll_for_disp:pll2|altpll:altpll_component|pll_for_disp_altpll:auto_generated|wire_pll1_clk[0]              ; PLL_2              ; 80      ; Clock                                               ; yes    ; Global Clock         ; GCLK8            ; --                        ;
; pre_v2:grayscale|data_req                                                                                  ; LCCOMB_X8_Y9_N20   ; 11      ; Clock enable, Write enable                          ; no     ; --                   ; --               ; --                        ;
; pre_v2:grayscale|i[4]~26                                                                                   ; LCCOMB_X9_Y8_N22   ; 5       ; Clock enable                                        ; no     ; --                   ; --               ; --                        ;
; pre_v2:grayscale|j[2]~0                                                                                    ; LCCOMB_X13_Y8_N18  ; 5       ; Clock enable                                        ; no     ; --                   ; --               ; --                        ;
; pre_v2:grayscale|output_data[0]~27                                                                         ; LCCOMB_X9_Y8_N20   ; 11      ; Clock enable                                        ; no     ; --                   ; --               ; --                        ;
; pre_v2:grayscale|output_data[7]~0                                                                          ; LCCOMB_X8_Y9_N18   ; 28      ; Clock enable                                        ; no     ; --                   ; --               ; --                        ;
; pre_v2:grayscale|sr_data_0_0[14]~50                                                                        ; LCCOMB_X8_Y7_N2    ; 16      ; Clock enable                                        ; no     ; --                   ; --               ; --                        ;
; pre_v2:grayscale|sr_data_10_0[2]~50                                                                        ; LCCOMB_X16_Y7_N14  ; 16      ; Clock enable                                        ; no     ; --                   ; --               ; --                        ;
; pre_v2:grayscale|sr_data_11_0[6]~48                                                                        ; LCCOMB_X11_Y7_N30  ; 16      ; Clock enable                                        ; no     ; --                   ; --               ; --                        ;
; pre_v2:grayscale|sr_data_12_0[13]~48                                                                       ; LCCOMB_X13_Y7_N26  ; 16      ; Clock enable                                        ; no     ; --                   ; --               ; --                        ;
; pre_v2:grayscale|sr_data_13_0[3]~48                                                                        ; LCCOMB_X13_Y7_N22  ; 16      ; Clock enable                                        ; no     ; --                   ; --               ; --                        ;
; pre_v2:grayscale|sr_data_14_0[7]~50                                                                        ; LCCOMB_X13_Y7_N20  ; 16      ; Clock enable                                        ; no     ; --                   ; --               ; --                        ;
; pre_v2:grayscale|sr_data_15_0[2]~48                                                                        ; LCCOMB_X11_Y5_N28  ; 16      ; Clock enable                                        ; no     ; --                   ; --               ; --                        ;
; pre_v2:grayscale|sr_data_16_0[6]~50                                                                        ; LCCOMB_X16_Y7_N0   ; 16      ; Clock enable                                        ; no     ; --                   ; --               ; --                        ;
; pre_v2:grayscale|sr_data_17_0[6]~48                                                                        ; LCCOMB_X11_Y5_N24  ; 16      ; Clock enable                                        ; no     ; --                   ; --               ; --                        ;
; pre_v2:grayscale|sr_data_18_0[6]~48                                                                        ; LCCOMB_X11_Y5_N6   ; 16      ; Clock enable                                        ; no     ; --                   ; --               ; --                        ;
; pre_v2:grayscale|sr_data_19_0[6]~50                                                                        ; LCCOMB_X13_Y6_N2   ; 16      ; Clock enable                                        ; no     ; --                   ; --               ; --                        ;
; pre_v2:grayscale|sr_data_1_0[14]~48                                                                        ; LCCOMB_X13_Y7_N10  ; 16      ; Clock enable                                        ; no     ; --                   ; --               ; --                        ;
; pre_v2:grayscale|sr_data_20_0[6]~50                                                                        ; LCCOMB_X16_Y7_N10  ; 16      ; Clock enable                                        ; no     ; --                   ; --               ; --                        ;
; pre_v2:grayscale|sr_data_21_0[4]~50                                                                        ; LCCOMB_X16_Y7_N28  ; 16      ; Clock enable                                        ; no     ; --                   ; --               ; --                        ;
; pre_v2:grayscale|sr_data_22_0[1]~50                                                                        ; LCCOMB_X16_Y7_N22  ; 16      ; Clock enable                                        ; no     ; --                   ; --               ; --                        ;
; pre_v2:grayscale|sr_data_23_0[13]~50                                                                       ; LCCOMB_X13_Y7_N6   ; 16      ; Clock enable                                        ; no     ; --                   ; --               ; --                        ;
; pre_v2:grayscale|sr_data_24_0[11]~50                                                                       ; LCCOMB_X16_Y7_N12  ; 16      ; Clock enable                                        ; no     ; --                   ; --               ; --                        ;
; pre_v2:grayscale|sr_data_25_0[16]~48                                                                       ; LCCOMB_X11_Y5_N22  ; 16      ; Clock enable                                        ; no     ; --                   ; --               ; --                        ;
; pre_v2:grayscale|sr_data_26_0[12]~50                                                                       ; LCCOMB_X11_Y7_N18  ; 16      ; Clock enable                                        ; no     ; --                   ; --               ; --                        ;
; pre_v2:grayscale|sr_data_27_0[5]~18                                                                        ; LCCOMB_X11_Y7_N14  ; 457     ; Sync. clear                                         ; no     ; --                   ; --               ; --                        ;
; pre_v2:grayscale|sr_data_27_0[5]~51                                                                        ; LCCOMB_X11_Y7_N24  ; 16      ; Clock enable                                        ; no     ; --                   ; --               ; --                        ;
; pre_v2:grayscale|sr_data_2_0[14]~50                                                                        ; LCCOMB_X11_Y7_N22  ; 16      ; Clock enable                                        ; no     ; --                   ; --               ; --                        ;
; pre_v2:grayscale|sr_data_3_0[8]~50                                                                         ; LCCOMB_X11_Y7_N8   ; 16      ; Clock enable                                        ; no     ; --                   ; --               ; --                        ;
; pre_v2:grayscale|sr_data_4_0[13]~50                                                                        ; LCCOMB_X13_Y7_N18  ; 16      ; Clock enable                                        ; no     ; --                   ; --               ; --                        ;
; pre_v2:grayscale|sr_data_5_0[6]~50                                                                         ; LCCOMB_X16_Y7_N30  ; 16      ; Clock enable                                        ; no     ; --                   ; --               ; --                        ;
; pre_v2:grayscale|sr_data_6_0[5]~50                                                                         ; LCCOMB_X11_Y5_N4   ; 16      ; Clock enable                                        ; no     ; --                   ; --               ; --                        ;
; pre_v2:grayscale|sr_data_7_0[4]~50                                                                         ; LCCOMB_X8_Y7_N12   ; 16      ; Clock enable                                        ; no     ; --                   ; --               ; --                        ;
; pre_v2:grayscale|sr_data_8_0[13]~50                                                                        ; LCCOMB_X16_Y7_N16  ; 16      ; Clock enable                                        ; no     ; --                   ; --               ; --                        ;
; pre_v2:grayscale|sr_data_9_0[1]~48                                                                         ; LCCOMB_X11_Y5_N14  ; 16      ; Clock enable                                        ; no     ; --                   ; --               ; --                        ;
; rst                                                                                                        ; PIN_F14            ; 836     ; Async. clear, Clock enable, Sync. clear, Sync. load ; no     ; --                   ; --               ; --                        ;
; sdram_controller:SDRAM|Equal1~1                                                                            ; LCCOMB_X22_Y3_N22  ; 16      ; Output enable                                       ; no     ; --                   ; --               ; --                        ;
; sdram_controller:SDRAM|busy                                                                                ; FF_X33_Y12_N3      ; 95      ; Clock                                               ; yes    ; Global Clock         ; GCLK9            ; --                        ;
; sdram_controller:SDRAM|command[5]~3                                                                        ; LCCOMB_X23_Y3_N30  ; 6       ; Clock enable                                        ; no     ; --                   ; --               ; --                        ;
; sdram_controller:SDRAM|rd_data_r[11]~1                                                                     ; LCCOMB_X22_Y3_N24  ; 16      ; Clock enable                                        ; no     ; --                   ; --               ; --                        ;
; sdram_controller:SDRAM|rd_ready_r                                                                          ; FF_X31_Y11_N1      ; 78      ; Clock                                               ; yes    ; Global Clock         ; GCLK6            ; --                        ;
; sdram_controller:SDRAM|refresh_cnt[2]~32                                                                   ; LCCOMB_X23_Y2_N20  ; 10      ; Sync. clear                                         ; no     ; --                   ; --               ; --                        ;
; sdram_controller:SDRAM|wr_data_r~1                                                                         ; LCCOMB_X12_Y2_N26  ; 16      ; Clock enable                                        ; no     ; --                   ; --               ; --                        ;
; start_gray                                                                                                 ; FF_X11_Y7_N11      ; 37      ; Sync. clear                                         ; no     ; --                   ; --               ; --                        ;
; y_gray[2]~0                                                                                                ; LCCOMB_X12_Y5_N2   ; 10      ; Clock enable                                        ; no     ; --                   ; --               ; --                        ;
+------------------------------------------------------------------------------------------------------------+--------------------+---------+-----------------------------------------------------+--------+----------------------+------------------+---------------------------+


+-------------------------------------------------------------------------------------------------------------------------------------------------------------------------------------------------------------------------------------------+
; Global & Other Fast Signals                                                                                                                                                                                                               ;
+-----------------------------------------------------------------------------------------------+--------------------+---------+--------------------------------------+----------------------+------------------+---------------------------+
; Name                                                                                          ; Location           ; Fan-Out ; Fan-Out Using Intentional Clock Skew ; Global Resource Used ; Global Line Name ; Enable Signal Source Name ;
+-----------------------------------------------------------------------------------------------+--------------------+---------+--------------------------------------+----------------------+------------------+---------------------------+
; PCLK_cam                                                                                      ; PIN_M2             ; 59      ; 0                                    ; Global Clock         ; GCLK3            ; --                        ;
; TOP:neiroset|conv_TOP:conv|STOP                                                               ; FF_X30_Y17_N31     ; 13      ; 0                                    ; Global Clock         ; GCLK7            ; --                        ;
; TOP:neiroset|memorywork:block|addressRAM:inst_1|WideOr0~1                                     ; LCCOMB_X23_Y12_N10 ; 18      ; 0                                    ; Global Clock         ; GCLK5            ; --                        ;
; clk50                                                                                         ; PIN_E1             ; 1217    ; 212                                  ; Global Clock         ; GCLK2            ; --                        ;
; hellosoc_top:TFT|tft_ili9341:tft|frameBufferLowNibble                                         ; FF_X5_Y5_N19       ; 567     ; 476                                  ; Global Clock         ; GCLK1            ; --                        ;
; pll:pll_for_sdram_0|altpll:altpll_component|pll_altpll:auto_generated|wire_pll1_clk[0]        ; PLL_1              ; 65      ; 0                                    ; Global Clock         ; GCLK0            ; --                        ;
; pll:pll_for_sdram_0|altpll:altpll_component|pll_altpll:auto_generated|wire_pll1_clk[2]        ; PLL_1              ; 152     ; 0                                    ; Global Clock         ; GCLK4            ; --                        ;
; pll_for_disp:pll2|altpll:altpll_component|pll_for_disp_altpll:auto_generated|wire_pll1_clk[0] ; PLL_2              ; 80      ; 0                                    ; Global Clock         ; GCLK8            ; --                        ;
; sdram_controller:SDRAM|busy                                                                   ; FF_X33_Y12_N3      ; 95      ; 11                                   ; Global Clock         ; GCLK9            ; --                        ;
; sdram_controller:SDRAM|rd_ready_r                                                             ; FF_X31_Y11_N1      ; 78      ; 3                                    ; Global Clock         ; GCLK6            ; --                        ;
+-----------------------------------------------------------------------------------------------+--------------------+---------+--------------------------------------+----------------------+------------------+---------------------------+


+-------------------------------------------------------------------------------------------------------------------------------------------------+
; Non-Global High Fan-Out Signals                                                                                                                 ;
+---------------------------------------------------------------------------------------------------------------------------------------+---------+
; Name                                                                                                                                  ; Fan-Out ;
+---------------------------------------------------------------------------------------------------------------------------------------+---------+
; rst~input                                                                                                                             ; 836     ;
; pre_v2:grayscale|sr_data_27_0[5]~18                                                                                                   ; 457     ;
; TOP:neiroset|dense_en                                                                                                                 ; 356     ;
; TOP:neiroset|conv_en                                                                                                                  ; 291     ;
; TOP:neiroset|matrix[0]                                                                                                                ; 160     ;
; TOP:neiroset|matrix[1]                                                                                                                ; 153     ;
; TOP:neiroset|matrix[4]                                                                                                                ; 142     ;
; TOP:neiroset|matrix[3]                                                                                                                ; 141     ;
; TOP:neiroset|dense:dense|w11[10]~0                                                                                                    ; 110     ;
; TOP:neiroset|conv_TOP:conv|w15[10]~3                                                                                                  ; 99      ;
; TOP:neiroset|conv_TOP:conv|p1[10]~3                                                                                                   ; 99      ;
; TOP:neiroset|memorywork:block|dw[0]~2                                                                                                 ; 99      ;
; TOP:neiroset|conv_TOP:conv|res_old_1[21]~1                                                                                            ; 77      ;
; TOP:neiroset|maxp_en                                                                                                                  ; 76      ;
; TOP:neiroset|result:result|marker[1]                                                                                                  ; 73      ;
; TOP:neiroset|conv_TOP:conv|Add8~8                                                                                                     ; 63      ;
; TOP:neiroset|result:result|marker[0]                                                                                                  ; 62      ;
; camera_configure:camera_configure_0|OV7670_config:config_1|FSM_state.FSM_TIMER                                                        ; 62      ;
; TOP:neiroset|memorywork:block|Equal11~0                                                                                               ; 61      ;
; TOP:neiroset|conv_TOP:conv|Add8~6                                                                                                     ; 61      ;
; x_gray[6]                                                                                                                             ; 60      ;
; TOP:neiroset|conv_TOP:conv|Add8~10                                                                                                    ; 60      ;
; x_gray[5]                                                                                                                             ; 58      ;
; TOP:neiroset|conv_TOP:conv|Add8~16                                                                                                    ; 57      ;
; TOP:neiroset|conv_TOP:conv|Add8~14                                                                                                    ; 54      ;
; TOP:neiroset|conv_TOP:conv|Add8~12                                                                                                    ; 54      ;
; x_gray[4]                                                                                                                             ; 53      ;
; x_gray[3]                                                                                                                             ; 52      ;
; TOP:neiroset|conv_TOP:conv|Add8~4                                                                                                     ; 50      ;
; TOP:neiroset|conv_TOP:conv|write_addressp[0]~40                                                                                       ; 47      ;
; TOP:neiroset|memorywork:block|weight_case~18                                                                                          ; 46      ;
; TOP:neiroset|result:result|marker[2]                                                                                                  ; 45      ;
; TOP:neiroset|result:result|marker[3]                                                                                                  ; 45      ;
; camera_configure:camera_configure_0|SCCB_interface:SCCB1|WideOr2~0                                                                    ; 45      ;
; cam_wrp:cam_wrp_0|wr_enable                                                                                                           ; 44      ;
; TOP:neiroset|memorywork:block|sh                                                                                                      ; 41      ;
; TOP:neiroset|memorywork:block|always0~4                                                                                               ; 40      ;
; x_gray[7]                                                                                                                             ; 40      ;
; TOP:neiroset|conv_TOP:conv|Add8~2                                                                                                     ; 40      ;
; TOP:neiroset|dense:dense|always0~3                                                                                                    ; 39      ;
; start_gray                                                                                                                            ; 37      ;
; GO_NEIROSET                                                                                                                           ; 35      ;
; TOP:neiroset|conv_TOP:conv|i[0]                                                                                                       ; 35      ;
; TOP:neiroset|memorywork:block|always0~2                                                                                               ; 34      ;
; camera_configure:camera_configure_0|OV7670_config:config_1|Equal2~10                                                                  ; 34      ;
; TOP:neiroset|Equal24~1                                                                                                                ; 33      ;
; always0~0                                                                                                                             ; 33      ;
; sdram_controller:SDRAM|state[1]                                                                                                       ; 33      ;
; TOP:neiroset|memorywork:block|weight_case[0]~8                                                                                        ; 31      ;
; hellosoc_top:TFT|tft_ili9341:tft|initSeqCounter[1]                                                                                    ; 31      ;
; cam_wrp:cam_wrp_0|fifo_1024x16:input_fifo|dcfifo:dcfifo_component|dcfifo_90o1:auto_generated|valid_wrreq~0                            ; 30      ;
; hellosoc_top:TFT|tft_ili9341:tft|initSeqCounter[0]                                                                                    ; 30      ;
; TOP:neiroset|memorywork:block|i_d~17                                                                                                  ; 29      ;
; TOP:neiroset|slvl[0]                                                                                                                  ; 29      ;
; cam_wrp:cam_wrp_0|fifo_1024x16:input_fifo|dcfifo:dcfifo_component|dcfifo_90o1:auto_generated|valid_rdreq~0                            ; 29      ;
; TOP:neiroset|conv_TOP:conv|Add8~0                                                                                                     ; 29      ;
; hellosoc_top:TFT|tft_ili9341:tft|initSeqCounter[4]                                                                                    ; 29      ;
; pre_v2:grayscale|output_data[7]~0                                                                                                     ; 28      ;
; TOP:neiroset|slvl[1]                                                                                                                  ; 28      ;
; camera_configure:camera_configure_0|SCCB_interface:SCCB1|FSM_state.FSM_TIMER                                                          ; 28      ;
; pre_v2:grayscale|Add3~16                                                                                                              ; 28      ;
; pre_v2:grayscale|Add3~14                                                                                                              ; 28      ;
; pre_v2:grayscale|Add3~12                                                                                                              ; 28      ;
; pre_v2:grayscale|Add3~10                                                                                                              ; 28      ;
; pre_v2:grayscale|Add3~8                                                                                                               ; 28      ;
; pre_v2:grayscale|Add3~6                                                                                                               ; 28      ;
; pre_v2:grayscale|Add3~4                                                                                                               ; 28      ;
; pre_v2:grayscale|Add3~2                                                                                                               ; 28      ;
; pre_v2:grayscale|Add3~0                                                                                                               ; 28      ;
; TOP:neiroset|memorywork:block|step_out[1]~2                                                                                           ; 28      ;
; TOP:neiroset|num[0]                                                                                                                   ; 27      ;
; TOP:neiroset|lvl[0]~_Duplicate_1                                                                                                      ; 27      ;
; hellosoc_top:TFT|fifo_big:fifo_tft|dcfifo:dcfifo_component|dcfifo_4ul1:auto_generated|valid_wrreq~0                                   ; 27      ;
; hellosoc_top:TFT|tft_ili9341:tft|initSeqCounter[5]                                                                                    ; 27      ;
; hellosoc_top:TFT|tft_ili9341:tft|initSeqCounter[3]                                                                                    ; 27      ;
; hellosoc_top:TFT|tft_ili9341:tft|initSeqCounter[2]                                                                                    ; 27      ;
; TOP:neiroset|num[1]                                                                                                                   ; 26      ;
; hellosoc_top:TFT|fifo_big:fifo_tft|dcfifo:dcfifo_component|dcfifo_4ul1:auto_generated|valid_rdreq~0                                   ; 26      ;
; sdram_controller:SDRAM|state[2]                                                                                                       ; 26      ;
; TOP:neiroset|conv_TOP:conv|marker[1]                                                                                                  ; 25      ;
; camera_configure:camera_configure_0|OV7670_config:config_1|timer[0]~7                                                                 ; 25      ;
; sdram_controller:SDRAM|state[4]                                                                                                       ; 25      ;
; TOP:neiroset|memorywork:block|weight_case~17                                                                                          ; 24      ;
; TOP:neiroset|maxp:maxpooling|dp[0]~33                                                                                                 ; 24      ;
; TOP:neiroset|memorywork:block|dp[0]~0                                                                                                 ; 24      ;
; TOP:neiroset|conv_TOP:conv|marker[0]                                                                                                  ; 24      ;
; TOP:neiroset|TOPlvl_conv[0]                                                                                                           ; 24      ;
; camera_configure:camera_configure_0|SCCB_interface:SCCB1|Selector17~1                                                                 ; 24      ;
; LessThan0~7                                                                                                                           ; 24      ;
; cam_wrp:cam_wrp_0|addr_sdram[0]~26                                                                                                    ; 24      ;
; cam_wrp:cam_wrp_0|LessThan2~7                                                                                                         ; 24      ;
; hellosoc_top:TFT|x_out[8]                                                                                                             ; 24      ;
; TOP:neiroset|memorywork:block|step_out[3]~6                                                                                           ; 24      ;
; TOP:neiroset|memorywork:block|step_out[2]~4                                                                                           ; 24      ;
; TOP:neiroset|conv_TOP:conv|read_addresstp[0]~42                                                                                       ; 23      ;
; TOP:neiroset|conv_TOP:conv|we_t                                                                                                       ; 23      ;
; TOP:neiroset|conv:conv1|LessThan1~2                                                                                                   ; 23      ;
; TOP:neiroset|conv_TOP:conv|Equal0~0                                                                                                   ; 23      ;
; TOP:neiroset|filt[0]                                                                                                                  ; 23      ;
; TOP:neiroset|TOPlvl_maxp[0]                                                                                                           ; 23      ;
; TOP:neiroset|conv:conv1|LessThan0~16                                                                                                  ; 23      ;
; pre_v2:grayscale|data_req                                                                                                             ; 22      ;
; pre_v2:grayscale|always0~24                                                                                                           ; 22      ;
; TOP:neiroset|we_p                                                                                                                     ; 22      ;
; TOP:neiroset|border:border|Equal1~4                                                                                                   ; 21      ;
; TOP:neiroset|go_conv~0                                                                                                                ; 21      ;
; TOP:neiroset|conv:conv1|always0~4                                                                                                     ; 21      ;
; TOP:neiroset|conv:conv1|always0~3                                                                                                     ; 21      ;
; TOP:neiroset|conv:conv1|always0~2                                                                                                     ; 21      ;
; TOP:neiroset|conv:conv1|always0~1                                                                                                     ; 21      ;
; TOP:neiroset|conv:conv1|Y1~42                                                                                                         ; 21      ;
; TOP:neiroset|conv:conv1|always0~0                                                                                                     ; 21      ;
; sdram_controller:SDRAM|state[0]                                                                                                       ; 21      ;
; TOP:neiroset|memorywork:block|LessThan2~24                                                                                            ; 21      ;
; TOP:neiroset|dense:dense|read_addressw[0]~0                                                                                           ; 20      ;
; TOP:neiroset|num_maxp[0]                                                                                                              ; 20      ;
; hellosoc_top:TFT|tft_ili9341:tft|LessThan0~7                                                                                          ; 20      ;
; sdram_controller:SDRAM|state[3]                                                                                                       ; 20      ;
; TOP:neiroset|conv_TOP:conv|res1~36                                                                                                    ; 19      ;
; TOP:neiroset|conv_TOP:conv|res1~35                                                                                                    ; 19      ;
; TOP:neiroset|dense:dense|res[7]~12                                                                                                    ; 19      ;
; TOP:neiroset|num_maxp[1]                                                                                                              ; 19      ;
; ~GND                                                                                                                                  ; 18      ;
; TOP:neiroset|dense:dense|marker[0]                                                                                                    ; 18      ;
; TOP:neiroset|filt[2]                                                                                                                  ; 18      ;
; TOP:neiroset|globmaxp_en                                                                                                              ; 18      ;
; cam_wrp:cam_wrp_0|wr_fifo                                                                                                             ; 18      ;
; camera_configure:camera_configure_0|SCCB_interface:SCCB1|Equal2~10                                                                    ; 18      ;
; TOP:neiroset|Add17~24                                                                                                                 ; 18      ;
; TOP:neiroset|Add17~22                                                                                                                 ; 18      ;
; TOP:neiroset|Add17~20                                                                                                                 ; 18      ;
; TOP:neiroset|Add17~18                                                                                                                 ; 18      ;
; TOP:neiroset|Add17~16                                                                                                                 ; 18      ;
; TOP:neiroset|Add17~14                                                                                                                 ; 18      ;
; TOP:neiroset|Add17~12                                                                                                                 ; 18      ;
; TOP:neiroset|Add17~10                                                                                                                 ; 18      ;
; TOP:neiroset|Add17~8                                                                                                                  ; 18      ;
; TOP:neiroset|Add17~6                                                                                                                  ; 18      ;
; TOP:neiroset|Add17~4                                                                                                                  ; 18      ;
; TOP:neiroset|lpm_mult:Mult7|mult_u9t:auto_generated|mac_out2~DATAOUT9                                                                 ; 18      ;
; TOP:neiroset|lpm_mult:Mult7|mult_u9t:auto_generated|mac_out2~DATAOUT8                                                                 ; 18      ;
; TOP:neiroset|lpm_mult:Mult7|mult_u9t:auto_generated|mac_out2~DATAOUT7                                                                 ; 18      ;
; TOP:neiroset|lpm_mult:Mult7|mult_u9t:auto_generated|mac_out2~DATAOUT6                                                                 ; 18      ;
; TOP:neiroset|lpm_mult:Mult7|mult_u9t:auto_generated|mac_out2~DATAOUT5                                                                 ; 18      ;
; TOP:neiroset|lpm_mult:Mult7|mult_u9t:auto_generated|mac_out2~DATAOUT4                                                                 ; 18      ;
; pre_v2:grayscale|always0~68                                                                                                           ; 17      ;
; TOP:neiroset|always0~27                                                                                                               ; 17      ;
; x_gray[9]                                                                                                                             ; 17      ;
; x_gray[8]                                                                                                                             ; 17      ;
; camera_configure:camera_configure_0|SCCB_interface:SCCB1|FSM_state~41                                                                 ; 17      ;
; TOP:neiroset|lpm_mult:Mult7|mult_u9t:auto_generated|mac_out2~DATAOUT3                                                                 ; 17      ;
; TOP:neiroset|lpm_mult:Mult7|mult_u9t:auto_generated|mac_out2~DATAOUT2                                                                 ; 17      ;
; TOP:neiroset|conv_TOP:conv|zagryzka_weight                                                                                            ; 17      ;
; TOP:neiroset|RAM:memory|altsyncram:mem_rtl_0|altsyncram_m2e1:auto_generated|ram_block1a0                                              ; 17      ;
; TOP:neiroset|RAM:memory|altsyncram:mem_rtl_0|altsyncram_m2e1:auto_generated|ram_block1a1                                              ; 17      ;
; TOP:neiroset|RAM:memory|altsyncram:mem_rtl_0|altsyncram_m2e1:auto_generated|ram_block1a2                                              ; 17      ;
; TOP:neiroset|RAM:memory|altsyncram:mem_rtl_0|altsyncram_m2e1:auto_generated|ram_block1a3                                              ; 17      ;
; TOP:neiroset|RAM:memory|altsyncram:mem_rtl_0|altsyncram_m2e1:auto_generated|ram_block1a4                                              ; 17      ;
; TOP:neiroset|RAM:memory|altsyncram:mem_rtl_0|altsyncram_m2e1:auto_generated|ram_block1a5                                              ; 17      ;
; TOP:neiroset|RAM:memory|altsyncram:mem_rtl_0|altsyncram_m2e1:auto_generated|ram_block1a6                                              ; 17      ;
; TOP:neiroset|RAM:memory|altsyncram:mem_rtl_0|altsyncram_m2e1:auto_generated|ram_block1a7                                              ; 17      ;
; TOP:neiroset|RAM:memory|altsyncram:mem_rtl_0|altsyncram_m2e1:auto_generated|ram_block1a8                                              ; 17      ;
; TOP:neiroset|RAM:memory|altsyncram:mem_rtl_0|altsyncram_m2e1:auto_generated|ram_block1a9                                              ; 17      ;
; TOP:neiroset|RAM:memory|altsyncram:mem_rtl_0|altsyncram_m2e1:auto_generated|ram_block1a10                                             ; 17      ;
; pre_v2:grayscale|sr_data_6_0[5]~50                                                                                                    ; 16      ;
; pre_v2:grayscale|sr_data_5_0[6]~50                                                                                                    ; 16      ;
; pre_v2:grayscale|sr_data_8_0[13]~50                                                                                                   ; 16      ;
; pre_v2:grayscale|sr_data_7_0[4]~50                                                                                                    ; 16      ;
; pre_v2:grayscale|sr_data_20_0[6]~50                                                                                                   ; 16      ;
; pre_v2:grayscale|sr_data_19_0[6]~50                                                                                                   ; 16      ;
; pre_v2:grayscale|sr_data_21_0[4]~50                                                                                                   ; 16      ;
; pre_v2:grayscale|sr_data_0_0[14]~50                                                                                                   ; 16      ;
; pre_v2:grayscale|sr_data_22_0[1]~50                                                                                                   ; 16      ;
; pre_v2:grayscale|sr_data_26_0[12]~50                                                                                                  ; 16      ;
; pre_v2:grayscale|sr_data_23_0[13]~50                                                                                                  ; 16      ;
; pre_v2:grayscale|sr_data_27_0[5]~51                                                                                                   ; 16      ;
; pre_v2:grayscale|sr_data_24_0[11]~50                                                                                                  ; 16      ;
; pre_v2:grayscale|sr_data_10_0[2]~50                                                                                                   ; 16      ;
; pre_v2:grayscale|sr_data_14_0[7]~50                                                                                                   ; 16      ;
; pre_v2:grayscale|sr_data_16_0[6]~50                                                                                                   ; 16      ;
; pre_v2:grayscale|sr_data_2_0[14]~50                                                                                                   ; 16      ;
; pre_v2:grayscale|sr_data_4_0[13]~50                                                                                                   ; 16      ;
; pre_v2:grayscale|sr_data_3_0[8]~50                                                                                                    ; 16      ;
; TOP:neiroset|memorywork:block|buff[77]~4                                                                                              ; 16      ;
; pre_v2:grayscale|sr_data_18_0[6]~48                                                                                                   ; 16      ;
; pre_v2:grayscale|sr_data_17_0[6]~48                                                                                                   ; 16      ;
; pre_v2:grayscale|sr_data_25_0[16]~48                                                                                                  ; 16      ;
; pre_v2:grayscale|sr_data_9_0[1]~48                                                                                                    ; 16      ;
; pre_v2:grayscale|sr_data_12_0[13]~48                                                                                                  ; 16      ;
; pre_v2:grayscale|sr_data_11_0[6]~48                                                                                                   ; 16      ;
; pre_v2:grayscale|sr_data_13_0[3]~48                                                                                                   ; 16      ;
; pre_v2:grayscale|sr_data_15_0[2]~48                                                                                                   ; 16      ;
; pre_v2:grayscale|sr_data_1_0[14]~48                                                                                                   ; 16      ;
; pre_v2:grayscale|always0~67                                                                                                           ; 16      ;
; pre_v2:grayscale|Equal29~4                                                                                                            ; 16      ;
; TOP:neiroset|dense:dense|marker[1]                                                                                                    ; 16      ;
; TOP:neiroset|memorywork:block|i[0]                                                                                                    ; 16      ;
; TOP:neiroset|memorywork:block|i[1]                                                                                                    ; 16      ;
; camera_configure:camera_configure_0|OV7670_config:config_1|SCCB_interface_addr[7]~1                                                   ; 16      ;
; sdram_controller:SDRAM|wr_data_r~1                                                                                                    ; 16      ;
; camera_configure:camera_configure_0|SCCB_interface:SCCB1|FSM_state.FSM_TX_BYTE_4                                                      ; 16      ;
; sdram_controller:SDRAM|Equal1~1                                                                                                       ; 16      ;
; sdram_controller:SDRAM|rd_data_r[11]~1                                                                                                ; 16      ;
; hellosoc_top:TFT|x_out[6]                                                                                                             ; 16      ;
; hellosoc_top:TFT|x_out[1]                                                                                                             ; 16      ;
; TOP:neiroset|lpm_mult:Mult0|multcore:mult_core|mpar_add:padder|lpm_add_sub:adder[0]|add_sub_mbh:auto_generated|~QUARTUS_CREATED_GND~I ; 15      ;
; TOP:neiroset|maxp:maxpooling|marker[1]                                                                                                ; 15      ;
; TOP:neiroset|dense:dense|marker[2]                                                                                                    ; 15      ;
; TOP:neiroset|result_en                                                                                                                ; 15      ;
; hellosoc_top:TFT|x_out[2]                                                                                                             ; 15      ;
; hellosoc_top:TFT|y_out[1]                                                                                                             ; 15      ;
; TOP:neiroset|Add17~2                                                                                                                  ; 15      ;
; TOP:neiroset|memorywork:block|buff[33]~3                                                                                              ; 14      ;
; pre_v2:grayscale|always0~69                                                                                                           ; 14      ;
; x_gray[2]                                                                                                                             ; 14      ;
; pre_v2:grayscale|j[1]                                                                                                                 ; 14      ;
; TOP:neiroset|dense:dense|marker[3]                                                                                                    ; 14      ;
; TOP:neiroset|read_addressp[1]~2                                                                                                       ; 14      ;
; TOP:neiroset|read_addressp[1]~1                                                                                                       ; 14      ;
; TOP:neiroset|read_addressp[1]~0                                                                                                       ; 14      ;
; TOP:neiroset|write_addressp[5]~1                                                                                                      ; 14      ;
; TOP:neiroset|dp[10]~0                                                                                                                 ; 14      ;
; TOP:neiroset|write_addressp[5]~0                                                                                                      ; 14      ;
; hellosoc_top:TFT|x_out[7]                                                                                                             ; 14      ;
; hellosoc_top:TFT|y_out[2]                                                                                                             ; 14      ;
; TOP:neiroset|Add17~0                                                                                                                  ; 14      ;
; TOP:neiroset|memorywork:block|weight_case[0]                                                                                          ; 14      ;
; TOP:neiroset|memorywork:block|LessThan0~24                                                                                            ; 14      ;
; TOP:neiroset|memorywork:block|Mux75~2                                                                                                 ; 13      ;
; TOP:neiroset|memorywork:block|Mux1~0                                                                                                  ; 13      ;
; TOP:neiroset|memorywork:block|we_w                                                                                                    ; 13      ;
; pre_v2:grayscale|always0~101                                                                                                          ; 13      ;
; pre_v2:grayscale|always0~91                                                                                                           ; 13      ;
; pre_v2:grayscale|always0~85                                                                                                           ; 13      ;
; pre_v2:grayscale|always0~83                                                                                                           ; 13      ;
; pre_v2:grayscale|always0~82                                                                                                           ; 13      ;
; pre_v2:grayscale|always0~81                                                                                                           ; 13      ;
; pre_v2:grayscale|always0~72                                                                                                           ; 13      ;
; Equal1~1                                                                                                                              ; 13      ;
; TOP:neiroset|conv_TOP:conv|read_addressp[0]~16                                                                                        ; 13      ;
; TOP:neiroset|maxp:maxpooling|read_addressp[3]~17                                                                                      ; 13      ;
; TOP:neiroset|dense:dense|write_addressp[1]~15                                                                                         ; 13      ;
; TOP:neiroset|dense:dense|dp~0                                                                                                         ; 13      ;
; TOP:neiroset|memorywork:block|i~0                                                                                                     ; 13      ;
; TOP:neiroset|STOP~0                                                                                                                   ; 13      ;
; TOP:neiroset|STOP                                                                                                                     ; 13      ;
; camera_configure:camera_configure_0|OV7670_config:config_1|FSM_state.FSM_SEND_CMD                                                     ; 13      ;
; hellosoc_top:TFT|tft_ili9341:tft|remainingDelayTicks[23]~27                                                                           ; 13      ;
; hellosoc_top:TFT|x_out[4]                                                                                                             ; 13      ;
; hellosoc_top:TFT|y_out[4]                                                                                                             ; 13      ;
; hellosoc_top:TFT|y_out[0]                                                                                                             ; 13      ;
; hellosoc_top:TFT|tft_ili9341:tft|initSeqCounter[6]~8                                                                                  ; 13      ;
; TOP:neiroset|memorywork:block|weight_case[3]                                                                                          ; 13      ;
; pre_v2:grayscale|always0~122                                                                                                          ; 12      ;
; pre_v2:grayscale|always0~121                                                                                                          ; 12      ;
; pre_v2:grayscale|always0~120                                                                                                          ; 12      ;
; pre_v2:grayscale|always0~118                                                                                                          ; 12      ;
; pre_v2:grayscale|always0~117                                                                                                          ; 12      ;
; pre_v2:grayscale|always0~116                                                                                                          ; 12      ;
; TOP:neiroset|memorywork:block|Mux56~0                                                                                                 ; 12      ;
; TOP:neiroset|memorywork:block|Mux38~1                                                                                                 ; 12      ;
; pre_v2:grayscale|always0~93                                                                                                           ; 12      ;
; pre_v2:grayscale|always0~92                                                                                                           ; 12      ;
; pre_v2:grayscale|always0~90                                                                                                           ; 12      ;
; pre_v2:grayscale|always0~89                                                                                                           ; 12      ;
; pre_v2:grayscale|always0~88                                                                                                           ; 12      ;
; pre_v2:grayscale|always0~79                                                                                                           ; 12      ;
; pre_v2:grayscale|always0~78                                                                                                           ; 12      ;
; pre_v2:grayscale|always0~76                                                                                                           ; 12      ;
; pre_v2:grayscale|always0~74                                                                                                           ; 12      ;
; hellosoc_top:TFT|start_28                                                                                                             ; 12      ;
; pre_v2:grayscale|j[0]                                                                                                                 ; 12      ;
; pre_v2:grayscale|j[2]                                                                                                                 ; 12      ;
; TOP:neiroset|conv_TOP:conv|LessThan1~4                                                                                                ; 12      ;
; TOP:neiroset|memstartzap_num~3                                                                                                        ; 12      ;
; TOP:neiroset|always0~17                                                                                                               ; 12      ;
; TOP:neiroset|filt[3]                                                                                                                  ; 12      ;
; camera_configure:camera_configure_0|SCCB_interface:SCCB1|byte_counter[1]                                                              ; 12      ;
; camera_configure:camera_configure_0|SCCB_interface:SCCB1|byte_counter[0]                                                              ; 12      ;
; hellosoc_top:TFT|tft_ili9341:tft|state.SEND_INIT_SEQ                                                                                  ; 12      ;
; hellosoc_top:TFT|x_out[0]                                                                                                             ; 12      ;
; hellosoc_top:TFT|x_out[3]                                                                                                             ; 12      ;
; hellosoc_top:TFT|x_out[5]                                                                                                             ; 12      ;
; hellosoc_top:TFT|y_out[5]                                                                                                             ; 12      ;
; hellosoc_top:TFT|y_out[3]                                                                                                             ; 12      ;
; TOP:neiroset|conv_TOP:conv|re_t                                                                                                       ; 12      ;
; TOP:neiroset|maxp:maxpooling|LessThan0~0                                                                                              ; 12      ;
; TOP:neiroset|conv_TOP:conv|i[9]                                                                                                       ; 12      ;
; TOP:neiroset|memorywork:block|buff[55]~116                                                                                            ; 11      ;
; TOP:neiroset|conv_TOP:conv|buff1[2][10]~2                                                                                             ; 11      ;
; pre_v2:grayscale|always0~119                                                                                                          ; 11      ;
; pre_v2:grayscale|always0~114                                                                                                          ; 11      ;
; hellosoc_top:TFT|RES_4~7                                                                                                              ; 11      ;
; TOP:neiroset|memorywork:block|buff[0]~104                                                                                             ; 11      ;
; TOP:neiroset|memorywork:block|buff[0]~103                                                                                             ; 11      ;
; TOP:neiroset|memorywork:block|buff[11]~91                                                                                             ; 11      ;
; TOP:neiroset|memorywork:block|buff[11]~90                                                                                             ; 11      ;
; TOP:neiroset|memorywork:block|buff[22]~78                                                                                             ; 11      ;
; TOP:neiroset|memorywork:block|buff[66]~56                                                                                             ; 11      ;
; TOP:neiroset|memorywork:block|buff[88]~33                                                                                             ; 11      ;
; TOP:neiroset|memorywork:block|buff[44]~30                                                                                             ; 11      ;
; TOP:neiroset|memorywork:block|buff[77]~8                                                                                              ; 11      ;
; TOP:neiroset|memorywork:block|buff[77]~7                                                                                              ; 11      ;
; TOP:neiroset|memorywork:block|buff[33]~5                                                                                              ; 11      ;
; TOP:neiroset|memorywork:block|dw~81                                                                                                   ; 11      ;
; TOP:neiroset|memorywork:block|dw~80                                                                                                   ; 11      ;
; TOP:neiroset|memorywork:block|dw~36                                                                                                   ; 11      ;
; TOP:neiroset|memorywork:block|dw~0                                                                                                    ; 11      ;
; TOP:neiroset|dense:dense|p19[7]~0                                                                                                     ; 11      ;
; TOP:neiroset|dense:dense|p18[10]~0                                                                                                    ; 11      ;
; TOP:neiroset|dense:dense|p17[10]~0                                                                                                    ; 11      ;
; TOP:neiroset|dense:dense|p16[10]~0                                                                                                    ; 11      ;
; TOP:neiroset|dense:dense|p15[10]~0                                                                                                    ; 11      ;
; TOP:neiroset|dense:dense|p13[10]~0                                                                                                    ; 11      ;
; TOP:neiroset|dense:dense|p11[10]~0                                                                                                    ; 11      ;
; TOP:neiroset|border:border|lpm_mult:Mult0|multcore:mult_core|romout[0][3]                                                             ; 11      ;
; pre_v2:grayscale|output_data[0]~27                                                                                                    ; 11      ;
; pre_v2:grayscale|always0~86                                                                                                           ; 11      ;
; pre_v2:grayscale|always0~84                                                                                                           ; 11      ;
; pre_v2:grayscale|always0~27                                                                                                           ; 11      ;
; TOP:neiroset|maxp:maxpooling|buff[0]~0                                                                                                ; 11      ;
; pre_v2:grayscale|i[1]                                                                                                                 ; 11      ;
; TOP:neiroset|maxp:maxpooling|j[7]~12                                                                                                  ; 11      ;
; TOP:neiroset|memorywork:block|addressRAM:inst_1|WideOr0~1                                                                             ; 11      ;
; TOP:neiroset|conv_TOP:conv|marker[3]                                                                                                  ; 11      ;
; TOP:neiroset|conv_TOP:conv|marker[2]                                                                                                  ; 11      ;
; TOP:neiroset|maxp:maxpooling|marker[0]                                                                                                ; 11      ;
; TOP:neiroset|read_addressp[12]                                                                                                        ; 11      ;
; TOP:neiroset|read_addressp[11]                                                                                                        ; 11      ;
; TOP:neiroset|read_addressp[10]                                                                                                        ; 11      ;
; TOP:neiroset|read_addressp[9]                                                                                                         ; 11      ;
; TOP:neiroset|read_addressp[8]                                                                                                         ; 11      ;
; TOP:neiroset|read_addressp[7]                                                                                                         ; 11      ;
; TOP:neiroset|read_addressp[6]                                                                                                         ; 11      ;
; TOP:neiroset|read_addressp[5]                                                                                                         ; 11      ;
; TOP:neiroset|read_addressp[4]                                                                                                         ; 11      ;
; TOP:neiroset|read_addressp[3]                                                                                                         ; 11      ;
; TOP:neiroset|read_addressp[2]                                                                                                         ; 11      ;
; TOP:neiroset|read_addressp[1]                                                                                                         ; 11      ;
; TOP:neiroset|read_addressp[0]                                                                                                         ; 11      ;
; TOP:neiroset|write_addressp[12]                                                                                                       ; 11      ;
; TOP:neiroset|write_addressp[11]                                                                                                       ; 11      ;
; TOP:neiroset|write_addressp[10]                                                                                                       ; 11      ;
; TOP:neiroset|write_addressp[9]                                                                                                        ; 11      ;
; TOP:neiroset|write_addressp[8]                                                                                                        ; 11      ;
; TOP:neiroset|write_addressp[7]                                                                                                        ; 11      ;
; TOP:neiroset|write_addressp[6]                                                                                                        ; 11      ;
; TOP:neiroset|write_addressp[5]                                                                                                        ; 11      ;
; TOP:neiroset|write_addressp[4]                                                                                                        ; 11      ;
; TOP:neiroset|write_addressp[3]                                                                                                        ; 11      ;
; TOP:neiroset|write_addressp[2]                                                                                                        ; 11      ;
; TOP:neiroset|write_addressp[1]                                                                                                        ; 11      ;
; TOP:neiroset|write_addressp[0]                                                                                                        ; 11      ;
; TOP:neiroset|re_p                                                                                                                     ; 11      ;
; TOP:neiroset|result:result|buff[10]~1                                                                                                 ; 11      ;
; TOP:neiroset|TOPlvl_conv[2]                                                                                                           ; 11      ;
; hellosoc_top:TFT|tft_ili9341:tft|state.HOLD_RESET                                                                                     ; 11      ;
; sdram_controller:SDRAM|Equal1~0                                                                                                       ; 11      ;
; TOP:neiroset|conv_TOP:conv|LessThan0~18                                                                                               ; 11      ;
; TOP:neiroset|conv_TOP:conv|read_addresstp[11]                                                                                         ; 11      ;
; TOP:neiroset|conv_TOP:conv|read_addresstp[10]                                                                                         ; 11      ;
; TOP:neiroset|conv_TOP:conv|read_addresstp[9]                                                                                          ; 11      ;
; TOP:neiroset|conv_TOP:conv|read_addresstp[8]                                                                                          ; 11      ;
; TOP:neiroset|conv_TOP:conv|read_addresstp[7]                                                                                          ; 11      ;
; TOP:neiroset|conv_TOP:conv|read_addresstp[6]                                                                                          ; 11      ;
; TOP:neiroset|conv_TOP:conv|read_addresstp[5]                                                                                          ; 11      ;
; TOP:neiroset|conv_TOP:conv|read_addresstp[4]                                                                                          ; 11      ;
; TOP:neiroset|conv_TOP:conv|read_addresstp[3]                                                                                          ; 11      ;
; TOP:neiroset|conv_TOP:conv|read_addresstp[2]                                                                                          ; 11      ;
; TOP:neiroset|conv_TOP:conv|read_addresstp[1]                                                                                          ; 11      ;
; TOP:neiroset|conv_TOP:conv|read_addresstp[0]                                                                                          ; 11      ;
; TOP:neiroset|conv_TOP:conv|write_addresstp[11]                                                                                        ; 11      ;
; TOP:neiroset|conv_TOP:conv|write_addresstp[10]                                                                                        ; 11      ;
; TOP:neiroset|conv_TOP:conv|write_addresstp[9]                                                                                         ; 11      ;
; TOP:neiroset|conv_TOP:conv|write_addresstp[8]                                                                                         ; 11      ;
; TOP:neiroset|conv_TOP:conv|write_addresstp[7]                                                                                         ; 11      ;
; TOP:neiroset|conv_TOP:conv|write_addresstp[6]                                                                                         ; 11      ;
; TOP:neiroset|conv_TOP:conv|write_addresstp[5]                                                                                         ; 11      ;
; TOP:neiroset|conv_TOP:conv|write_addresstp[4]                                                                                         ; 11      ;
; TOP:neiroset|conv_TOP:conv|write_addresstp[3]                                                                                         ; 11      ;
; TOP:neiroset|conv_TOP:conv|write_addresstp[2]                                                                                         ; 11      ;
; TOP:neiroset|conv_TOP:conv|write_addresstp[1]                                                                                         ; 11      ;
; TOP:neiroset|conv_TOP:conv|write_addresstp[0]                                                                                         ; 11      ;
; TOP:neiroset|memorywork:block|address[12]~20                                                                                          ; 11      ;
; TOP:neiroset|memorywork:block|address[11]~18                                                                                          ; 11      ;
; TOP:neiroset|memorywork:block|address[10]~16                                                                                          ; 11      ;
; TOP:neiroset|memorywork:block|address[9]~14                                                                                           ; 11      ;
; TOP:neiroset|memorywork:block|address[8]~12                                                                                           ; 11      ;
; TOP:neiroset|memorywork:block|address[7]~10                                                                                           ; 11      ;
; TOP:neiroset|memorywork:block|address[6]~8                                                                                            ; 11      ;
; TOP:neiroset|memorywork:block|address[5]~6                                                                                            ; 11      ;
; TOP:neiroset|memorywork:block|address[4]~4                                                                                            ; 11      ;
; TOP:neiroset|memorywork:block|address[3]~2                                                                                            ; 11      ;
; TOP:neiroset|memorywork:block|address[2]~0                                                                                            ; 11      ;
; Add4~20                                                                                                                               ; 11      ;
; Add4~18                                                                                                                               ; 11      ;
; Add4~16                                                                                                                               ; 11      ;
; Add4~14                                                                                                                               ; 11      ;
; Add4~12                                                                                                                               ; 11      ;
; Add4~10                                                                                                                               ; 11      ;
; Add4~8                                                                                                                                ; 11      ;
; Add4~6                                                                                                                                ; 11      ;
; Add4~4                                                                                                                                ; 11      ;
; Add4~2                                                                                                                                ; 11      ;
; Add4~0                                                                                                                                ; 11      ;
; pre_v2:grayscale|i[0]                                                                                                                 ; 11      ;
; TOP:neiroset|database:database|altsyncram:storage_rtl_0|altsyncram_70j1:auto_generated|ram_block1a0                                   ; 11      ;
; TOP:neiroset|database:database|altsyncram:storage_rtl_0|altsyncram_70j1:auto_generated|ram_block1a1                                   ; 11      ;
; TOP:neiroset|database:database|altsyncram:storage_rtl_0|altsyncram_70j1:auto_generated|ram_block1a2                                   ; 11      ;
; TOP:neiroset|database:database|altsyncram:storage_rtl_0|altsyncram_70j1:auto_generated|ram_block1a3                                   ; 11      ;
; TOP:neiroset|database:database|altsyncram:storage_rtl_0|altsyncram_70j1:auto_generated|ram_block1a4                                   ; 11      ;
; TOP:neiroset|database:database|altsyncram:storage_rtl_0|altsyncram_70j1:auto_generated|ram_block1a5                                   ; 11      ;
; TOP:neiroset|database:database|altsyncram:storage_rtl_0|altsyncram_70j1:auto_generated|ram_block1a6                                   ; 11      ;
; TOP:neiroset|database:database|altsyncram:storage_rtl_0|altsyncram_70j1:auto_generated|ram_block1a7                                   ; 11      ;
; TOP:neiroset|database:database|altsyncram:storage_rtl_0|altsyncram_70j1:auto_generated|ram_block1a8                                   ; 11      ;
; TOP:neiroset|database:database|altsyncram:storage_rtl_0|altsyncram_70j1:auto_generated|ram_block1a9                                   ; 11      ;
; TOP:neiroset|database:database|altsyncram:storage_rtl_0|altsyncram_70j1:auto_generated|ram_block1a10                                  ; 11      ;
; TOP:neiroset|conv_TOP:conv|i[4]                                                                                                       ; 11      ;
; TOP:neiroset|conv_TOP:conv|i[3]                                                                                                       ; 11      ;
; TOP:neiroset|conv_TOP:conv|i[2]                                                                                                       ; 11      ;
; TOP:neiroset|conv_TOP:conv|i[1]                                                                                                       ; 11      ;
; TOP:neiroset|conv_TOP:conv|res_out_1[0]~14                                                                                            ; 10      ;
; sdram_controller:SDRAM|refresh_cnt[2]~32                                                                                              ; 10      ;
; y_gray[2]~0                                                                                                                           ; 10      ;
; TOP:neiroset|memstartp[2]~9                                                                                                           ; 10      ;
; TOP:neiroset|dense:dense|dp[4]~14                                                                                                     ; 10      ;
; TOP:neiroset|conv_TOP:conv|i[2]~14                                                                                                    ; 10      ;
; pre_v2:grayscale|j[3]                                                                                                                 ; 10      ;
; TOP:neiroset|dense:dense|res[7]~13                                                                                                    ; 10      ;
; TOP:neiroset|result:result|read_addressp[3]~0                                                                                         ; 10      ;
; TOP:neiroset|dp[2]~4                                                                                                                  ; 10      ;
; TOP:neiroset|dp[2]~3                                                                                                                  ; 10      ;
; TOP:neiroset|Add18~0                                                                                                                  ; 10      ;
; cam_wrp:cam_wrp_0|fifo_1024x16:input_fifo|dcfifo:dcfifo_component|dcfifo_90o1:auto_generated|a_graycounter_677:rdptr_g1p|counter5a2   ; 10      ;
; cam_wrp:cam_wrp_0|fifo_1024x16:input_fifo|dcfifo:dcfifo_component|dcfifo_90o1:auto_generated|a_graycounter_677:rdptr_g1p|counter5a5   ; 10      ;
; hellosoc_top:TFT|LessThan147~0                                                                                                        ; 10      ;
; hellosoc_top:TFT|tft_ili9341:tft|spiData[1]~2                                                                                         ; 10      ;
; cam_wrp:cam_wrp_0|LessThan3~0                                                                                                         ; 10      ;
; hellosoc_top:TFT|tft_ili9341:tft|state.LOOP                                                                                           ; 10      ;
; LessThan1~0                                                                                                                           ; 10      ;
; hellosoc_top:TFT|tft_ili9341:tft|spiDataSet                                                                                           ; 10      ;
; hellosoc_top:TFT|fifo_big:fifo_tft|dcfifo:dcfifo_component|dcfifo_4ul1:auto_generated|a_graycounter_677:rdptr_g1p|counter5a5          ; 10      ;
; hellosoc_top:TFT|fifo_big:fifo_tft|dcfifo:dcfifo_component|dcfifo_4ul1:auto_generated|a_graycounter_677:rdptr_g1p|counter5a2          ; 10      ;
; hellosoc_top:TFT|tft_ili9341:tft|frameBufferLowNibble                                                                                 ; 10      ;
; sdram_controller:SDRAM|addr~0                                                                                                         ; 10      ;
; TOP:neiroset|conv_TOP:conv|i[8]                                                                                                       ; 10      ;
; TOP:neiroset|conv_TOP:conv|i[7]                                                                                                       ; 10      ;
; TOP:neiroset|conv_TOP:conv|i[6]                                                                                                       ; 10      ;
; TOP:neiroset|conv_TOP:conv|i[5]                                                                                                       ; 10      ;
; TOP:neiroset|memorywork:block|weight_case[1]                                                                                          ; 10      ;
; TOP:neiroset|conv_TOP:conv|read_addressw[0]~29                                                                                        ; 9       ;
; pre_v2:grayscale|always0~115                                                                                                          ; 9       ;
; TOP:neiroset|dense:dense|j[0]~11                                                                                                      ; 9       ;
; pre_v2:grayscale|always0~96                                                                                                           ; 9       ;
; pre_v2:grayscale|always0~50                                                                                                           ; 9       ;
; pre_v2:grayscale|LessThan113~0                                                                                                        ; 9       ;
; TOP:neiroset|memorywork:block|we_p~1                                                                                                  ; 9       ;
; TOP:neiroset|memstartzap[0]~18                                                                                                        ; 9       ;
; TOP:neiroset|maxp:maxpooling|i[3]~20                                                                                                  ; 9       ;
; TOP:neiroset|maxp:maxpooling|i[3]~19                                                                                                  ; 9       ;
; pre_v2:grayscale|j[4]                                                                                                                 ; 9       ;
; TOP:neiroset|conv_TOP:conv|globmaxp_perem_1[4]~2                                                                                      ; 9       ;
; TOP:neiroset|Add18~2                                                                                                                  ; 9       ;
; cam_wrp:cam_wrp_0|fifo_1024x16:input_fifo|dcfifo:dcfifo_component|dcfifo_90o1:auto_generated|a_graycounter_677:rdptr_g1p|counter5a3   ; 9       ;
; cam_wrp:cam_wrp_0|fifo_1024x16:input_fifo|dcfifo:dcfifo_component|dcfifo_90o1:auto_generated|a_graycounter_677:rdptr_g1p|counter5a6   ; 9       ;
; hellosoc_top:TFT|y_out[8]~0                                                                                                           ; 9       ;
; camera_configure:camera_configure_0|SCCB_interface:SCCB1|FSM_state.FSM_LOAD_BYTE                                                      ; 9       ;
; sdram_controller:SDRAM|WideNor0                                                                                                       ; 9       ;
; hellosoc_top:TFT|fifo_big:fifo_tft|dcfifo:dcfifo_component|dcfifo_4ul1:auto_generated|a_graycounter_677:rdptr_g1p|counter5a6          ; 9       ;
; hellosoc_top:TFT|fifo_big:fifo_tft|dcfifo:dcfifo_component|dcfifo_4ul1:auto_generated|a_graycounter_677:rdptr_g1p|counter5a3          ; 9       ;
; hellosoc_top:TFT|tft_ili9341:tft|initSeqCounter[6]                                                                                    ; 9       ;
; TOP:neiroset|border:border|Add10~1                                                                                                    ; 8       ;
; pre_v2:grayscale|always0~87                                                                                                           ; 8       ;
; start_gray~4                                                                                                                          ; 8       ;
; camera_configure:camera_configure_0|OV7670_config:config_1|rom_addr~0                                                                 ; 8       ;
; cam_wrp:cam_wrp_0|fifo_1024x16:input_fifo|dcfifo:dcfifo_component|dcfifo_90o1:auto_generated|a_graycounter_2lc:wrptr_g1p|counter8a0   ; 8       ;
; cam_wrp:cam_wrp_0|fifo_1024x16:input_fifo|dcfifo:dcfifo_component|dcfifo_90o1:auto_generated|a_graycounter_2lc:wrptr_g1p|counter8a2   ; 8       ;
; cam_wrp:cam_wrp_0|fifo_1024x16:input_fifo|dcfifo:dcfifo_component|dcfifo_90o1:auto_generated|a_graycounter_2lc:wrptr_g1p|counter8a5   ; 8       ;
; TOP:neiroset|Add18~1                                                                                                                  ; 8       ;
; camera_configure:camera_configure_0|SCCB_interface:SCCB1|FSM_state.FSM_DONE                                                           ; 8       ;
; cam_wrp:cam_wrp_0|fifo_1024x16:input_fifo|dcfifo:dcfifo_component|dcfifo_90o1:auto_generated|a_graycounter_677:rdptr_g1p|counter5a0   ; 8       ;
; cam_wrp:cam_wrp_0|fifo_1024x16:input_fifo|dcfifo:dcfifo_component|dcfifo_90o1:auto_generated|a_graycounter_677:rdptr_g1p|counter5a1   ; 8       ;
; cam_wrp:cam_wrp_0|fifo_1024x16:input_fifo|dcfifo:dcfifo_component|dcfifo_90o1:auto_generated|a_graycounter_677:rdptr_g1p|counter5a4   ; 8       ;
; cam_wrp:cam_wrp_0|fifo_1024x16:input_fifo|dcfifo:dcfifo_component|dcfifo_90o1:auto_generated|a_graycounter_677:rdptr_g1p|counter5a8   ; 8       ;
; cam_wrp:cam_wrp_0|fifo_1024x16:input_fifo|dcfifo:dcfifo_component|dcfifo_90o1:auto_generated|a_graycounter_677:rdptr_g1p|counter5a7   ; 8       ;
; hellosoc_top:TFT|tft_ili9341:tft|spiData[7]~5                                                                                         ; 8       ;
; hellosoc_top:TFT|tft_ili9341:tft|spiData[1]~4                                                                                         ; 8       ;
; hellosoc_top:TFT|tft_ili9341:tft|spiData[1]~3                                                                                         ; 8       ;
; hellosoc_top:TFT|currentPixel~29                                                                                                      ; 8       ;
; hellosoc_top:TFT|LessThan141~0                                                                                                        ; 8       ;
; hellosoc_top:TFT|currentPixel~6                                                                                                       ; 8       ;
; hellosoc_top:TFT|tft_ili9341:tft|state.WAIT_FOR_POWERUP                                                                               ; 8       ;
; hellosoc_top:TFT|fifo_big:fifo_tft|dcfifo:dcfifo_component|dcfifo_4ul1:auto_generated|a_graycounter_2lc:wrptr_g1p|counter8a2          ; 8       ;
; hellosoc_top:TFT|fifo_big:fifo_tft|dcfifo:dcfifo_component|dcfifo_4ul1:auto_generated|a_graycounter_2lc:wrptr_g1p|counter8a5          ; 8       ;
; hellosoc_top:TFT|tft_ili9341:tft|LessThan0~6                                                                                          ; 8       ;
; hellosoc_top:TFT|tft_ili9341:tft|LessThan0~5                                                                                          ; 8       ;
; hellosoc_top:TFT|tft_ili9341:tft|LessThan0~4                                                                                          ; 8       ;
; hellosoc_top:TFT|fifo_big:fifo_tft|dcfifo:dcfifo_component|dcfifo_4ul1:auto_generated|a_graycounter_677:rdptr_g1p|counter5a8          ; 8       ;
; hellosoc_top:TFT|fifo_big:fifo_tft|dcfifo:dcfifo_component|dcfifo_4ul1:auto_generated|a_graycounter_677:rdptr_g1p|counter5a7          ; 8       ;
; hellosoc_top:TFT|fifo_big:fifo_tft|dcfifo:dcfifo_component|dcfifo_4ul1:auto_generated|a_graycounter_677:rdptr_g1p|counter5a4          ; 8       ;
; hellosoc_top:TFT|fifo_big:fifo_tft|dcfifo:dcfifo_component|dcfifo_4ul1:auto_generated|a_graycounter_677:rdptr_g1p|counter5a1          ; 8       ;
; hellosoc_top:TFT|fifo_big:fifo_tft|dcfifo:dcfifo_component|dcfifo_4ul1:auto_generated|a_graycounter_677:rdptr_g1p|counter5a0          ; 8       ;
; TOP:neiroset|memorywork:block|weight_case[2]                                                                                          ; 8       ;
; TOP:neiroset|Add5~2                                                                                                                   ; 8       ;
; TOP:neiroset|memorywork:block|step_out[0]~0                                                                                           ; 8       ;
; hellosoc_top:TFT|Add2~18                                                                                                              ; 8       ;
; TOP:neiroset|border:border|Add2~4                                                                                                     ; 7       ;
; TOP:neiroset|border:border|Add2~3                                                                                                     ; 7       ;
; TOP:neiroset|memstartp~4                                                                                                              ; 7       ;
; camera_configure:camera_configure_0|OV7670_config:config_1|timer[4]~5                                                                 ; 7       ;
; camera_configure:camera_configure_0|OV7670_config:config_1|Selector82~0                                                               ; 7       ;
; cam_wrp:cam_wrp_0|fifo_1024x16:input_fifo|dcfifo:dcfifo_component|dcfifo_90o1:auto_generated|a_graycounter_2lc:wrptr_g1p|counter8a1   ; 7       ;
; cam_wrp:cam_wrp_0|fifo_1024x16:input_fifo|dcfifo:dcfifo_component|dcfifo_90o1:auto_generated|a_graycounter_2lc:wrptr_g1p|counter8a3   ; 7       ;
; cam_wrp:cam_wrp_0|fifo_1024x16:input_fifo|dcfifo:dcfifo_component|dcfifo_90o1:auto_generated|a_graycounter_2lc:wrptr_g1p|counter8a6   ; 7       ;
; RESULT_2[0]                                                                                                                           ; 7       ;
; camera_configure:camera_configure_0|SCCB_interface:SCCB1|Selector68~0                                                                 ; 7       ;
; camera_configure:camera_configure_0|SCCB_interface:SCCB1|FSM_state.0000                                                               ; 7       ;
; hellosoc_top:TFT|y_out[6]                                                                                                             ; 7       ;
; hellosoc_top:TFT|y_out[7]                                                                                                             ; 7       ;
; hellosoc_top:TFT|y_out[8]                                                                                                             ; 7       ;
; hellosoc_top:TFT|fifo_big:fifo_tft|dcfifo:dcfifo_component|dcfifo_4ul1:auto_generated|a_graycounter_2lc:wrptr_g1p|counter8a6          ; 7       ;
; hellosoc_top:TFT|fifo_big:fifo_tft|dcfifo:dcfifo_component|dcfifo_4ul1:auto_generated|a_graycounter_2lc:wrptr_g1p|counter8a0          ; 7       ;
; hellosoc_top:TFT|fifo_big:fifo_tft|dcfifo:dcfifo_component|dcfifo_4ul1:auto_generated|a_graycounter_2lc:wrptr_g1p|counter8a3          ; 7       ;
; hellosoc_top:TFT|tft_ili9341:tft|always0~0                                                                                            ; 7       ;
; hellosoc_top:TFT|tft_ili9341:tft|tft_ili9341_spi:spi|counter[1]                                                                       ; 7       ;
; sdram_controller:SDRAM|Equal7~1                                                                                                       ; 7       ;
; TOP:neiroset|conv:conv1|Y1[20]                                                                                                        ; 7       ;
; TOP:neiroset|maxp:maxpooling|j[5]~_Duplicate_1                                                                                        ; 7       ;
; TOP:neiroset|maxp:maxpooling|j[4]~_Duplicate_1                                                                                        ; 7       ;
; TOP:neiroset|maxp:maxpooling|j[3]~_Duplicate_1                                                                                        ; 7       ;
; TOP:neiroset|maxp:maxpooling|j[2]~_Duplicate_1                                                                                        ; 7       ;
; TOP:neiroset|maxp:maxpooling|j[1]~_Duplicate_1                                                                                        ; 7       ;
; TOP:neiroset|maxp:maxpooling|j[0]~_Duplicate_1                                                                                        ; 7       ;
; TOP:neiroset|memorywork:block|weight_case[4]                                                                                          ; 7       ;
; TOP:neiroset|read_addressw[8]~8                                                                                                       ; 6       ;
; TOP:neiroset|read_addressw[7]~7                                                                                                       ; 6       ;
; TOP:neiroset|read_addressw[6]~6                                                                                                       ; 6       ;
; TOP:neiroset|read_addressw[5]~5                                                                                                       ; 6       ;
; TOP:neiroset|read_addressw[4]~4                                                                                                       ; 6       ;
; TOP:neiroset|read_addressw[3]~3                                                                                                       ; 6       ;
; TOP:neiroset|read_addressw[2]~2                                                                                                       ; 6       ;
; TOP:neiroset|read_addressw[1]~1                                                                                                       ; 6       ;
; TOP:neiroset|read_addressw[0]~0                                                                                                       ; 6       ;
; TOP:neiroset|memorywork:block|addrw[8]                                                                                                ; 6       ;
; TOP:neiroset|memorywork:block|addrw[7]                                                                                                ; 6       ;
; TOP:neiroset|memorywork:block|addrw[6]                                                                                                ; 6       ;
; TOP:neiroset|memorywork:block|addrw[5]                                                                                                ; 6       ;
; TOP:neiroset|memorywork:block|addrw[4]                                                                                                ; 6       ;
; TOP:neiroset|memorywork:block|addrw[3]                                                                                                ; 6       ;
; TOP:neiroset|memorywork:block|addrw[2]                                                                                                ; 6       ;
; TOP:neiroset|memorywork:block|addrw[1]                                                                                                ; 6       ;
; TOP:neiroset|memorywork:block|addrw[0]                                                                                                ; 6       ;
; TOP:neiroset|re_w~0                                                                                                                   ; 6       ;
; TOP:neiroset|border:border|Add8~1                                                                                                     ; 6       ;
; TOP:neiroset|border:border|Add8~0                                                                                                     ; 6       ;
; TOP:neiroset|border:border|Add10~3                                                                                                    ; 6       ;
; TOP:neiroset|border:border|Add4~1                                                                                                     ; 6       ;
; TOP:neiroset|border:border|Add4~0                                                                                                     ; 6       ;
; TOP:neiroset|border:border|lpm_mult:Mult0|multcore:mult_core|romout[0][1]~0                                                           ; 6       ;
; TOP:neiroset|border:border|Add2~2                                                                                                     ; 6       ;
; TOP:neiroset|border:border|Equal1~2                                                                                                   ; 6       ;
; pre_v2:grayscale|always0~77                                                                                                           ; 6       ;
; pre_v2:grayscale|always0~36                                                                                                           ; 6       ;
; TOP:neiroset|border:border|prov[1]                                                                                                    ; 6       ;
; TOP:neiroset|border:border|prov[0]                                                                                                    ; 6       ;
; y_gray[7]                                                                                                                             ; 6       ;
; Equal1~2                                                                                                                              ; 6       ;
; TOP:neiroset|conv_TOP:conv|Selector3~0                                                                                                ; 6       ;
; TOP:neiroset|memorywork:block|i[2]                                                                                                    ; 6       ;
; TOP:neiroset|memorywork:block|i[3]                                                                                                    ; 6       ;
; TOP:neiroset|memorywork:block|i[4]                                                                                                    ; 6       ;
; TOP:neiroset|memorywork:block|i[5]                                                                                                    ; 6       ;
; TOP:neiroset|memorywork:block|i[6]                                                                                                    ; 6       ;
; TOP:neiroset|memorywork:block|i[7]                                                                                                    ; 6       ;
; TOP:neiroset|memorywork:block|i[8]                                                                                                    ; 6       ;
; TOP:neiroset|Equal22~0                                                                                                                ; 6       ;
; cam_wrp:cam_wrp_0|fifo_1024x16:input_fifo|dcfifo:dcfifo_component|dcfifo_90o1:auto_generated|a_graycounter_2lc:wrptr_g1p|counter8a4   ; 6       ;
; cam_wrp:cam_wrp_0|fifo_1024x16:input_fifo|dcfifo:dcfifo_component|dcfifo_90o1:auto_generated|a_graycounter_2lc:wrptr_g1p|counter8a7   ; 6       ;
; cam_wrp:cam_wrp_0|fifo_1024x16:input_fifo|dcfifo:dcfifo_component|dcfifo_90o1:auto_generated|a_graycounter_2lc:wrptr_g1p|counter8a8   ; 6       ;
; TOP:neiroset|always0~13                                                                                                               ; 6       ;
; camera_configure:camera_configure_0|SCCB_interface:SCCB1|ready                                                                        ; 6       ;
; hellosoc_top:TFT|tft_ili9341:tft|initSeqCounter[6]~22                                                                                 ; 6       ;
; RESULT_2[1]                                                                                                                           ; 6       ;
; cam_wrp:cam_wrp_0|fifo_1024x16:input_fifo|dcfifo:dcfifo_component|dcfifo_90o1:auto_generated|rdptr_g[3]                               ; 6       ;
; cam_wrp:cam_wrp_0|fifo_1024x16:input_fifo|dcfifo:dcfifo_component|dcfifo_90o1:auto_generated|rdptr_g[6]                               ; 6       ;
; cam_wrp:cam_wrp_0|fifo_1024x16:input_fifo|dcfifo:dcfifo_component|dcfifo_90o1:auto_generated|rdptr_g[9]                               ; 6       ;
; cam_wrp:cam_wrp_0|fifo_1024x16:input_fifo|dcfifo:dcfifo_component|dcfifo_90o1:auto_generated|rdptr_g[10]                              ; 6       ;
; hellosoc_top:TFT|Equal4~0                                                                                                             ; 6       ;
; hellosoc_top:TFT|fifo_big:fifo_tft|dcfifo:dcfifo_component|dcfifo_4ul1:auto_generated|a_graycounter_2lc:wrptr_g1p|counter8a8          ; 6       ;
; hellosoc_top:TFT|fifo_big:fifo_tft|dcfifo:dcfifo_component|dcfifo_4ul1:auto_generated|a_graycounter_2lc:wrptr_g1p|counter8a7          ; 6       ;
; hellosoc_top:TFT|fifo_big:fifo_tft|dcfifo:dcfifo_component|dcfifo_4ul1:auto_generated|a_graycounter_2lc:wrptr_g1p|counter8a1          ; 6       ;
; hellosoc_top:TFT|fifo_big:fifo_tft|dcfifo:dcfifo_component|dcfifo_4ul1:auto_generated|a_graycounter_2lc:wrptr_g1p|counter8a4          ; 6       ;
; hellosoc_top:TFT|tft_ili9341:tft|tft_ili9341_spi:spi|counter[2]                                                                       ; 6       ;
; sdram_controller:SDRAM|command[5]~3                                                                                                   ; 6       ;
; TOP:neiroset|maxp:maxpooling|j[6]~_Duplicate_1                                                                                        ; 6       ;
; TOP:neiroset|maxp:maxpooling|STOP                                                                                                     ; 6       ;
; TOP:neiroset|dense:dense|STOP                                                                                                         ; 6       ;
; TOP:neiroset|memorywork:block|step_out[4]~8                                                                                           ; 6       ;
; clk50~input                                                                                                                           ; 5       ;
; TOP:neiroset|memorywork:block|addressRAM:inst_1|firstaddr[9]                                                                          ; 5       ;
; pre_v2:grayscale|i[4]~26                                                                                                              ; 5       ;
; TOP:neiroset|always0~28                                                                                                               ; 5       ;
; TOP:neiroset|border:border|Equal2~1                                                                                                   ; 5       ;
; TOP:neiroset|border:border|Equal9~2                                                                                                   ; 5       ;
; TOP:neiroset|border:border|Equal3~0                                                                                                   ; 5       ;
; TOP:neiroset|border:border|Add4~2                                                                                                     ; 5       ;
; TOP:neiroset|border:border|lpm_mult:Mult0|multcore:mult_core|romout[0][2]~3                                                           ; 5       ;
; TOP:neiroset|border:border|Equal5~0                                                                                                   ; 5       ;
; TOP:neiroset|border:border|lpm_mult:Mult0|multcore:mult_core|_~1                                                                      ; 5       ;
; pre_v2:grayscale|always0~94                                                                                                           ; 5       ;
; pre_v2:grayscale|always0~32                                                                                                           ; 5       ;
; Equal2~2                                                                                                                              ; 5       ;
; pre_v2:grayscale|j[2]~0                                                                                                               ; 5       ;
; TOP:neiroset|memorywork:block|weight_case[0]~7                                                                                        ; 5       ;
; TOP:neiroset|conv_TOP:conv|Decoder0~0                                                                                                 ; 5       ;
; TOP:neiroset|matrix~1                                                                                                                 ; 5       ;
; y_gray[5]                                                                                                                             ; 5       ;
; y_gray[6]                                                                                                                             ; 5       ;
; y_gray[9]                                                                                                                             ; 5       ;
; y_gray[3]                                                                                                                             ; 5       ;
; y_gray[4]                                                                                                                             ; 5       ;
; y_gray[8]                                                                                                                             ; 5       ;
; Equal1~0                                                                                                                              ; 5       ;
; TOP:neiroset|always0~25                                                                                                               ; 5       ;
; TOP:neiroset|always0~14                                                                                                               ; 5       ;
; TOP:neiroset|Equal14~0                                                                                                                ; 5       ;
; cam_wrp:cam_wrp_0|fifo_1024x16:input_fifo|dcfifo:dcfifo_component|dcfifo_90o1:auto_generated|a_graycounter_2lc:wrptr_g1p|parity9      ; 5       ;
; TOP:neiroset|nextstep                                                                                                                 ; 5       ;
; TOP:neiroset|memorywork:block|i[9]                                                                                                    ; 5       ;
; TOP:neiroset|memorywork:block|i[10]                                                                                                   ; 5       ;
; TOP:neiroset|memorywork:block|i[11]                                                                                                   ; 5       ;
; TOP:neiroset|memorywork:block|i[12]                                                                                                   ; 5       ;
; TOP:neiroset|Equal22~3                                                                                                                ; 5       ;
; TOP:neiroset|lvl[3]~_Duplicate_1                                                                                                      ; 5       ;
; TOP:neiroset|lvl[4]~_Duplicate_1                                                                                                      ; 5       ;
; TOP:neiroset|lvl[1]~_Duplicate_1                                                                                                      ; 5       ;
; TOP:neiroset|lvl[2]~_Duplicate_1                                                                                                      ; 5       ;
; strt[0]                                                                                                                               ; 5       ;
; strt[1]                                                                                                                               ; 5       ;
; strt[2]                                                                                                                               ; 5       ;
; camera_configure:camera_configure_0|OV7670_config:config_1|Equal0~4                                                                   ; 5       ;
; camera_configure:camera_configure_0|OV7670_config:config_1|Equal0~0                                                                   ; 5       ;
; camera_configure:camera_configure_0|OV7670_config:config_1|FSM_state.FSM_IDLE                                                         ; 5       ;
; camera_configure:camera_configure_0|OV7670_config:config_1|FSM_state.FSM_DONE                                                         ; 5       ;
; cam_wrp:cam_wrp_0|fifo_1024x16:input_fifo|dcfifo:dcfifo_component|dcfifo_90o1:auto_generated|a_graycounter_677:rdptr_g1p|counter5a9   ; 5       ;
; cam_wrp:cam_wrp_0|fifo_1024x16:input_fifo|dcfifo:dcfifo_component|dcfifo_90o1:auto_generated|a_graycounter_677:rdptr_g1p|counter5a10  ; 5       ;
; hellosoc_top:TFT|RES_4~3                                                                                                              ; 5       ;
; hellosoc_top:TFT|LessThan145~1                                                                                                        ; 5       ;
; hellosoc_top:TFT|RES_0~2                                                                                                              ; 5       ;
; hellosoc_top:TFT|RES_8~3                                                                                                              ; 5       ;
; hellosoc_top:TFT|LessThan138~0                                                                                                        ; 5       ;
; hellosoc_top:TFT|Equal2~0                                                                                                             ; 5       ;
; hellosoc_top:TFT|Equal3~1                                                                                                             ; 5       ;
; cam_wrp:cam_wrp_0|fifo_1024x16:input_fifo|dcfifo:dcfifo_component|dcfifo_90o1:auto_generated|rdptr_g[2]                               ; 5       ;
; cam_wrp:cam_wrp_0|fifo_1024x16:input_fifo|dcfifo:dcfifo_component|dcfifo_90o1:auto_generated|rdptr_g[5]                               ; 5       ;
; cam_wrp:cam_wrp_0|fifo_1024x16:input_fifo|dcfifo:dcfifo_component|dcfifo_90o1:auto_generated|rdptr_g[8]                               ; 5       ;
; hellosoc_top:TFT|tft_ili9341:tft|remainingDelayTicks~26                                                                               ; 5       ;
; hellosoc_top:TFT|Equal4~1                                                                                                             ; 5       ;
; camera_configure:camera_configure_0|SCCB_interface:SCCB1|byte_index[0]                                                                ; 5       ;
; camera_configure:camera_configure_0|SCCB_interface:SCCB1|FSM_state.FSM_TX_BYTE_3                                                      ; 5       ;
; hellosoc_top:TFT|tft_ili9341:tft|state.START                                                                                          ; 5       ;
; hellosoc_top:TFT|tft_ili9341:tft|tft_ili9341_spi:spi|idle~0                                                                           ; 5       ;
; hellosoc_top:TFT|tft_ili9341:tft|tft_ili9341_spi:spi|idle                                                                             ; 5       ;
; sdram_controller:SDRAM|LessThan0~2                                                                                                    ; 5       ;
; hellosoc_top:TFT|fifo_big:fifo_tft|dcfifo:dcfifo_component|dcfifo_4ul1:auto_generated|a_graycounter_677:rdptr_g1p|counter5a10         ; 5       ;
; hellosoc_top:TFT|fifo_big:fifo_tft|dcfifo:dcfifo_component|dcfifo_4ul1:auto_generated|a_graycounter_677:rdptr_g1p|counter5a9          ; 5       ;
; ready                                                                                                                                 ; 5       ;
; hellosoc_top:TFT|tft_ili9341:tft|tft_ili9341_spi:spi|internalSck                                                                      ; 5       ;
; TOP:neiroset|maxp:maxpooling|i[4]                                                                                                     ; 5       ;
; TOP:neiroset|maxp:maxpooling|i[3]                                                                                                     ; 5       ;
; TOP:neiroset|maxp:maxpooling|i[2]                                                                                                     ; 5       ;
; TOP:neiroset|maxp:maxpooling|i[1]                                                                                                     ; 5       ;
; TOP:neiroset|maxp:maxpooling|i[9]                                                                                                     ; 5       ;
; TOP:neiroset|maxp:maxpooling|j[7]~_Duplicate_1                                                                                        ; 5       ;
; cam_wrp:cam_wrp_0|sh_write[8]                                                                                                         ; 5       ;
; cam_wrp:cam_wrp_0|sh_write[6]                                                                                                         ; 5       ;
; sdram_controller:SDRAM|state_cnt[0]                                                                                                   ; 5       ;
; TOP:neiroset|memorywork:block|addressRAM:inst_1|lastaddr[10]                                                                          ; 4       ;
; TOP:neiroset|always0~32                                                                                                               ; 4       ;
; TOP:neiroset|conv_TOP:conv|marker[1]~10                                                                                               ; 4       ;
; TOP:neiroset|memorywork:block|Mux80~0                                                                                                 ; 4       ;
; pre_v2:grayscale|always0~95                                                                                                           ; 4       ;
; TOP:neiroset|border:border|prov[0]~106                                                                                                ; 4       ;
; TOP:neiroset|border:border|prov[0]~96                                                                                                 ; 4       ;
; TOP:neiroset|conv_TOP:conv|Add2~1                                                                                                     ; 4       ;
; TOP:neiroset|border:border|Equal53~1                                                                                                  ; 4       ;
; TOP:neiroset|border:border|Add10~0                                                                                                    ; 4       ;
; TOP:neiroset|border:border|prov~7                                                                                                     ; 4       ;
; TOP:neiroset|border:border|lpm_mult:Mult0|multcore:mult_core|romout[0][1]~2                                                           ; 4       ;
; TOP:neiroset|border:border|Add2~1                                                                                                     ; 4       ;
; TOP:neiroset|border:border|Equal29~0                                                                                                  ; 4       ;
; pre_v2:grayscale|i~7                                                                                                                  ; 4       ;
; pre_v2:grayscale|i~6                                                                                                                  ; 4       ;
; pre_v2:grayscale|always0~75                                                                                                           ; 4       ;
; pre_v2:grayscale|always0~66                                                                                                           ; 4       ;
; pre_v2:grayscale|LessThan75~1                                                                                                         ; 4       ;
; TOP:neiroset|memorywork:block|addr[9]~32                                                                                              ; 4       ;
; TOP:neiroset|memorywork:block|addr[9]~31                                                                                              ; 4       ;
; TOP:neiroset|memstartp~7                                                                                                              ; 4       ;
; TOP:neiroset|matrix[1]~3                                                                                                              ; 4       ;
; TOP:neiroset|border:border|Equal1~0                                                                                                   ; 4       ;
; TOP:neiroset|memorywork:block|Equal10~0                                                                                               ; 4       ;
; x_gray[0]                                                                                                                             ; 4       ;
; x_gray[1]                                                                                                                             ; 4       ;
; TOP:neiroset|memorywork:block|always0~3                                                                                               ; 4       ;
; cam_wrp:cam_wrp_0|fifo_1024x16:input_fifo|dcfifo:dcfifo_component|dcfifo_90o1:auto_generated|a_graycounter_2lc:wrptr_g1p|_~1          ; 4       ;
; TOP:neiroset|dense:dense|i[1]                                                                                                         ; 4       ;
; TOP:neiroset|result:result|read_addressp[1]                                                                                           ; 4       ;
; cam_wrp:cam_wrp_0|fifo_1024x16:input_fifo|dcfifo:dcfifo_component|dcfifo_90o1:auto_generated|a_graycounter_2lc:wrptr_g1p|counter8a9   ; 4       ;
; cam_wrp:cam_wrp_0|fifo_1024x16:input_fifo|dcfifo:dcfifo_component|dcfifo_90o1:auto_generated|a_graycounter_2lc:wrptr_g1p|counter8a10  ; 4       ;
; TOP:neiroset|TOPlvl_conv[1]                                                                                                           ; 4       ;
; TOP:neiroset|result:result|RESULT[3]~2                                                                                                ; 4       ;
; cam_wrp:cam_wrp_0|fifo_1024x16:input_fifo|dcfifo:dcfifo_component|dcfifo_90o1:auto_generated|wrptr_g[0]                               ; 4       ;
; cam_wrp:cam_wrp_0|fifo_1024x16:input_fifo|dcfifo:dcfifo_component|dcfifo_90o1:auto_generated|wrptr_g[1]                               ; 4       ;
; cam_wrp:cam_wrp_0|fifo_1024x16:input_fifo|dcfifo:dcfifo_component|dcfifo_90o1:auto_generated|wrptr_g[2]                               ; 4       ;
; cam_wrp:cam_wrp_0|fifo_1024x16:input_fifo|dcfifo:dcfifo_component|dcfifo_90o1:auto_generated|wrptr_g[3]                               ; 4       ;
; cam_wrp:cam_wrp_0|fifo_1024x16:input_fifo|dcfifo:dcfifo_component|dcfifo_90o1:auto_generated|wrptr_g[4]                               ; 4       ;
; cam_wrp:cam_wrp_0|fifo_1024x16:input_fifo|dcfifo:dcfifo_component|dcfifo_90o1:auto_generated|wrptr_g[5]                               ; 4       ;
; cam_wrp:cam_wrp_0|fifo_1024x16:input_fifo|dcfifo:dcfifo_component|dcfifo_90o1:auto_generated|wrptr_g[6]                               ; 4       ;
; cam_wrp:cam_wrp_0|fifo_1024x16:input_fifo|dcfifo:dcfifo_component|dcfifo_90o1:auto_generated|a_graycounter_677:rdptr_g1p|_~1          ; 4       ;
; cam_wrp:cam_wrp_0|fifo_1024x16:input_fifo|dcfifo:dcfifo_component|dcfifo_90o1:auto_generated|a_graycounter_677:rdptr_g1p|_~0          ; 4       ;
; cam_wrp:cam_wrp_0|fifo_1024x16:input_fifo|dcfifo:dcfifo_component|dcfifo_90o1:auto_generated|a_graycounter_677:rdptr_g1p|parity6      ; 4       ;
; cam_wrp:cam_wrp_0|fifo_1024x16:input_fifo|dcfifo:dcfifo_component|dcfifo_90o1:auto_generated|wrptr_g[7]                               ; 4       ;
; cam_wrp:cam_wrp_0|fifo_1024x16:input_fifo|dcfifo:dcfifo_component|dcfifo_90o1:auto_generated|wrptr_g[8]                               ; 4       ;
; camera_configure:camera_configure_0|OV7670_config:config_1|Equal1~0                                                                   ; 4       ;
; hellosoc_top:TFT|RES_4~2                                                                                                              ; 4       ;
; hellosoc_top:TFT|LessThan140~0                                                                                                        ; 4       ;
; hellosoc_top:TFT|LessThan143~2                                                                                                        ; 4       ;
; hellosoc_top:TFT|Equal4~2                                                                                                             ; 4       ;
; hellosoc_top:TFT|Equal3~2                                                                                                             ; 4       ;
; hellosoc_top:TFT|fifo_big:fifo_tft|dcfifo:dcfifo_component|dcfifo_4ul1:auto_generated|a_graycounter_2lc:wrptr_g1p|_~5                 ; 4       ;
; hellosoc_top:TFT|fifo_big:fifo_tft|dcfifo:dcfifo_component|dcfifo_4ul1:auto_generated|a_graycounter_2lc:wrptr_g1p|_~1                 ; 4       ;
; hellosoc_top:TFT|fifo_big:fifo_tft|dcfifo:dcfifo_component|dcfifo_4ul1:auto_generated|a_graycounter_2lc:wrptr_g1p|parity9             ; 4       ;
; camera_configure:camera_configure_0|OV7670_config:config_1|SCCB_interface_start                                                       ; 4       ;
; cam_wrp:cam_wrp_0|fifo_1024x16:input_fifo|dcfifo:dcfifo_component|dcfifo_90o1:auto_generated|rdptr_g[1]                               ; 4       ;
; cam_wrp:cam_wrp_0|fifo_1024x16:input_fifo|dcfifo:dcfifo_component|dcfifo_90o1:auto_generated|a_gray2bin_7ib:rdptr_g_gray2bin|xor4     ; 4       ;
; cam_wrp:cam_wrp_0|fifo_1024x16:input_fifo|dcfifo:dcfifo_component|dcfifo_90o1:auto_generated|rdptr_g[4]                               ; 4       ;
; cam_wrp:cam_wrp_0|fifo_1024x16:input_fifo|dcfifo:dcfifo_component|dcfifo_90o1:auto_generated|a_gray2bin_7ib:rs_dgwp_gray2bin|xor4     ; 4       ;
; cam_wrp:cam_wrp_0|fifo_1024x16:input_fifo|dcfifo:dcfifo_component|dcfifo_90o1:auto_generated|a_gray2bin_7ib:rdptr_g_gray2bin|xor7     ; 4       ;
; cam_wrp:cam_wrp_0|fifo_1024x16:input_fifo|dcfifo:dcfifo_component|dcfifo_90o1:auto_generated|a_gray2bin_7ib:rs_dgwp_gray2bin|xor7     ; 4       ;
; hellosoc_top:TFT|tft_ili9341:tft|state~14                                                                                             ; 4       ;
; hellosoc_top:TFT|fifo_big:fifo_tft|dcfifo:dcfifo_component|dcfifo_4ul1:auto_generated|a_graycounter_677:rdptr_g1p|_~6                 ; 4       ;
; hellosoc_top:TFT|fifo_big:fifo_tft|dcfifo:dcfifo_component|dcfifo_4ul1:auto_generated|a_graycounter_677:rdptr_g1p|_~4                 ; 4       ;
; hellosoc_top:TFT|fifo_big:fifo_tft|dcfifo:dcfifo_component|dcfifo_4ul1:auto_generated|a_graycounter_677:rdptr_g1p|parity6             ; 4       ;
; hellosoc_top:TFT|fifo_big:fifo_tft|dcfifo:dcfifo_component|dcfifo_4ul1:auto_generated|a_graycounter_2lc:wrptr_g1p|counter8a9          ; 4       ;
; hellosoc_top:TFT|fifo_big:fifo_tft|dcfifo:dcfifo_component|dcfifo_4ul1:auto_generated|a_graycounter_2lc:wrptr_g1p|counter8a10         ; 4       ;
; camera_configure:camera_configure_0|SCCB_interface:SCCB1|byte_index[2]                                                                ; 4       ;
; camera_configure:camera_configure_0|SCCB_interface:SCCB1|byte_index[1]                                                                ; 4       ;
; sdram_controller:SDRAM|Equal7~0                                                                                                       ; 4       ;
; hellosoc_top:TFT|fifo_big:fifo_tft|dcfifo:dcfifo_component|dcfifo_4ul1:auto_generated|wrptr_g[8]                                      ; 4       ;
; hellosoc_top:TFT|fifo_big:fifo_tft|dcfifo:dcfifo_component|dcfifo_4ul1:auto_generated|wrptr_g[7]                                      ; 4       ;
; hellosoc_top:TFT|fifo_big:fifo_tft|dcfifo:dcfifo_component|dcfifo_4ul1:auto_generated|wrptr_g[6]                                      ; 4       ;
; hellosoc_top:TFT|fifo_big:fifo_tft|dcfifo:dcfifo_component|dcfifo_4ul1:auto_generated|wrptr_g[5]                                      ; 4       ;
; hellosoc_top:TFT|fifo_big:fifo_tft|dcfifo:dcfifo_component|dcfifo_4ul1:auto_generated|wrptr_g[4]                                      ; 4       ;
; hellosoc_top:TFT|fifo_big:fifo_tft|dcfifo:dcfifo_component|dcfifo_4ul1:auto_generated|wrptr_g[3]                                      ; 4       ;
; hellosoc_top:TFT|fifo_big:fifo_tft|dcfifo:dcfifo_component|dcfifo_4ul1:auto_generated|wrptr_g[2]                                      ; 4       ;
; hellosoc_top:TFT|fifo_big:fifo_tft|dcfifo:dcfifo_component|dcfifo_4ul1:auto_generated|wrptr_g[1]                                      ; 4       ;
; hellosoc_top:TFT|fifo_big:fifo_tft|dcfifo:dcfifo_component|dcfifo_4ul1:auto_generated|wrptr_g[0]                                      ; 4       ;
; hellosoc_top:TFT|start                                                                                                                ; 4       ;
; Add2~12                                                                                                                               ; 4       ;
; TOP:neiroset|Add15~24                                                                                                                 ; 4       ;
; TOP:neiroset|Add15~22                                                                                                                 ; 4       ;
; TOP:neiroset|Add15~20                                                                                                                 ; 4       ;
; TOP:neiroset|Add15~18                                                                                                                 ; 4       ;
; TOP:neiroset|Add15~16                                                                                                                 ; 4       ;
; TOP:neiroset|Add15~14                                                                                                                 ; 4       ;
; TOP:neiroset|Add15~12                                                                                                                 ; 4       ;
; TOP:neiroset|Add15~10                                                                                                                 ; 4       ;
; TOP:neiroset|Add15~8                                                                                                                  ; 4       ;
; TOP:neiroset|Add15~6                                                                                                                  ; 4       ;
; TOP:neiroset|Add15~4                                                                                                                  ; 4       ;
; TOP:neiroset|Add15~2                                                                                                                  ; 4       ;
; TOP:neiroset|Add15~0                                                                                                                  ; 4       ;
; TOP:neiroset|conv:conv1|Y1[10]                                                                                                        ; 4       ;
; TOP:neiroset|maxp:maxpooling|j[8]~_Duplicate_1                                                                                        ; 4       ;
; TOP:neiroset|maxp:maxpooling|i[8]                                                                                                     ; 4       ;
; TOP:neiroset|maxp:maxpooling|i[7]                                                                                                     ; 4       ;
; TOP:neiroset|maxp:maxpooling|i[6]                                                                                                     ; 4       ;
; TOP:neiroset|maxp:maxpooling|i[5]                                                                                                     ; 4       ;
; TOP:neiroset|memorywork:block|LessThan3~24                                                                                            ; 4       ;
; TOP:neiroset|memorywork:block|Add1~20                                                                                                 ; 4       ;
; TOP:neiroset|memorywork:block|Add1~18                                                                                                 ; 4       ;
; TOP:neiroset|memorywork:block|Add1~16                                                                                                 ; 4       ;
; TOP:neiroset|memorywork:block|Add1~14                                                                                                 ; 4       ;
; TOP:neiroset|memorywork:block|Add1~12                                                                                                 ; 4       ;
; TOP:neiroset|memorywork:block|Add1~10                                                                                                 ; 4       ;
; TOP:neiroset|memorywork:block|Add1~8                                                                                                  ; 4       ;
; TOP:neiroset|memorywork:block|Add1~6                                                                                                  ; 4       ;
; TOP:neiroset|memorywork:block|Add1~4                                                                                                  ; 4       ;
; TOP:neiroset|memorywork:block|Add1~2                                                                                                  ; 4       ;
; TOP:neiroset|memorywork:block|Add1~0                                                                                                  ; 4       ;
; hellosoc_top:TFT|Add2~16                                                                                                              ; 4       ;
; hellosoc_top:TFT|Add2~14                                                                                                              ; 4       ;
; hellosoc_top:TFT|Add2~12                                                                                                              ; 4       ;
; hellosoc_top:TFT|Add2~10                                                                                                              ; 4       ;
; hellosoc_top:TFT|Add2~8                                                                                                               ; 4       ;
; hellosoc_top:TFT|Add2~6                                                                                                               ; 4       ;
; hellosoc_top:TFT|Add2~4                                                                                                               ; 4       ;
; hellosoc_top:TFT|Add2~2                                                                                                               ; 4       ;
; hellosoc_top:TFT|tft_ili9341:tft|remainingDelayTicks[8]                                                                               ; 4       ;
; sdram_controller:SDRAM|state_cnt[1]                                                                                                   ; 4       ;
; hellosoc_top:TFT|fifo_big:fifo_tft|dcfifo:dcfifo_component|dcfifo_4ul1:auto_generated|altsyncram_em31:fifo_ram|q_b[1]                 ; 4       ;
; hellosoc_top:TFT|fifo_big:fifo_tft|dcfifo:dcfifo_component|dcfifo_4ul1:auto_generated|altsyncram_em31:fifo_ram|q_b[2]                 ; 4       ;
; hellosoc_top:TFT|fifo_big:fifo_tft|dcfifo:dcfifo_component|dcfifo_4ul1:auto_generated|altsyncram_em31:fifo_ram|q_b[3]                 ; 4       ;
; hellosoc_top:TFT|fifo_big:fifo_tft|dcfifo:dcfifo_component|dcfifo_4ul1:auto_generated|altsyncram_em31:fifo_ram|q_b[4]                 ; 4       ;
; hellosoc_top:TFT|fifo_big:fifo_tft|dcfifo:dcfifo_component|dcfifo_4ul1:auto_generated|altsyncram_em31:fifo_ram|q_b[0]                 ; 4       ;
; hellosoc_top:TFT|fifo_big:fifo_tft|dcfifo:dcfifo_component|dcfifo_4ul1:auto_generated|altsyncram_em31:fifo_ram|q_b[11]                ; 4       ;
; hellosoc_top:TFT|fifo_big:fifo_tft|dcfifo:dcfifo_component|dcfifo_4ul1:auto_generated|altsyncram_em31:fifo_ram|q_b[12]                ; 4       ;
; hellosoc_top:TFT|fifo_big:fifo_tft|dcfifo:dcfifo_component|dcfifo_4ul1:auto_generated|altsyncram_em31:fifo_ram|q_b[13]                ; 4       ;
; hellosoc_top:TFT|fifo_big:fifo_tft|dcfifo:dcfifo_component|dcfifo_4ul1:auto_generated|altsyncram_em31:fifo_ram|q_b[14]                ; 4       ;
; hellosoc_top:TFT|fifo_big:fifo_tft|dcfifo:dcfifo_component|dcfifo_4ul1:auto_generated|altsyncram_em31:fifo_ram|q_b[15]                ; 4       ;
; TOP:neiroset|memorywork:block|addressRAM:inst_1|firstaddr[2]                                                                          ; 3       ;
; TOP:neiroset|memorywork:block|addressRAM:inst_1|firstaddr[4]                                                                          ; 3       ;
; TOP:neiroset|memorywork:block|addressRAM:inst_1|firstaddr[5]                                                                          ; 3       ;
; TOP:neiroset|memorywork:block|addressRAM:inst_1|firstaddr[6]                                                                          ; 3       ;
; TOP:neiroset|memorywork:block|addressRAM:inst_1|firstaddr[10]                                                                         ; 3       ;
; TOP:neiroset|memorywork:block|addressRAM:inst_1|firstaddr[11]                                                                         ; 3       ;
; TOP:neiroset|memorywork:block|addressRAM:inst_1|firstaddr[12]                                                                         ; 3       ;
; TOP:neiroset|border:border|Equal41~7                                                                                                  ; 3       ;
; pre_v2:grayscale|LessThan67~2                                                                                                         ; 3       ;
; TOP:neiroset|always0~30                                                                                                               ; 3       ;
; TOP:neiroset|conv_TOP:conv|res1~44                                                                                                    ; 3       ;
; TOP:neiroset|conv_TOP:conv|res1~43                                                                                                    ; 3       ;
; TOP:neiroset|conv_TOP:conv|res1~42                                                                                                    ; 3       ;
; TOP:neiroset|conv_TOP:conv|res1~41                                                                                                    ; 3       ;
; TOP:neiroset|conv_TOP:conv|res1~40                                                                                                    ; 3       ;
; TOP:neiroset|conv_TOP:conv|res1~39                                                                                                    ; 3       ;
; TOP:neiroset|conv_TOP:conv|res1~38                                                                                                    ; 3       ;
; TOP:neiroset|conv_TOP:conv|res1~37                                                                                                    ; 3       ;
; TOP:neiroset|conv_TOP:conv|res1~34                                                                                                    ; 3       ;
; TOP:neiroset|memorywork:block|Equal7~2                                                                                                ; 3       ;
; TOP:neiroset|conv_TOP:conv|p1[10]~2                                                                                                   ; 3       ;
; pre_v2:grayscale|always0~103                                                                                                          ; 3       ;
; TOP:neiroset|border:border|prov[0]~101                                                                                                ; 3       ;
; TOP:neiroset|border:border|prov[0]~100                                                                                                ; 3       ;
; TOP:neiroset|border:border|prov[0]~97                                                                                                 ; 3       ;
; TOP:neiroset|border:border|prov~83                                                                                                    ; 3       ;
; TOP:neiroset|border:border|prov~75                                                                                                    ; 3       ;
; TOP:neiroset|border:border|prov~72                                                                                                    ; 3       ;
; TOP:neiroset|border:border|prov~71                                                                                                    ; 3       ;
; TOP:neiroset|border:border|prov~63                                                                                                    ; 3       ;
; TOP:neiroset|border:border|prov~62                                                                                                    ; 3       ;
; TOP:neiroset|border:border|prov~61                                                                                                    ; 3       ;
; TOP:neiroset|border:border|prov[0]~59                                                                                                 ; 3       ;
; TOP:neiroset|border:border|Equal119~4                                                                                                 ; 3       ;
; TOP:neiroset|border:border|prov[0]~58                                                                                                 ; 3       ;
; TOP:neiroset|border:border|Equal95~4                                                                                                  ; 3       ;
; TOP:neiroset|border:border|Equal109~4                                                                                                 ; 3       ;
; TOP:neiroset|border:border|prov[0]~42                                                                                                 ; 3       ;
; TOP:neiroset|border:border|prov[0]~41                                                                                                 ; 3       ;
; TOP:neiroset|border:border|Equal91~3                                                                                                  ; 3       ;
; TOP:neiroset|border:border|prov~39                                                                                                    ; 3       ;
; TOP:neiroset|border:border|prov~34                                                                                                    ; 3       ;
; TOP:neiroset|border:border|prov~33                                                                                                    ; 3       ;
; TOP:neiroset|border:border|Add18~1                                                                                                    ; 3       ;
; TOP:neiroset|conv:conv1|LessThan1~4                                                                                                   ; 3       ;
; TOP:neiroset|border:border|Add18~0                                                                                                    ; 3       ;
; TOP:neiroset|border:border|prov~32                                                                                                    ; 3       ;
; TOP:neiroset|border:border|Add16~2                                                                                                    ; 3       ;
; TOP:neiroset|border:border|Equal51~4                                                                                                  ; 3       ;
; TOP:neiroset|border:border|Equal49~5                                                                                                  ; 3       ;
; TOP:neiroset|border:border|Equal47~5                                                                                                  ; 3       ;
; TOP:neiroset|border:border|Equal47~0                                                                                                  ; 3       ;
; TOP:neiroset|border:border|lpm_mult:Mult1|multcore:mult_core|romout[0][6]                                                             ; 3       ;
; TOP:neiroset|border:border|prov~28                                                                                                    ; 3       ;
; TOP:neiroset|border:border|Equal41~2                                                                                                  ; 3       ;
; TOP:neiroset|border:border|Equal33~2                                                                                                  ; 3       ;
; TOP:neiroset|border:border|prov~23                                                                                                    ; 3       ;
; TOP:neiroset|border:border|Equal27~3                                                                                                  ; 3       ;
; TOP:neiroset|border:border|prov~22                                                                                                    ; 3       ;
; TOP:neiroset|border:border|Equal23~5                                                                                                  ; 3       ;
; TOP:neiroset|border:border|Equal23~0                                                                                                  ; 3       ;
; TOP:neiroset|border:border|Equal19~0                                                                                                  ; 3       ;
; TOP:neiroset|border:border|Equal15~5                                                                                                  ; 3       ;
; TOP:neiroset|border:border|Equal15~0                                                                                                  ; 3       ;
; TOP:neiroset|border:border|prov~18                                                                                                    ; 3       ;
; TOP:neiroset|border:border|Equal11~3                                                                                                  ; 3       ;
; TOP:neiroset|border:border|Equal3~1                                                                                                   ; 3       ;
; TOP:neiroset|border:border|Equal9~6                                                                                                   ; 3       ;
; TOP:neiroset|border:border|Equal25~5                                                                                                  ; 3       ;
; TOP:neiroset|border:border|Equal25~4                                                                                                  ; 3       ;
; TOP:neiroset|border:border|Equal25~2                                                                                                  ; 3       ;
; TOP:neiroset|border:border|prov~13                                                                                                    ; 3       ;
; TOP:neiroset|border:border|prov~12                                                                                                    ; 3       ;
; TOP:neiroset|border:border|Add16~1                                                                                                    ; 3       ;
; TOP:neiroset|border:border|Add16~0                                                                                                    ; 3       ;
; TOP:neiroset|border:border|Equal25~0                                                                                                  ; 3       ;
; TOP:neiroset|border:border|Equal59~0                                                                                                  ; 3       ;
; TOP:neiroset|border:border|Equal53~2                                                                                                  ; 3       ;
; TOP:neiroset|border:border|Equal5~1                                                                                                   ; 3       ;
; TOP:neiroset|border:border|Equal13~0                                                                                                  ; 3       ;
; TOP:neiroset|border:border|prov~6                                                                                                     ; 3       ;
; TOP:neiroset|border:border|Equal17~0                                                                                                  ; 3       ;
; TOP:neiroset|border:border|Equal2~0                                                                                                   ; 3       ;
; TOP:neiroset|border:border|lpm_mult:Mult2|multcore:mult_core|romout[0][3]                                                             ; 3       ;
; TOP:neiroset|border:border|lpm_mult:Mult0|multcore:mult_core|_~0                                                                      ; 3       ;
; TOP:neiroset|border:border|lpm_mult:Mult5|multcore:mult_core|romout[0][3]                                                             ; 3       ;
; TOP:neiroset|border:border|Equal0~0                                                                                                   ; 3       ;
; TOP:neiroset|border:border|Equal27~0                                                                                                  ; 3       ;
; TOP:neiroset|border:border|Equal1~3                                                                                                   ; 3       ;
; pre_v2:grayscale|output_data~22                                                                                                       ; 3       ;
; pre_v2:grayscale|always0~80                                                                                                           ; 3       ;
; pre_v2:grayscale|always0~73                                                                                                           ; 3       ;
; pre_v2:grayscale|always0~71                                                                                                           ; 3       ;
; pre_v2:grayscale|LessThan70~0                                                                                                         ; 3       ;
; pre_v2:grayscale|LessThan71~0                                                                                                         ; 3       ;
; pre_v2:grayscale|LessThan68~0                                                                                                         ; 3       ;
; pre_v2:grayscale|LessThan69~0                                                                                                         ; 3       ;
; pre_v2:grayscale|LessThan66~0                                                                                                         ; 3       ;
; pre_v2:grayscale|LessThan78~0                                                                                                         ; 3       ;
; pre_v2:grayscale|LessThan63~0                                                                                                         ; 3       ;
; pre_v2:grayscale|LessThan112~0                                                                                                        ; 3       ;
; TOP:neiroset|dense:dense|go                                                                                                           ; 3       ;
; TOP:neiroset|maxp:maxpooling|Equal2~2                                                                                                 ; 3       ;
; TOP:neiroset|matrix~2                                                                                                                 ; 3       ;
; TOP:neiroset|conv_TOP:conv|res_out_1~13                                                                                               ; 3       ;
; TOP:neiroset|memstartzap[10]                                                                                                          ; 3       ;
; TOP:neiroset|conv_TOP:conv|write_addressp[0]~15                                                                                       ; 3       ;
; TOP:neiroset|dense:dense|res[7]~10                                                                                                    ; 3       ;
; TOP:neiroset|dense:dense|dp~1                                                                                                         ; 3       ;
; TOP:neiroset|conv_TOP:conv|res_old_1[21]~0                                                                                            ; 3       ;
; TOP:neiroset|conv_TOP:conv|LessThan1~0                                                                                                ; 3       ;
; TOP:neiroset|conv_TOP:conv|LessThan3~0                                                                                                ; 3       ;
; TOP:neiroset|always0~24                                                                                                               ; 3       ;
; TOP:neiroset|always0~22                                                                                                               ; 3       ;
; TOP:neiroset|memstartzap~16                                                                                                           ; 3       ;
; TOP:neiroset|always0~20                                                                                                               ; 3       ;
; TOP:neiroset|always0~19                                                                                                               ; 3       ;
; TOP:neiroset|always0~18                                                                                                               ; 3       ;
; TOP:neiroset|Add18~3                                                                                                                  ; 3       ;
; TOP:neiroset|memorywork:block|addressRAM:inst_1|Mux17~0                                                                               ; 3       ;
; TOP:neiroset|maxp:maxpooling|always0~5                                                                                                ; 3       ;
; cam_wrp:cam_wrp_0|fifo_1024x16:input_fifo|dcfifo:dcfifo_component|dcfifo_90o1:auto_generated|a_graycounter_2lc:wrptr_g1p|_~4          ; 3       ;
; TOP:neiroset|dense:dense|i[8]                                                                                                         ; 3       ;
; TOP:neiroset|dense:dense|i[7]                                                                                                         ; 3       ;
; TOP:neiroset|dense:dense|i[6]                                                                                                         ; 3       ;
; TOP:neiroset|dense:dense|i[0]                                                                                                         ; 3       ;
; TOP:neiroset|dense:dense|i[2]                                                                                                         ; 3       ;
; TOP:neiroset|dense:dense|i[3]                                                                                                         ; 3       ;
; TOP:neiroset|dense:dense|i[4]                                                                                                         ; 3       ;
; TOP:neiroset|dense:dense|i[5]                                                                                                         ; 3       ;
; TOP:neiroset|memorywork:block|i~13                                                                                                    ; 3       ;
; TOP:neiroset|memorywork:block|i~12                                                                                                    ; 3       ;
; TOP:neiroset|memorywork:block|i~11                                                                                                    ; 3       ;
; TOP:neiroset|memorywork:block|i~10                                                                                                    ; 3       ;
; TOP:neiroset|memorywork:block|i~9                                                                                                     ; 3       ;
; TOP:neiroset|memorywork:block|i~8                                                                                                     ; 3       ;
; TOP:neiroset|memorywork:block|i~7                                                                                                     ; 3       ;
; TOP:neiroset|memorywork:block|i~6                                                                                                     ; 3       ;
; TOP:neiroset|memorywork:block|i~5                                                                                                     ; 3       ;
; TOP:neiroset|memorywork:block|i~4                                                                                                     ; 3       ;
; TOP:neiroset|memorywork:block|i~3                                                                                                     ; 3       ;
; TOP:neiroset|memorywork:block|i~2                                                                                                     ; 3       ;
; TOP:neiroset|memorywork:block|i~1                                                                                                     ; 3       ;
; TOP:neiroset|conv_TOP:conv|Add16~1                                                                                                    ; 3       ;
; TOP:neiroset|conv_TOP:conv|Add16~0                                                                                                    ; 3       ;
; TOP:neiroset|mem[2]                                                                                                                   ; 3       ;
; TOP:neiroset|mem[3]                                                                                                                   ; 3       ;
; TOP:neiroset|result:result|read_addressp[0]                                                                                           ; 3       ;
; TOP:neiroset|memorywork:block|we_p                                                                                                    ; 3       ;
; TOP:neiroset|result:result|Decoder0~0                                                                                                 ; 3       ;
; strt[2]~0                                                                                                                             ; 3       ;
; camera_configure:camera_configure_0|OV7670_config:config_1|timer[0]~4                                                                 ; 3       ;
; TOP:neiroset|Equal16~0                                                                                                                ; 3       ;
; TOP:neiroset|TOPlvl_maxp[1]                                                                                                           ; 3       ;
; camera_configure:camera_configure_0|OV7670_config:config_1|rom_addr[7]                                                                ; 3       ;
; camera_configure:camera_configure_0|OV7670_config:config_1|rom_addr[6]                                                                ; 3       ;
; camera_configure:camera_configure_0|OV7670_config:config_1|rom_addr[5]                                                                ; 3       ;
; camera_configure:camera_configure_0|OV7670_config:config_1|rom_addr[4]                                                                ; 3       ;
; camera_configure:camera_configure_0|OV7670_config:config_1|rom_addr[3]                                                                ; 3       ;
; camera_configure:camera_configure_0|OV7670_config:config_1|rom_addr[2]                                                                ; 3       ;
; camera_configure:camera_configure_0|OV7670_config:config_1|rom_addr[1]                                                                ; 3       ;
; camera_configure:camera_configure_0|OV7670_config:config_1|rom_addr[0]                                                                ; 3       ;
; cam_wrp:cam_wrp_0|fifo_1024x16:input_fifo|dcfifo:dcfifo_component|dcfifo_90o1:auto_generated|wrptr_g[9]                               ; 3       ;
; cam_wrp:cam_wrp_0|fifo_1024x16:input_fifo|dcfifo:dcfifo_component|dcfifo_90o1:auto_generated|wrptr_g[10]                              ; 3       ;
; camera_configure:camera_configure_0|OV7670_config:config_1|SCCB_interface_addr[7]~0                                                   ; 3       ;
; cam_wrp:cam_wrp_0|fifo_1024x16:input_fifo|dcfifo:dcfifo_component|dcfifo_90o1:auto_generated|delayed_wrptr_g[0]                       ; 3       ;
; cam_wrp:cam_wrp_0|fifo_1024x16:input_fifo|dcfifo:dcfifo_component|dcfifo_90o1:auto_generated|delayed_wrptr_g[1]                       ; 3       ;
; cam_wrp:cam_wrp_0|fifo_1024x16:input_fifo|dcfifo:dcfifo_component|dcfifo_90o1:auto_generated|delayed_wrptr_g[2]                       ; 3       ;
; cam_wrp:cam_wrp_0|fifo_1024x16:input_fifo|dcfifo:dcfifo_component|dcfifo_90o1:auto_generated|delayed_wrptr_g[3]                       ; 3       ;
; cam_wrp:cam_wrp_0|fifo_1024x16:input_fifo|dcfifo:dcfifo_component|dcfifo_90o1:auto_generated|delayed_wrptr_g[4]                       ; 3       ;
; cam_wrp:cam_wrp_0|fifo_1024x16:input_fifo|dcfifo:dcfifo_component|dcfifo_90o1:auto_generated|delayed_wrptr_g[5]                       ; 3       ;
; cam_wrp:cam_wrp_0|fifo_1024x16:input_fifo|dcfifo:dcfifo_component|dcfifo_90o1:auto_generated|delayed_wrptr_g[8]                       ; 3       ;
; cam_wrp:cam_wrp_0|fifo_1024x16:input_fifo|dcfifo:dcfifo_component|dcfifo_90o1:auto_generated|delayed_wrptr_g[10]                      ; 3       ;
; hellosoc_top:TFT|RES_9~2                                                                                                              ; 3       ;
; hellosoc_top:TFT|LessThan138~1                                                                                                        ; 3       ;
; hellosoc_top:TFT|RES_9~0                                                                                                              ; 3       ;
; hellosoc_top:TFT|LessThan143~1                                                                                                        ; 3       ;
; hellosoc_top:TFT|LessThan152~0                                                                                                        ; 3       ;
; hellosoc_top:TFT|LessThan149~0                                                                                                        ; 3       ;
; hellosoc_top:TFT|RES_8~2                                                                                                              ; 3       ;
; hellosoc_top:TFT|currentPixel~2                                                                                                       ; 3       ;
; hellosoc_top:TFT|Equal3~0                                                                                                             ; 3       ;
; camera_configure:camera_configure_0|SCCB_interface:SCCB1|timer[31]                                                                    ; 3       ;
; camera_configure:camera_configure_0|SCCB_interface:SCCB1|timer[30]                                                                    ; 3       ;
; camera_configure:camera_configure_0|SCCB_interface:SCCB1|timer[29]                                                                    ; 3       ;
; camera_configure:camera_configure_0|SCCB_interface:SCCB1|timer[28]                                                                    ; 3       ;
; camera_configure:camera_configure_0|SCCB_interface:SCCB1|timer[27]                                                                    ; 3       ;
; camera_configure:camera_configure_0|SCCB_interface:SCCB1|timer[26]                                                                    ; 3       ;
; camera_configure:camera_configure_0|SCCB_interface:SCCB1|timer[25]                                                                    ; 3       ;
+---------------------------------------------------------------------------------------------------------------------------------------+---------+


+---------------------------------------------------------------------------------------------------------------------------------------------------------------------------------------------------------------------------------------------------------------------------------------------------------------------------------------------------------------------------------------------------------------------------------------------------------------------------------------------------------------------------------------------------------------------------------------------------------------------------------------------------------------------------------------------------------------------------------------------------------------------------------------------------+
; Fitter RAM Summary                                                                                                                                                                                                                                                                                                                                                                                                                                                                                                                                                                                                                                                                                                                                                                                ;
+----------------------------------------------------------------------------------------------------------------------------------+------+------------------+--------------+--------------+--------------+--------------+--------------+------------------------+-------------------------+------------------------+-------------------------+-------+-----------------------------+-----------------------------+-----------------------------+-----------------------------+---------------------+------+--------------------------------------------+--------------------------------------------------------------------------------------------------------------------------------------------------------------------------------+----------------------+-----------------+-----------------+
; Name                                                                                                                             ; Type ; Mode             ; Clock Mode   ; Port A Depth ; Port A Width ; Port B Depth ; Port B Width ; Port A Input Registers ; Port A Output Registers ; Port B Input Registers ; Port B Output Registers ; Size  ; Implementation Port A Depth ; Implementation Port A Width ; Implementation Port B Depth ; Implementation Port B Width ; Implementation Bits ; M9Ks ; MIF                                        ; Location                                                                                                                                                                       ; Mixed Width RDW Mode ; Port A RDW Mode ; Port B RDW Mode ;
+----------------------------------------------------------------------------------------------------------------------------------+------+------------------+--------------+--------------+--------------+--------------+--------------+------------------------+-------------------------+------------------------+-------------------------+-------+-----------------------------+-----------------------------+-----------------------------+-----------------------------+---------------------+------+--------------------------------------------+--------------------------------------------------------------------------------------------------------------------------------------------------------------------------------+----------------------+-----------------+-----------------+
; TOP:neiroset|RAM:memory|altsyncram:mem_rtl_0|altsyncram_m2e1:auto_generated|ALTSYNCRAM                                           ; AUTO ; Simple Dual Port ; Dual Clocks  ; 7056         ; 11           ; 7056         ; 11           ; yes                    ; no                      ; yes                    ; no                      ; 77616 ; 7056                        ; 11                          ; 7056                        ; 11                          ; 77616               ; 11   ; None                                       ; M9K_X27_Y7_N0, M9K_X15_Y14_N0, M9K_X27_Y10_N0, M9K_X27_Y9_N0, M9K_X27_Y11_N0, M9K_X27_Y8_N0, M9K_X27_Y6_N0, M9K_X27_Y3_N0, M9K_X15_Y15_N0, M9K_X27_Y5_N0, M9K_X27_Y4_N0        ; Don't care           ; Old data        ; Old data        ;
; TOP:neiroset|RAM:memory|altsyncram:mem_t_rtl_0|altsyncram_e2e1:auto_generated|ALTSYNCRAM                                         ; AUTO ; Simple Dual Port ; Dual Clocks  ; 3136         ; 22           ; 3136         ; 22           ; yes                    ; no                      ; yes                    ; yes                     ; 68992 ; 3136                        ; 22                          ; 3136                        ; 22                          ; 68992               ; 11   ; None                                       ; M9K_X15_Y21_N0, M9K_X27_Y22_N0, M9K_X27_Y18_N0, M9K_X15_Y18_N0, M9K_X27_Y21_N0, M9K_X15_Y20_N0, M9K_X27_Y19_N0, M9K_X15_Y19_N0, M9K_X27_Y23_N0, M9K_X15_Y22_N0, M9K_X27_Y20_N0 ; Don't care           ; Old data        ; Old data        ;
; TOP:neiroset|RAM:memory|altsyncram:weight_rtl_0|altsyncram_otd1:auto_generated|ALTSYNCRAM                                        ; AUTO ; Simple Dual Port ; Dual Clocks  ; 257          ; 99           ; 257          ; 99           ; yes                    ; no                      ; yes                    ; no                      ; 25443 ; 257                         ; 99                          ; 257                         ; 99                          ; 25443               ; 6    ; None                                       ; M9K_X27_Y17_N0, M9K_X27_Y13_N0, M9K_X27_Y15_N0, M9K_X27_Y12_N0, M9K_X27_Y14_N0, M9K_X27_Y16_N0                                                                                 ; Don't care           ; Old data        ; Old data        ;
; TOP:neiroset|database:database|altsyncram:storage_rtl_0|altsyncram_70j1:auto_generated|ALTSYNCRAM                                ; AUTO ; Simple Dual Port ; Dual Clocks  ; 5460         ; 11           ; 5460         ; 11           ; yes                    ; no                      ; yes                    ; no                      ; 60060 ; 5460                        ; 11                          ; 5460                        ; 11                          ; 60060               ; 11   ; db/cam_proj.ram0_database_efb74bce.hdl.mif ; M9K_X15_Y7_N0, M9K_X15_Y9_N0, M9K_X15_Y10_N0, M9K_X15_Y16_N0, M9K_X15_Y8_N0, M9K_X15_Y6_N0, M9K_X15_Y17_N0, M9K_X15_Y13_N0, M9K_X15_Y12_N0, M9K_X15_Y11_N0, M9K_X15_Y5_N0      ; Don't care           ; Old data        ; Old data        ;
; cam_wrp:cam_wrp_0|fifo_1024x16:input_fifo|dcfifo:dcfifo_component|dcfifo_90o1:auto_generated|altsyncram_em31:fifo_ram|ALTSYNCRAM ; AUTO ; Simple Dual Port ; Dual Clocks  ; 1024         ; 16           ; 1024         ; 16           ; yes                    ; no                      ; yes                    ; yes                     ; 16384 ; 1024                        ; 16                          ; 1024                        ; 16                          ; 16384               ; 2    ; None                                       ; M9K_X15_Y2_N0, M9K_X15_Y3_N0                                                                                                                                                   ; Don't care           ; Old data        ; Old data        ;
; camera_configure:camera_configure_0|OV7670_config_rom:rom1|altsyncram:WideOr0_rtl_0|altsyncram_e801:auto_generated|ALTSYNCRAM    ; AUTO ; ROM              ; Single Clock ; 256          ; 16           ; --           ; --           ; yes                    ; no                      ; --                     ; --                      ; 4096  ; 256                         ; 16                          ; --                          ; --                          ; 4096                ; 1    ; cam_proj.cam_proj_top0.rtl.mif             ; M9K_X15_Y23_N0                                                                                                                                                                 ; Don't care           ; Old data        ; Old data        ;
; hellosoc_top:TFT|fifo_big:fifo_tft|dcfifo:dcfifo_component|dcfifo_4ul1:auto_generated|altsyncram_em31:fifo_ram|ALTSYNCRAM        ; AUTO ; Simple Dual Port ; Dual Clocks  ; 1024         ; 16           ; 1024         ; 16           ; yes                    ; no                      ; yes                    ; yes                     ; 16384 ; 1024                        ; 16                          ; 1024                        ; 16                          ; 16384               ; 2    ; None                                       ; M9K_X15_Y4_N0, M9K_X15_Y1_N0                                                                                                                                                   ; Don't care           ; Old data        ; Old data        ;
+----------------------------------------------------------------------------------------------------------------------------------+------+------------------+--------------+--------------+--------------+--------------+--------------+------------------------+-------------------------+------------------------+-------------------------+-------+-----------------------------+-----------------------------+-----------------------------+-----------------------------+---------------------+------+--------------------------------------------+--------------------------------------------------------------------------------------------------------------------------------------------------------------------------------+----------------------+-----------------+-----------------+
Note: Fitter may spread logical memories into multiple blocks to improve timing. The actual required RAM blocks can be found in the Fitter Resource Usage section.


RAM content values are presented in the following format: (Binary) (Octal) (Decimal) (Hexadecimal) 
+------------------------------------------------------------------------------------------------------------------------------------------------------------------------------------------------------------------------------------------------------------------+
; |cam_proj_top|camera_configure:camera_configure_0|OV7670_config_rom:rom1|altsyncram:WideOr0_rtl_0|altsyncram_e801:auto_generated|ALTSYNCRAM                                                                                                                      ;
+------------------------------------------------------------------------------------------------------------------------------------------------------------------------------------------------------------------------------------------------------------------+
;   Addr   ;              +0              ;              +1              ;              +2              ;              +3              ;              +4              ;              +5              ;              +6              ;              +7              ;
+----------+------------------------------+------------------------------+------------------------------+------------------------------+------------------------------+------------------------------+------------------------------+------------------------------+
;0;(0000000101001000) (510) (328) (148)    ;(0000111111111111) (7777) (4095) (FFF)   ;(0010100001001000) (24110) (10312) (2848)   ;(0000000110001000) (610) (392) (188)   ;(0000000000110000) (60) (48) (30)   ;(0000000001111100) (174) (124) (7C)   ;(0000000000100000) (40) (32) (20)   ;(0000101100000010) (5402) (2818) (B02)   ;
;8;(0010000001011100) (20134) (8284) (205C)    ;(0001100000101000) (14050) (6184) (1828)   ;(1100110111110010) (146762) (52722) (CDF2)   ;(1100110100001010) (146412) (52490) (CD0A)   ;(0000000010001010) (212) (138) (8A)   ;(1011110001001010) (136112) (48202) (BC4A)   ;(1110010111001010) (162712) (58826) (E5CA)   ;(0010011100101010) (23452) (10026) (272A)   ;
;16;(0111100100011010) (74432) (31002) (791A)    ;(0000001110111100) (1674) (956) (3BC)   ;(0010100011101000) (24350) (10472) (28E8)   ;(0100000000011000) (40030) (16408) (4018)   ;(0000000101001100) (514) (332) (14C)   ;(1100000010011000) (140230) (49304) (C098)   ;(1101111001011000) (157130) (56920) (DE58)   ;(0101000011000000) (50300) (20672) (50C0)   ;
;24;(1000001011110000) (101360) (33520) (82F0)    ;(0000110001111000) (6170) (3192) (C78)   ;(1101000011001100) (150314) (53452) (D0CC)   ;(0001111000111100) (17074) (7740) (1E3C)   ;(0000000010010110) (226) (150) (96)   ;(0000000000101110) (56) (46) (2E)   ;(0010000100001101) (20415) (8461) (210D)   ;(0011000010001101) (30215) (12429) (308D)   ;
;32;(0111000001001101) (70115) (28749) (704D)    ;(0000000111001101) (715) (461) (1CD)   ;(0101110000001110) (56016) (23566) (5C0E)   ;(1010110010001110) (126216) (44174) (AC8E)   ;(1000100001001110) (104116) (34894) (884E)   ;(0000111111001110) (7716) (4046) (FCE)   ;(0100000001000101) (40105) (16453) (4045)   ;(0000010001011110) (2136) (1118) (45E)   ;
;40;(0000100011011110) (4336) (2270) (8DE)    ;(0111100000111110) (74076) (30782) (783E)   ;(1010110010111110) (126276) (44222) (ACBE)   ;(0101101001111110) (55176) (23166) (5A7E)   ;(1001011011111110) (113376) (38654) (96FE)   ;(0110111000000001) (67001) (28161) (6E01)   ;(0000000110000001) (601) (385) (181)   ;(0001000101000001) (10501) (4417) (1141)   ;
;48;(1111000111000001) (170701) (61889) (F1C1)    ;(0110100100100001) (64441) (26913) (6921)   ;(1100010110100001) (142641) (50593) (C5A1)   ;(1111010101100001) (172541) (62817) (F561)   ;(0010001111100001) (21741) (9185) (23E1)   ;(1110101100010001) (165421) (60177) (EB11)   ;(0001011110010001) (13621) (6033) (1791)   ;(0000011111001000) (3710) (1992) (7C8)   ;
;56;(0000000000000000) (0) (0) (00)    ;(0000000000001000) (10) (8) (08)   ;(0000001010110000) (1260) (688) (2B0)   ;(0001100000101000) (14050) (6184) (1828)   ;(1010000010100101) (120245) (41125) (A0A5)   ;(1110000011010101) (160325) (57557) (E0D5)   ;(1010100100100100) (124444) (43300) (A924)   ;(1100110010100100) (146244) (52388) (CCA4)   ;
;64;(1100011101100100) (143544) (51044) (C764)    ;(0001111011111001) (17371) (7929) (1EF9)   ;(0001011000000101) (13005) (5637) (1605)   ;(1100000010000101) (140205) (49285) (C085)   ;(0001101101100101) (15545) (7013) (1B65)   ;(0001101111100101) (15745) (7141) (1BE5)   ;(0000111100010101) (7425) (3861) (F15)   ;(0000100110010101) (4625) (2453) (995)   ;
;72;(0010100101010101) (24525) (10581) (2955)    ;(1110011111001000) (163710) (59336) (E7C8)   ;(1111111111111111) (177777) (65535) (FFFF)   ;(1111111111111111) (177777) (65535) (FFFF)   ;(1111111111111111) (177777) (65535) (FFFF)   ;(1111111111111111) (177777) (65535) (FFFF)   ;(1111111111111111) (177777) (65535) (FFFF)   ;(1111111111111111) (177777) (65535) (FFFF)   ;
;80;(1111111111111111) (177777) (65535) (FFFF)    ;(1111111111111111) (177777) (65535) (FFFF)   ;(1111111111111111) (177777) (65535) (FFFF)   ;(1111111111111111) (177777) (65535) (FFFF)   ;(1111111111111111) (177777) (65535) (FFFF)   ;(1111111111111111) (177777) (65535) (FFFF)   ;(1111111111111111) (177777) (65535) (FFFF)   ;(1111111111111111) (177777) (65535) (FFFF)   ;
;88;(1111111111111111) (177777) (65535) (FFFF)    ;(1111111111111111) (177777) (65535) (FFFF)   ;(1111111111111111) (177777) (65535) (FFFF)   ;(1111111111111111) (177777) (65535) (FFFF)   ;(1111111111111111) (177777) (65535) (FFFF)   ;(1111111111111111) (177777) (65535) (FFFF)   ;(1111111111111111) (177777) (65535) (FFFF)   ;(1111111111111111) (177777) (65535) (FFFF)   ;
;96;(1111111111111111) (177777) (65535) (FFFF)    ;(1111111111111111) (177777) (65535) (FFFF)   ;(1111111111111111) (177777) (65535) (FFFF)   ;(1111111111111111) (177777) (65535) (FFFF)   ;(1111111111111111) (177777) (65535) (FFFF)   ;(1111111111111111) (177777) (65535) (FFFF)   ;(1111111111111111) (177777) (65535) (FFFF)   ;(1111111111111111) (177777) (65535) (FFFF)   ;
;104;(1111111111111111) (177777) (65535) (FFFF)    ;(1111111111111111) (177777) (65535) (FFFF)   ;(1111111111111111) (177777) (65535) (FFFF)   ;(1111111111111111) (177777) (65535) (FFFF)   ;(1111111111111111) (177777) (65535) (FFFF)   ;(1111111111111111) (177777) (65535) (FFFF)   ;(1111111111111111) (177777) (65535) (FFFF)   ;(1111111111111111) (177777) (65535) (FFFF)   ;
;112;(1111111111111111) (177777) (65535) (FFFF)    ;(1111111111111111) (177777) (65535) (FFFF)   ;(1111111111111111) (177777) (65535) (FFFF)   ;(1111111111111111) (177777) (65535) (FFFF)   ;(1111111111111111) (177777) (65535) (FFFF)   ;(1111111111111111) (177777) (65535) (FFFF)   ;(1111111111111111) (177777) (65535) (FFFF)   ;(1111111111111111) (177777) (65535) (FFFF)   ;
;120;(1111111111111111) (177777) (65535) (FFFF)    ;(1111111111111111) (177777) (65535) (FFFF)   ;(1111111111111111) (177777) (65535) (FFFF)   ;(1111111111111111) (177777) (65535) (FFFF)   ;(1111111111111111) (177777) (65535) (FFFF)   ;(1111111111111111) (177777) (65535) (FFFF)   ;(1111111111111111) (177777) (65535) (FFFF)   ;(1111111111111111) (177777) (65535) (FFFF)   ;
;128;(1111111111111111) (177777) (65535) (FFFF)    ;(1111111111111111) (177777) (65535) (FFFF)   ;(1111111111111111) (177777) (65535) (FFFF)   ;(1111111111111111) (177777) (65535) (FFFF)   ;(1111111111111111) (177777) (65535) (FFFF)   ;(1111111111111111) (177777) (65535) (FFFF)   ;(1111111111111111) (177777) (65535) (FFFF)   ;(1111111111111111) (177777) (65535) (FFFF)   ;
;136;(1111111111111111) (177777) (65535) (FFFF)    ;(1111111111111111) (177777) (65535) (FFFF)   ;(1111111111111111) (177777) (65535) (FFFF)   ;(1111111111111111) (177777) (65535) (FFFF)   ;(1111111111111111) (177777) (65535) (FFFF)   ;(1111111111111111) (177777) (65535) (FFFF)   ;(1111111111111111) (177777) (65535) (FFFF)   ;(1111111111111111) (177777) (65535) (FFFF)   ;
;144;(1111111111111111) (177777) (65535) (FFFF)    ;(1111111111111111) (177777) (65535) (FFFF)   ;(1111111111111111) (177777) (65535) (FFFF)   ;(1111111111111111) (177777) (65535) (FFFF)   ;(1111111111111111) (177777) (65535) (FFFF)   ;(1111111111111111) (177777) (65535) (FFFF)   ;(1111111111111111) (177777) (65535) (FFFF)   ;(1111111111111111) (177777) (65535) (FFFF)   ;
;152;(1111111111111111) (177777) (65535) (FFFF)    ;(1111111111111111) (177777) (65535) (FFFF)   ;(1111111111111111) (177777) (65535) (FFFF)   ;(1111111111111111) (177777) (65535) (FFFF)   ;(1111111111111111) (177777) (65535) (FFFF)   ;(1111111111111111) (177777) (65535) (FFFF)   ;(1111111111111111) (177777) (65535) (FFFF)   ;(1111111111111111) (177777) (65535) (FFFF)   ;
;160;(1111111111111111) (177777) (65535) (FFFF)    ;(1111111111111111) (177777) (65535) (FFFF)   ;(1111111111111111) (177777) (65535) (FFFF)   ;(1111111111111111) (177777) (65535) (FFFF)   ;(1111111111111111) (177777) (65535) (FFFF)   ;(1111111111111111) (177777) (65535) (FFFF)   ;(1111111111111111) (177777) (65535) (FFFF)   ;(1111111111111111) (177777) (65535) (FFFF)   ;
;168;(1111111111111111) (177777) (65535) (FFFF)    ;(1111111111111111) (177777) (65535) (FFFF)   ;(1111111111111111) (177777) (65535) (FFFF)   ;(1111111111111111) (177777) (65535) (FFFF)   ;(1111111111111111) (177777) (65535) (FFFF)   ;(1111111111111111) (177777) (65535) (FFFF)   ;(1111111111111111) (177777) (65535) (FFFF)   ;(1111111111111111) (177777) (65535) (FFFF)   ;
;176;(1111111111111111) (177777) (65535) (FFFF)    ;(1111111111111111) (177777) (65535) (FFFF)   ;(1111111111111111) (177777) (65535) (FFFF)   ;(1111111111111111) (177777) (65535) (FFFF)   ;(1111111111111111) (177777) (65535) (FFFF)   ;(1111111111111111) (177777) (65535) (FFFF)   ;(1111111111111111) (177777) (65535) (FFFF)   ;(1111111111111111) (177777) (65535) (FFFF)   ;
;184;(1111111111111111) (177777) (65535) (FFFF)    ;(1111111111111111) (177777) (65535) (FFFF)   ;(1111111111111111) (177777) (65535) (FFFF)   ;(1111111111111111) (177777) (65535) (FFFF)   ;(1111111111111111) (177777) (65535) (FFFF)   ;(1111111111111111) (177777) (65535) (FFFF)   ;(1111111111111111) (177777) (65535) (FFFF)   ;(1111111111111111) (177777) (65535) (FFFF)   ;
;192;(1111111111111111) (177777) (65535) (FFFF)    ;(1111111111111111) (177777) (65535) (FFFF)   ;(1111111111111111) (177777) (65535) (FFFF)   ;(1111111111111111) (177777) (65535) (FFFF)   ;(1111111111111111) (177777) (65535) (FFFF)   ;(1111111111111111) (177777) (65535) (FFFF)   ;(1111111111111111) (177777) (65535) (FFFF)   ;(1111111111111111) (177777) (65535) (FFFF)   ;
;200;(1111111111111111) (177777) (65535) (FFFF)    ;(1111111111111111) (177777) (65535) (FFFF)   ;(1111111111111111) (177777) (65535) (FFFF)   ;(1111111111111111) (177777) (65535) (FFFF)   ;(1111111111111111) (177777) (65535) (FFFF)   ;(1111111111111111) (177777) (65535) (FFFF)   ;(1111111111111111) (177777) (65535) (FFFF)   ;(1111111111111111) (177777) (65535) (FFFF)   ;
;208;(1111111111111111) (177777) (65535) (FFFF)    ;(1111111111111111) (177777) (65535) (FFFF)   ;(1111111111111111) (177777) (65535) (FFFF)   ;(1111111111111111) (177777) (65535) (FFFF)   ;(1111111111111111) (177777) (65535) (FFFF)   ;(1111111111111111) (177777) (65535) (FFFF)   ;(1111111111111111) (177777) (65535) (FFFF)   ;(1111111111111111) (177777) (65535) (FFFF)   ;
;216;(1111111111111111) (177777) (65535) (FFFF)    ;(1111111111111111) (177777) (65535) (FFFF)   ;(1111111111111111) (177777) (65535) (FFFF)   ;(1111111111111111) (177777) (65535) (FFFF)   ;(1111111111111111) (177777) (65535) (FFFF)   ;(1111111111111111) (177777) (65535) (FFFF)   ;(1111111111111111) (177777) (65535) (FFFF)   ;(1111111111111111) (177777) (65535) (FFFF)   ;
;224;(1111111111111111) (177777) (65535) (FFFF)    ;(1111111111111111) (177777) (65535) (FFFF)   ;(1111111111111111) (177777) (65535) (FFFF)   ;(1111111111111111) (177777) (65535) (FFFF)   ;(1111111111111111) (177777) (65535) (FFFF)   ;(1111111111111111) (177777) (65535) (FFFF)   ;(1111111111111111) (177777) (65535) (FFFF)   ;(1111111111111111) (177777) (65535) (FFFF)   ;
;232;(1111111111111111) (177777) (65535) (FFFF)    ;(1111111111111111) (177777) (65535) (FFFF)   ;(1111111111111111) (177777) (65535) (FFFF)   ;(1111111111111111) (177777) (65535) (FFFF)   ;(1111111111111111) (177777) (65535) (FFFF)   ;(1111111111111111) (177777) (65535) (FFFF)   ;(1111111111111111) (177777) (65535) (FFFF)   ;(1111111111111111) (177777) (65535) (FFFF)   ;
;240;(1111111111111111) (177777) (65535) (FFFF)    ;(1111111111111111) (177777) (65535) (FFFF)   ;(1111111111111111) (177777) (65535) (FFFF)   ;(1111111111111111) (177777) (65535) (FFFF)   ;(1111111111111111) (177777) (65535) (FFFF)   ;(1111111111111111) (177777) (65535) (FFFF)   ;(1111111111111111) (177777) (65535) (FFFF)   ;(1111111111111111) (177777) (65535) (FFFF)   ;
;248;(1111111111111111) (177777) (65535) (FFFF)    ;(1111111111111111) (177777) (65535) (FFFF)   ;(1111111111111111) (177777) (65535) (FFFF)   ;(1111111111111111) (177777) (65535) (FFFF)   ;(1111111111111111) (177777) (65535) (FFFF)   ;(1111111111111111) (177777) (65535) (FFFF)   ;(1111111111111111) (177777) (65535) (FFFF)   ;(1111111111111111) (177777) (65535) (FFFF)   ;


RAM content values are presented in the following format: (Binary) (Octal) (Decimal) (Hexadecimal) 
+------------------------------------------------------------------------------------------------------------------------------------------------------------------------------------------------------------------------------------------------------------------+
; |cam_proj_top|TOP:neiroset|database:database|altsyncram:storage_rtl_0|altsyncram_70j1:auto_generated|ALTSYNCRAM                                                                                                                                                  ;
+------------------------------------------------------------------------------------------------------------------------------------------------------------------------------------------------------------------------------------------------------------------+
;   Addr   ;              +0              ;              +1              ;              +2              ;              +3              ;              +4              ;              +5              ;              +6              ;              +7              ;
+----------+------------------------------+------------------------------+------------------------------+------------------------------+------------------------------+------------------------------+------------------------------+------------------------------+
;0;(00000000000) (0) (0) (00)    ;(00000000000) (0) (0) (00)   ;(00000000000) (0) (0) (00)   ;(00000000000) (0) (0) (00)   ;(00000000000) (0) (0) (00)   ;(00000000000) (0) (0) (00)   ;(00000000000) (0) (0) (00)   ;(00000000000) (0) (0) (00)   ;
;8;(00000000000) (0) (0) (00)    ;(00000000000) (0) (0) (00)   ;(00000000000) (0) (0) (00)   ;(00000000000) (0) (0) (00)   ;(00000000000) (0) (0) (00)   ;(00000000000) (0) (0) (00)   ;(00000000000) (0) (0) (00)   ;(00000000000) (0) (0) (00)   ;
;16;(00000000000) (0) (0) (00)    ;(00000000000) (0) (0) (00)   ;(00000000000) (0) (0) (00)   ;(00000000000) (0) (0) (00)   ;(00000000000) (0) (0) (00)   ;(00000000000) (0) (0) (00)   ;(00000000000) (0) (0) (00)   ;(00000000000) (0) (0) (00)   ;
;24;(00000000000) (0) (0) (00)    ;(00000000000) (0) (0) (00)   ;(00000000000) (0) (0) (00)   ;(00000000000) (0) (0) (00)   ;(00000000000) (0) (0) (00)   ;(00000000000) (0) (0) (00)   ;(00000000000) (0) (0) (00)   ;(00000000000) (0) (0) (00)   ;
;32;(00000000000) (0) (0) (00)    ;(00000000000) (0) (0) (00)   ;(00000000000) (0) (0) (00)   ;(00000000000) (0) (0) (00)   ;(00000000000) (0) (0) (00)   ;(00000000000) (0) (0) (00)   ;(00000000000) (0) (0) (00)   ;(00000000000) (0) (0) (00)   ;
;40;(00000000000) (0) (0) (00)    ;(00000000000) (0) (0) (00)   ;(00000000000) (0) (0) (00)   ;(00000000000) (0) (0) (00)   ;(00000000000) (0) (0) (00)   ;(00000000000) (0) (0) (00)   ;(00000000000) (0) (0) (00)   ;(00000000000) (0) (0) (00)   ;
;48;(00000000000) (0) (0) (00)    ;(00000000000) (0) (0) (00)   ;(00000000000) (0) (0) (00)   ;(00000000000) (0) (0) (00)   ;(00000000000) (0) (0) (00)   ;(00000000000) (0) (0) (00)   ;(00000000000) (0) (0) (00)   ;(00000000000) (0) (0) (00)   ;
;56;(00000000000) (0) (0) (00)    ;(00000000000) (0) (0) (00)   ;(00000000000) (0) (0) (00)   ;(00000000000) (0) (0) (00)   ;(00000000000) (0) (0) (00)   ;(00000000000) (0) (0) (00)   ;(00000000000) (0) (0) (00)   ;(00000000000) (0) (0) (00)   ;
;64;(00000000000) (0) (0) (00)    ;(00000000000) (0) (0) (00)   ;(00000000000) (0) (0) (00)   ;(00000000000) (0) (0) (00)   ;(00000000000) (0) (0) (00)   ;(00000000000) (0) (0) (00)   ;(00000000000) (0) (0) (00)   ;(00000000000) (0) (0) (00)   ;
;72;(00000000000) (0) (0) (00)    ;(00000000000) (0) (0) (00)   ;(00000000000) (0) (0) (00)   ;(00000000000) (0) (0) (00)   ;(00000000000) (0) (0) (00)   ;(00000000000) (0) (0) (00)   ;(00000000000) (0) (0) (00)   ;(00000000000) (0) (0) (00)   ;
;80;(00000000000) (0) (0) (00)    ;(00000000000) (0) (0) (00)   ;(00000000000) (0) (0) (00)   ;(00000000000) (0) (0) (00)   ;(00000000000) (0) (0) (00)   ;(00000000000) (0) (0) (00)   ;(00000000000) (0) (0) (00)   ;(00000000000) (0) (0) (00)   ;
;88;(00000000000) (0) (0) (00)    ;(00000000000) (0) (0) (00)   ;(00000000000) (0) (0) (00)   ;(00000000000) (0) (0) (00)   ;(00000000000) (0) (0) (00)   ;(00000000000) (0) (0) (00)   ;(00000000000) (0) (0) (00)   ;(00000000000) (0) (0) (00)   ;
;96;(00000000000) (0) (0) (00)    ;(00000000000) (0) (0) (00)   ;(00000000000) (0) (0) (00)   ;(00000000000) (0) (0) (00)   ;(00000000000) (0) (0) (00)   ;(00000000000) (0) (0) (00)   ;(00000000000) (0) (0) (00)   ;(00000000000) (0) (0) (00)   ;
;104;(00000000000) (0) (0) (00)    ;(00000000000) (0) (0) (00)   ;(00000000000) (0) (0) (00)   ;(00000000000) (0) (0) (00)   ;(00000000000) (0) (0) (00)   ;(00000000000) (0) (0) (00)   ;(00000000000) (0) (0) (00)   ;(00000000000) (0) (0) (00)   ;
;112;(00000000000) (0) (0) (00)    ;(00000000000) (0) (0) (00)   ;(00000000000) (0) (0) (00)   ;(00000000000) (0) (0) (00)   ;(00000000000) (0) (0) (00)   ;(00000000000) (0) (0) (00)   ;(00000000000) (0) (0) (00)   ;(00000000000) (0) (0) (00)   ;
;120;(00000000000) (0) (0) (00)    ;(00000000000) (0) (0) (00)   ;(00000000000) (0) (0) (00)   ;(00000000000) (0) (0) (00)   ;(00000000000) (0) (0) (00)   ;(00000000000) (0) (0) (00)   ;(00000000000) (0) (0) (00)   ;(00000000000) (0) (0) (00)   ;
;128;(00000000000) (0) (0) (00)    ;(00000000000) (0) (0) (00)   ;(00000000000) (0) (0) (00)   ;(00000000000) (0) (0) (00)   ;(00000000000) (0) (0) (00)   ;(00000000000) (0) (0) (00)   ;(00000000000) (0) (0) (00)   ;(00000000000) (0) (0) (00)   ;
;136;(00000000000) (0) (0) (00)    ;(00000000000) (0) (0) (00)   ;(00000000000) (0) (0) (00)   ;(00000000000) (0) (0) (00)   ;(00000000000) (0) (0) (00)   ;(00000000000) (0) (0) (00)   ;(00000000000) (0) (0) (00)   ;(00000000000) (0) (0) (00)   ;
;144;(00000000000) (0) (0) (00)    ;(00000000000) (0) (0) (00)   ;(00000000000) (0) (0) (00)   ;(00000000000) (0) (0) (00)   ;(00000000000) (0) (0) (00)   ;(00000000000) (0) (0) (00)   ;(00000000000) (0) (0) (00)   ;(00000000000) (0) (0) (00)   ;
;152;(00000000000) (0) (0) (00)    ;(00000000000) (0) (0) (00)   ;(00000000000) (0) (0) (00)   ;(00000000000) (0) (0) (00)   ;(00000000000) (0) (0) (00)   ;(00000000000) (0) (0) (00)   ;(00000000000) (0) (0) (00)   ;(00000000000) (0) (0) (00)   ;
;160;(00000000000) (0) (0) (00)    ;(00000000000) (0) (0) (00)   ;(00000000000) (0) (0) (00)   ;(00000000000) (0) (0) (00)   ;(00000000000) (0) (0) (00)   ;(00000000000) (0) (0) (00)   ;(00000000000) (0) (0) (00)   ;(00000000000) (0) (0) (00)   ;
;168;(00000000000) (0) (0) (00)    ;(00000000000) (0) (0) (00)   ;(00000000000) (0) (0) (00)   ;(00000000000) (0) (0) (00)   ;(00000000000) (0) (0) (00)   ;(00000000000) (0) (0) (00)   ;(00000000000) (0) (0) (00)   ;(00000000000) (0) (0) (00)   ;
;176;(00000000000) (0) (0) (00)    ;(00000000000) (0) (0) (00)   ;(00000000000) (0) (0) (00)   ;(00000000000) (0) (0) (00)   ;(00000000000) (0) (0) (00)   ;(00000000000) (0) (0) (00)   ;(00000000000) (0) (0) (00)   ;(00000000000) (0) (0) (00)   ;
;184;(00000000000) (0) (0) (00)    ;(00000000000) (0) (0) (00)   ;(00000000000) (0) (0) (00)   ;(00000000000) (0) (0) (00)   ;(00000000000) (0) (0) (00)   ;(00000000000) (0) (0) (00)   ;(00000000000) (0) (0) (00)   ;(00000000000) (0) (0) (00)   ;
;192;(00000000000) (0) (0) (00)    ;(00000000000) (0) (0) (00)   ;(00000000000) (0) (0) (00)   ;(00000000000) (0) (0) (00)   ;(00000000000) (0) (0) (00)   ;(00000000000) (0) (0) (00)   ;(00000000000) (0) (0) (00)   ;(00000000000) (0) (0) (00)   ;
;200;(00000000000) (0) (0) (00)    ;(00000000000) (0) (0) (00)   ;(00000000000) (0) (0) (00)   ;(00000000000) (0) (0) (00)   ;(00000000000) (0) (0) (00)   ;(00000000000) (0) (0) (00)   ;(00000000000) (0) (0) (00)   ;(00000000000) (0) (0) (00)   ;
;208;(00000000000) (0) (0) (00)    ;(00000000000) (0) (0) (00)   ;(00000000000) (0) (0) (00)   ;(00000000000) (0) (0) (00)   ;(00000000000) (0) (0) (00)   ;(00000000000) (0) (0) (00)   ;(00000000000) (0) (0) (00)   ;(00000000000) (0) (0) (00)   ;
;216;(00000000000) (0) (0) (00)    ;(00000000000) (0) (0) (00)   ;(00000000000) (0) (0) (00)   ;(00000000000) (0) (0) (00)   ;(00000000000) (0) (0) (00)   ;(00000000000) (0) (0) (00)   ;(00000000000) (0) (0) (00)   ;(00000000000) (0) (0) (00)   ;
;224;(00000000000) (0) (0) (00)    ;(00000000000) (0) (0) (00)   ;(00000000000) (0) (0) (00)   ;(00000000000) (0) (0) (00)   ;(00000000000) (0) (0) (00)   ;(00000000000) (0) (0) (00)   ;(00000000000) (0) (0) (00)   ;(00000000000) (0) (0) (00)   ;
;232;(00000000000) (0) (0) (00)    ;(00000000000) (0) (0) (00)   ;(00000000000) (0) (0) (00)   ;(00000000000) (0) (0) (00)   ;(00000000000) (0) (0) (00)   ;(00000000000) (0) (0) (00)   ;(00000000000) (0) (0) (00)   ;(00000000000) (0) (0) (00)   ;
;240;(00000000000) (0) (0) (00)    ;(00000000000) (0) (0) (00)   ;(00000000000) (0) (0) (00)   ;(00000000000) (0) (0) (00)   ;(00000000000) (0) (0) (00)   ;(00000000000) (0) (0) (00)   ;(00000000000) (0) (0) (00)   ;(00000000000) (0) (0) (00)   ;
;248;(00000000000) (0) (0) (00)    ;(00000000000) (0) (0) (00)   ;(00000000000) (0) (0) (00)   ;(00000000000) (0) (0) (00)   ;(00000000000) (0) (0) (00)   ;(00000000000) (0) (0) (00)   ;(00000000000) (0) (0) (00)   ;(00000000000) (0) (0) (00)   ;
;256;(00000000000) (0) (0) (00)    ;(00000000000) (0) (0) (00)   ;(00000000000) (0) (0) (00)   ;(00000000000) (0) (0) (00)   ;(00000000000) (0) (0) (00)   ;(00000000000) (0) (0) (00)   ;(00000000000) (0) (0) (00)   ;(00000000000) (0) (0) (00)   ;
;264;(00000000000) (0) (0) (00)    ;(00000000000) (0) (0) (00)   ;(00000000000) (0) (0) (00)   ;(00000000000) (0) (0) (00)   ;(00000000000) (0) (0) (00)   ;(00000000000) (0) (0) (00)   ;(00000000000) (0) (0) (00)   ;(00000000000) (0) (0) (00)   ;
;272;(00000000000) (0) (0) (00)    ;(00000000000) (0) (0) (00)   ;(00000000000) (0) (0) (00)   ;(00000000000) (0) (0) (00)   ;(00000000000) (0) (0) (00)   ;(00000000000) (0) (0) (00)   ;(00000000000) (0) (0) (00)   ;(00000000000) (0) (0) (00)   ;
;280;(00000000000) (0) (0) (00)    ;(00000000000) (0) (0) (00)   ;(00000000000) (0) (0) (00)   ;(00000000000) (0) (0) (00)   ;(00000000000) (0) (0) (00)   ;(00000000000) (0) (0) (00)   ;(00000000000) (0) (0) (00)   ;(00000000000) (0) (0) (00)   ;
;288;(00000000000) (0) (0) (00)    ;(00000000000) (0) (0) (00)   ;(00000000000) (0) (0) (00)   ;(00000000000) (0) (0) (00)   ;(00000000000) (0) (0) (00)   ;(00000000000) (0) (0) (00)   ;(00000000000) (0) (0) (00)   ;(00000000000) (0) (0) (00)   ;
;296;(00000000000) (0) (0) (00)    ;(00000000000) (0) (0) (00)   ;(00000000000) (0) (0) (00)   ;(00000000000) (0) (0) (00)   ;(00000000000) (0) (0) (00)   ;(00000000000) (0) (0) (00)   ;(00000000000) (0) (0) (00)   ;(00000000000) (0) (0) (00)   ;
;304;(00000000000) (0) (0) (00)    ;(00000000000) (0) (0) (00)   ;(00000000000) (0) (0) (00)   ;(00000000000) (0) (0) (00)   ;(00000000000) (0) (0) (00)   ;(00000000000) (0) (0) (00)   ;(00000000000) (0) (0) (00)   ;(00000000000) (0) (0) (00)   ;
;312;(00000000000) (0) (0) (00)    ;(00000000000) (0) (0) (00)   ;(00000000000) (0) (0) (00)   ;(00000000000) (0) (0) (00)   ;(00000000000) (0) (0) (00)   ;(00000000000) (0) (0) (00)   ;(00000000000) (0) (0) (00)   ;(00000000000) (0) (0) (00)   ;
;320;(00000000000) (0) (0) (00)    ;(00000000000) (0) (0) (00)   ;(00000000000) (0) (0) (00)   ;(00000000000) (0) (0) (00)   ;(00000000000) (0) (0) (00)   ;(00000000000) (0) (0) (00)   ;(00000000000) (0) (0) (00)   ;(00000000000) (0) (0) (00)   ;
;328;(00000000000) (0) (0) (00)    ;(00000000000) (0) (0) (00)   ;(00000000000) (0) (0) (00)   ;(00000000000) (0) (0) (00)   ;(00000000000) (0) (0) (00)   ;(00000000000) (0) (0) (00)   ;(00000000000) (0) (0) (00)   ;(00000000000) (0) (0) (00)   ;
;336;(00000000000) (0) (0) (00)    ;(00000000000) (0) (0) (00)   ;(00000000000) (0) (0) (00)   ;(00000000000) (0) (0) (00)   ;(00000000000) (0) (0) (00)   ;(00000000000) (0) (0) (00)   ;(00000000000) (0) (0) (00)   ;(00000000000) (0) (0) (00)   ;
;344;(00000000000) (0) (0) (00)    ;(00000000000) (0) (0) (00)   ;(00000000000) (0) (0) (00)   ;(00000000000) (0) (0) (00)   ;(00000000000) (0) (0) (00)   ;(00000000000) (0) (0) (00)   ;(00000000000) (0) (0) (00)   ;(00000000000) (0) (0) (00)   ;
;352;(00000000000) (0) (0) (00)    ;(00000000000) (0) (0) (00)   ;(00000000000) (0) (0) (00)   ;(00000000000) (0) (0) (00)   ;(00000000000) (0) (0) (00)   ;(00000000000) (0) (0) (00)   ;(00000000000) (0) (0) (00)   ;(00000000000) (0) (0) (00)   ;
;360;(00000000000) (0) (0) (00)    ;(00000000000) (0) (0) (00)   ;(00000000000) (0) (0) (00)   ;(00000000000) (0) (0) (00)   ;(00000000000) (0) (0) (00)   ;(00000000000) (0) (0) (00)   ;(00000000000) (0) (0) (00)   ;(00000000000) (0) (0) (00)   ;
;368;(00000000000) (0) (0) (00)    ;(00000000000) (0) (0) (00)   ;(00000000000) (0) (0) (00)   ;(00000000000) (0) (0) (00)   ;(00000000000) (0) (0) (00)   ;(00000000000) (0) (0) (00)   ;(00000000000) (0) (0) (00)   ;(00000000000) (0) (0) (00)   ;
;376;(00000000000) (0) (0) (00)    ;(00000000000) (0) (0) (00)   ;(00000000000) (0) (0) (00)   ;(00000000000) (0) (0) (00)   ;(00000000000) (0) (0) (00)   ;(00000000000) (0) (0) (00)   ;(00000000000) (0) (0) (00)   ;(00000000000) (0) (0) (00)   ;
;384;(00000000000) (0) (0) (00)    ;(00000000000) (0) (0) (00)   ;(00000000000) (0) (0) (00)   ;(00000000000) (0) (0) (00)   ;(00000000000) (0) (0) (00)   ;(00000000000) (0) (0) (00)   ;(00000000000) (0) (0) (00)   ;(00000000000) (0) (0) (00)   ;
;392;(00000000000) (0) (0) (00)    ;(00000000000) (0) (0) (00)   ;(00000000000) (0) (0) (00)   ;(00000000000) (0) (0) (00)   ;(00000000000) (0) (0) (00)   ;(00000000000) (0) (0) (00)   ;(00000000000) (0) (0) (00)   ;(00000000000) (0) (0) (00)   ;
;400;(00000000000) (0) (0) (00)    ;(00000000000) (0) (0) (00)   ;(00000000000) (0) (0) (00)   ;(00000000000) (0) (0) (00)   ;(00000000000) (0) (0) (00)   ;(00000000000) (0) (0) (00)   ;(00000000000) (0) (0) (00)   ;(00000000000) (0) (0) (00)   ;
;408;(00000000000) (0) (0) (00)    ;(00000000000) (0) (0) (00)   ;(00000000000) (0) (0) (00)   ;(00000000000) (0) (0) (00)   ;(00000000000) (0) (0) (00)   ;(00000000000) (0) (0) (00)   ;(00000000000) (0) (0) (00)   ;(00000000000) (0) (0) (00)   ;
;416;(00000000000) (0) (0) (00)    ;(00000000000) (0) (0) (00)   ;(00000000000) (0) (0) (00)   ;(00000000000) (0) (0) (00)   ;(00000000000) (0) (0) (00)   ;(00000000000) (0) (0) (00)   ;(00000000000) (0) (0) (00)   ;(00000000000) (0) (0) (00)   ;
;424;(00000000000) (0) (0) (00)    ;(00000000000) (0) (0) (00)   ;(00000000000) (0) (0) (00)   ;(00000000000) (0) (0) (00)   ;(00000000000) (0) (0) (00)   ;(00000000000) (0) (0) (00)   ;(00000000000) (0) (0) (00)   ;(00000000000) (0) (0) (00)   ;
;432;(00000000000) (0) (0) (00)    ;(00000000000) (0) (0) (00)   ;(00000000000) (0) (0) (00)   ;(00000000000) (0) (0) (00)   ;(00000000000) (0) (0) (00)   ;(00000000000) (0) (0) (00)   ;(00000000000) (0) (0) (00)   ;(00000000000) (0) (0) (00)   ;
;440;(00000000000) (0) (0) (00)    ;(00000000000) (0) (0) (00)   ;(00000000000) (0) (0) (00)   ;(00000000000) (0) (0) (00)   ;(00000000000) (0) (0) (00)   ;(00000000000) (0) (0) (00)   ;(00000000000) (0) (0) (00)   ;(00000000000) (0) (0) (00)   ;
;448;(00000000000) (0) (0) (00)    ;(00000000000) (0) (0) (00)   ;(00000000000) (0) (0) (00)   ;(00000000000) (0) (0) (00)   ;(00000000000) (0) (0) (00)   ;(00000000000) (0) (0) (00)   ;(00000000000) (0) (0) (00)   ;(00000000000) (0) (0) (00)   ;
;456;(00000000000) (0) (0) (00)    ;(00000000000) (0) (0) (00)   ;(00000000000) (0) (0) (00)   ;(00000000000) (0) (0) (00)   ;(00000000000) (0) (0) (00)   ;(00000000000) (0) (0) (00)   ;(00000000000) (0) (0) (00)   ;(00000000000) (0) (0) (00)   ;
;464;(00000000000) (0) (0) (00)    ;(00000000000) (0) (0) (00)   ;(00000000000) (0) (0) (00)   ;(00000000000) (0) (0) (00)   ;(00000000000) (0) (0) (00)   ;(00000000000) (0) (0) (00)   ;(00000000000) (0) (0) (00)   ;(00000000000) (0) (0) (00)   ;
;472;(00000000000) (0) (0) (00)    ;(00000000000) (0) (0) (00)   ;(00000000000) (0) (0) (00)   ;(00000000000) (0) (0) (00)   ;(00000000000) (0) (0) (00)   ;(00000000000) (0) (0) (00)   ;(00000000000) (0) (0) (00)   ;(00000000000) (0) (0) (00)   ;
;480;(00000000000) (0) (0) (00)    ;(00000000000) (0) (0) (00)   ;(00000000000) (0) (0) (00)   ;(00000000000) (0) (0) (00)   ;(00000000000) (0) (0) (00)   ;(00000000000) (0) (0) (00)   ;(00000000000) (0) (0) (00)   ;(00000000000) (0) (0) (00)   ;
;488;(00000000000) (0) (0) (00)    ;(00000000000) (0) (0) (00)   ;(00000000000) (0) (0) (00)   ;(00000000000) (0) (0) (00)   ;(00000000000) (0) (0) (00)   ;(00000000000) (0) (0) (00)   ;(00000000000) (0) (0) (00)   ;(00000000000) (0) (0) (00)   ;
;496;(00000000000) (0) (0) (00)    ;(00000000000) (0) (0) (00)   ;(00000000000) (0) (0) (00)   ;(00000000000) (0) (0) (00)   ;(00000000000) (0) (0) (00)   ;(00000000000) (0) (0) (00)   ;(00000000000) (0) (0) (00)   ;(00000000000) (0) (0) (00)   ;
;504;(00000000000) (0) (0) (00)    ;(00000000000) (0) (0) (00)   ;(00000000000) (0) (0) (00)   ;(00000000000) (0) (0) (00)   ;(00000000000) (0) (0) (00)   ;(00000000000) (0) (0) (00)   ;(00000000000) (0) (0) (00)   ;(00000000000) (0) (0) (00)   ;
;512;(00000000000) (0) (0) (00)    ;(00000000000) (0) (0) (00)   ;(00000000000) (0) (0) (00)   ;(00000000000) (0) (0) (00)   ;(00000000000) (0) (0) (00)   ;(00000000000) (0) (0) (00)   ;(00000000000) (0) (0) (00)   ;(00000000000) (0) (0) (00)   ;
;520;(00000000000) (0) (0) (00)    ;(00000000000) (0) (0) (00)   ;(00000000000) (0) (0) (00)   ;(00000000000) (0) (0) (00)   ;(00000000000) (0) (0) (00)   ;(00000000000) (0) (0) (00)   ;(00000000000) (0) (0) (00)   ;(00000000000) (0) (0) (00)   ;
;528;(00000000000) (0) (0) (00)    ;(00000000000) (0) (0) (00)   ;(00000000000) (0) (0) (00)   ;(00000000000) (0) (0) (00)   ;(00000000000) (0) (0) (00)   ;(00000000000) (0) (0) (00)   ;(00000000000) (0) (0) (00)   ;(00000000000) (0) (0) (00)   ;
;536;(00000000000) (0) (0) (00)    ;(00000000000) (0) (0) (00)   ;(00000000000) (0) (0) (00)   ;(00000000000) (0) (0) (00)   ;(00000000000) (0) (0) (00)   ;(00000000000) (0) (0) (00)   ;(00000000000) (0) (0) (00)   ;(00000000000) (0) (0) (00)   ;
;544;(00000000000) (0) (0) (00)    ;(00000000000) (0) (0) (00)   ;(00000000000) (0) (0) (00)   ;(00000000000) (0) (0) (00)   ;(00000000000) (0) (0) (00)   ;(00000000000) (0) (0) (00)   ;(00000000000) (0) (0) (00)   ;(00000000000) (0) (0) (00)   ;
;552;(00000000000) (0) (0) (00)    ;(00000000000) (0) (0) (00)   ;(00000000000) (0) (0) (00)   ;(00000000000) (0) (0) (00)   ;(00000000000) (0) (0) (00)   ;(00000000000) (0) (0) (00)   ;(00000000000) (0) (0) (00)   ;(00000000000) (0) (0) (00)   ;
;560;(00000000000) (0) (0) (00)    ;(00000000000) (0) (0) (00)   ;(00000000000) (0) (0) (00)   ;(00000000000) (0) (0) (00)   ;(00000000000) (0) (0) (00)   ;(00000000000) (0) (0) (00)   ;(00000000000) (0) (0) (00)   ;(00000000000) (0) (0) (00)   ;
;568;(00000000000) (0) (0) (00)    ;(00000000000) (0) (0) (00)   ;(00000000000) (0) (0) (00)   ;(00000000000) (0) (0) (00)   ;(00000000000) (0) (0) (00)   ;(00000000000) (0) (0) (00)   ;(00000000000) (0) (0) (00)   ;(00000000000) (0) (0) (00)   ;
;576;(00000000000) (0) (0) (00)    ;(00000000000) (0) (0) (00)   ;(00000000000) (0) (0) (00)   ;(00000000000) (0) (0) (00)   ;(00000000000) (0) (0) (00)   ;(00000000000) (0) (0) (00)   ;(00000000000) (0) (0) (00)   ;(00000000000) (0) (0) (00)   ;
;584;(00000000000) (0) (0) (00)    ;(00000000000) (0) (0) (00)   ;(00000000000) (0) (0) (00)   ;(00000000000) (0) (0) (00)   ;(00000000000) (0) (0) (00)   ;(00000000000) (0) (0) (00)   ;(00000000000) (0) (0) (00)   ;(00000000000) (0) (0) (00)   ;
;592;(00000000000) (0) (0) (00)    ;(00000000000) (0) (0) (00)   ;(00000000000) (0) (0) (00)   ;(00000000000) (0) (0) (00)   ;(00000000000) (0) (0) (00)   ;(00000000000) (0) (0) (00)   ;(00000000000) (0) (0) (00)   ;(00000000000) (0) (0) (00)   ;
;600;(00000000000) (0) (0) (00)    ;(00000000000) (0) (0) (00)   ;(00000000000) (0) (0) (00)   ;(00000000000) (0) (0) (00)   ;(00000000000) (0) (0) (00)   ;(00000000000) (0) (0) (00)   ;(00000000000) (0) (0) (00)   ;(00000000000) (0) (0) (00)   ;
;608;(00000000000) (0) (0) (00)    ;(00000000000) (0) (0) (00)   ;(00000000000) (0) (0) (00)   ;(00000000000) (0) (0) (00)   ;(00000000000) (0) (0) (00)   ;(00000000000) (0) (0) (00)   ;(00000000000) (0) (0) (00)   ;(00000000000) (0) (0) (00)   ;
;616;(00000000000) (0) (0) (00)    ;(00000000000) (0) (0) (00)   ;(00000000000) (0) (0) (00)   ;(00000000000) (0) (0) (00)   ;(00000000000) (0) (0) (00)   ;(00000000000) (0) (0) (00)   ;(00000000000) (0) (0) (00)   ;(00000000000) (0) (0) (00)   ;
;624;(00000000000) (0) (0) (00)    ;(00000000000) (0) (0) (00)   ;(00000000000) (0) (0) (00)   ;(00000000000) (0) (0) (00)   ;(00000000000) (0) (0) (00)   ;(00000000000) (0) (0) (00)   ;(00000000000) (0) (0) (00)   ;(00000000000) (0) (0) (00)   ;
;632;(00000000000) (0) (0) (00)    ;(00000000000) (0) (0) (00)   ;(00000000000) (0) (0) (00)   ;(00000000000) (0) (0) (00)   ;(00000000000) (0) (0) (00)   ;(00000000000) (0) (0) (00)   ;(00000000000) (0) (0) (00)   ;(00000000000) (0) (0) (00)   ;
;640;(00000000000) (0) (0) (00)    ;(00000000000) (0) (0) (00)   ;(00000000000) (0) (0) (00)   ;(00000000000) (0) (0) (00)   ;(00000000000) (0) (0) (00)   ;(00000000000) (0) (0) (00)   ;(00000000000) (0) (0) (00)   ;(00000000000) (0) (0) (00)   ;
;648;(00000000000) (0) (0) (00)    ;(00000000000) (0) (0) (00)   ;(00000000000) (0) (0) (00)   ;(00000000000) (0) (0) (00)   ;(00000000000) (0) (0) (00)   ;(00000000000) (0) (0) (00)   ;(00000000000) (0) (0) (00)   ;(00000000000) (0) (0) (00)   ;
;656;(00000000000) (0) (0) (00)    ;(00000000000) (0) (0) (00)   ;(00000000000) (0) (0) (00)   ;(00000000000) (0) (0) (00)   ;(00000000000) (0) (0) (00)   ;(00000000000) (0) (0) (00)   ;(00000000000) (0) (0) (00)   ;(00000000000) (0) (0) (00)   ;
;664;(00000000000) (0) (0) (00)    ;(00000000000) (0) (0) (00)   ;(00000000000) (0) (0) (00)   ;(00000000000) (0) (0) (00)   ;(00000000000) (0) (0) (00)   ;(00000000000) (0) (0) (00)   ;(00000000000) (0) (0) (00)   ;(00000000000) (0) (0) (00)   ;
;672;(00000000000) (0) (0) (00)    ;(00000000000) (0) (0) (00)   ;(00000000000) (0) (0) (00)   ;(00000000000) (0) (0) (00)   ;(00000000000) (0) (0) (00)   ;(00000000000) (0) (0) (00)   ;(00000000000) (0) (0) (00)   ;(00000000000) (0) (0) (00)   ;
;680;(00000000000) (0) (0) (00)    ;(00000000000) (0) (0) (00)   ;(00000000000) (0) (0) (00)   ;(00000000000) (0) (0) (00)   ;(00000000000) (0) (0) (00)   ;(00000000000) (0) (0) (00)   ;(00000000000) (0) (0) (00)   ;(00000000000) (0) (0) (00)   ;
;688;(00000000000) (0) (0) (00)    ;(00000000000) (0) (0) (00)   ;(00000000000) (0) (0) (00)   ;(00000000000) (0) (0) (00)   ;(00000000000) (0) (0) (00)   ;(00000000000) (0) (0) (00)   ;(00000000000) (0) (0) (00)   ;(00000000000) (0) (0) (00)   ;
;696;(00000000000) (0) (0) (00)    ;(00000000000) (0) (0) (00)   ;(00000000000) (0) (0) (00)   ;(00000000000) (0) (0) (00)   ;(00000000000) (0) (0) (00)   ;(00000000000) (0) (0) (00)   ;(00000000000) (0) (0) (00)   ;(00000000000) (0) (0) (00)   ;
;704;(00000000000) (0) (0) (00)    ;(00000000000) (0) (0) (00)   ;(00000000000) (0) (0) (00)   ;(00000000000) (0) (0) (00)   ;(00000000000) (0) (0) (00)   ;(00000000000) (0) (0) (00)   ;(00000000000) (0) (0) (00)   ;(00000000000) (0) (0) (00)   ;
;712;(00000000000) (0) (0) (00)    ;(00000000000) (0) (0) (00)   ;(00000000000) (0) (0) (00)   ;(00000000000) (0) (0) (00)   ;(00000000000) (0) (0) (00)   ;(00000000000) (0) (0) (00)   ;(00000000000) (0) (0) (00)   ;(00000000000) (0) (0) (00)   ;
;720;(00000000000) (0) (0) (00)    ;(00000000000) (0) (0) (00)   ;(00000000000) (0) (0) (00)   ;(00000000000) (0) (0) (00)   ;(00000000000) (0) (0) (00)   ;(00000000000) (0) (0) (00)   ;(00000000000) (0) (0) (00)   ;(00000000000) (0) (0) (00)   ;
;728;(00000000000) (0) (0) (00)    ;(00000000000) (0) (0) (00)   ;(00000000000) (0) (0) (00)   ;(00000000000) (0) (0) (00)   ;(00000000000) (0) (0) (00)   ;(00000000000) (0) (0) (00)   ;(00000000000) (0) (0) (00)   ;(00000000000) (0) (0) (00)   ;
;736;(00000000000) (0) (0) (00)    ;(00000000000) (0) (0) (00)   ;(00000000000) (0) (0) (00)   ;(00000000000) (0) (0) (00)   ;(00000000000) (0) (0) (00)   ;(00000000000) (0) (0) (00)   ;(00000000000) (0) (0) (00)   ;(00000000000) (0) (0) (00)   ;
;744;(00000000000) (0) (0) (00)    ;(00000000000) (0) (0) (00)   ;(00000000000) (0) (0) (00)   ;(00000000000) (0) (0) (00)   ;(00000000000) (0) (0) (00)   ;(00000000000) (0) (0) (00)   ;(00000000000) (0) (0) (00)   ;(00000000000) (0) (0) (00)   ;
;752;(00000000000) (0) (0) (00)    ;(00000000000) (0) (0) (00)   ;(00000000000) (0) (0) (00)   ;(00000000000) (0) (0) (00)   ;(00000000000) (0) (0) (00)   ;(00000000000) (0) (0) (00)   ;(00000000000) (0) (0) (00)   ;(00000000000) (0) (0) (00)   ;
;760;(00000000000) (0) (0) (00)    ;(00000000000) (0) (0) (00)   ;(00000000000) (0) (0) (00)   ;(00000000000) (0) (0) (00)   ;(00000000000) (0) (0) (00)   ;(00000000000) (0) (0) (00)   ;(00000000000) (0) (0) (00)   ;(00000000000) (0) (0) (00)   ;
;768;(00000000000) (0) (0) (00)    ;(00000000000) (0) (0) (00)   ;(00000000000) (0) (0) (00)   ;(00000000000) (0) (0) (00)   ;(00000000000) (0) (0) (00)   ;(00000000000) (0) (0) (00)   ;(00000000000) (0) (0) (00)   ;(00000000000) (0) (0) (00)   ;
;776;(00000000000) (0) (0) (00)    ;(00000000000) (0) (0) (00)   ;(00000000000) (0) (0) (00)   ;(00000000000) (0) (0) (00)   ;(00000000000) (0) (0) (00)   ;(00000000000) (0) (0) (00)   ;(00000000000) (0) (0) (00)   ;(00000000000) (0) (0) (00)   ;
;784;(00010010100) (224) (148) (94)    ;(00100111101) (475) (317) (13D)   ;(11110010101) (3625) (1941) (795)   ;(11111010111) (3727) (2007) (7D7)   ;(11111100110) (3746) (2022) (7E6)   ;(11111100100) (3744) (2020) (7E4)   ;(11100111111) (3477) (1855) (73F)   ;(00010101100) (254) (172) (AC)   ;
;792;(11100111111) (3477) (1855) (73F)    ;(11110101001) (3651) (1961) (7A9)   ;(11111000101) (3705) (1989) (7C5)   ;(00100010000) (420) (272) (110)   ;(11110100101) (3645) (1957) (7A5)   ;(11111011100) (3734) (2012) (7DC)   ;(00011100100) (344) (228) (E4)   ;(11110001011) (3613) (1931) (78B)   ;
;800;(11101011000) (3530) (1880) (758)    ;(00001111101) (175) (125) (7D)   ;(00000110010) (62) (50) (32)   ;(11101100101) (3545) (1893) (765)   ;(00000001001) (11) (9) (09)   ;(11110000000) (3600) (1920) (780)   ;(11110100000) (3640) (1952) (7A0)   ;(11110100110) (3646) (1958) (7A6)   ;
;808;(00011001110) (316) (206) (CE)    ;(00011001100) (314) (204) (CC)   ;(00001001100) (114) (76) (4C)   ;(00001000111) (107) (71) (47)   ;(00010000011) (203) (131) (83)   ;(00010010101) (225) (149) (95)   ;(00000101110) (56) (46) (2E)   ;(00011101110) (356) (238) (EE)   ;
;816;(00000010110) (26) (22) (16)    ;(00010000010) (202) (130) (82)   ;(00010010100) (224) (148) (94)   ;(11110111010) (3672) (1978) (7BA)   ;(00001000110) (106) (70) (46)   ;(00001101010) (152) (106) (6A)   ;(00000111111) (77) (63) (3F)   ;(11110110000) (3660) (1968) (7B0)   ;
;824;(11010000011) (3203) (1667) (683)    ;(11100000011) (3403) (1795) (703)   ;(11100010011) (3423) (1811) (713)   ;(11001110110) (3166) (1654) (676)   ;(11101111100) (3574) (1916) (77C)   ;(11101100110) (3546) (1894) (766)   ;(11111011101) (3735) (2013) (7DD)   ;(11111001110) (3716) (1998) (7CE)   ;
;832;(00000000100) (4) (4) (04)    ;(11111000100) (3704) (1988) (7C4)   ;(11101011100) (3534) (1884) (75C)   ;(00001101101) (155) (109) (6D)   ;(00001001100) (114) (76) (4C)   ;(11111111110) (3776) (2046) (7FE)   ;(00000010001) (21) (17) (11)   ;(00010010101) (225) (149) (95)   ;
;840;(00001010010) (122) (82) (52)    ;(00000110001) (61) (49) (31)   ;(00000100111) (47) (39) (27)   ;(00011101001) (351) (233) (E9)   ;(00001110001) (161) (113) (71)   ;(00001110100) (164) (116) (74)   ;(00001100111) (147) (103) (67)   ;(00001000100) (104) (68) (44)   ;
;848;(11111011110) (3736) (2014) (7DE)    ;(00000010101) (25) (21) (15)   ;(11110110011) (3663) (1971) (7B3)   ;(00000000010) (2) (2) (02)   ;(11111001110) (3716) (1998) (7CE)   ;(11110000101) (3605) (1925) (785)   ;(00000100110) (46) (38) (26)   ;(00001100001) (141) (97) (61)   ;
;856;(00000111001) (71) (57) (39)    ;(11100100100) (3444) (1828) (724)   ;(00000010111) (27) (23) (17)   ;(11110111001) (3671) (1977) (7B9)   ;(11100111110) (3476) (1854) (73E)   ;(00010000111) (207) (135) (87)   ;(00011000101) (305) (197) (C5)   ;(11111010100) (3724) (2004) (7D4)   ;
;864;(00000001011) (13) (11) (0B)    ;(11101010101) (3525) (1877) (755)   ;(11100110011) (3463) (1843) (733)   ;(00000101010) (52) (42) (2A)   ;(11100110110) (3466) (1846) (736)   ;(11011000001) (3301) (1729) (6C1)   ;(00000011111) (37) (31) (1F)   ;(11010101101) (3255) (1709) (6AD)   ;
;872;(11011001011) (3313) (1739) (6CB)    ;(11110010001) (3621) (1937) (791)   ;(00011100101) (345) (229) (E5)   ;(00010100000) (240) (160) (A0)   ;(00000010010) (22) (18) (12)   ;(00010000100) (204) (132) (84)   ;(11110110110) (3666) (1974) (7B6)   ;(00000011101) (35) (29) (1D)   ;
;880;(00010010110) (226) (150) (96)    ;(11111011100) (3734) (2012) (7DC)   ;(11111010001) (3721) (2001) (7D1)   ;(00010001110) (216) (142) (8E)   ;(11111001011) (3713) (1995) (7CB)   ;(11110110001) (3661) (1969) (7B1)   ;(00000000100) (4) (4) (04)   ;(11111110110) (3766) (2038) (7F6)   ;
;888;(00000001111) (17) (15) (0F)    ;(00010010111) (227) (151) (97)   ;(11110111000) (3670) (1976) (7B8)   ;(11110010010) (3622) (1938) (792)   ;(00010000111) (207) (135) (87)   ;(11110011100) (3634) (1948) (79C)   ;(00001110001) (161) (113) (71)   ;(00000011000) (30) (24) (18)   ;
;896;(00000000101) (5) (5) (05)    ;(00011010110) (326) (214) (D6)   ;(00001010010) (122) (82) (52)   ;(00001000111) (107) (71) (47)   ;(00011010100) (324) (212) (D4)   ;(11110100100) (3644) (1956) (7A4)   ;(11101111000) (3570) (1912) (778)   ;(11110011101) (3635) (1949) (79D)   ;
;904;(11111011010) (3732) (2010) (7DA)    ;(11011010110) (3326) (1750) (6D6)   ;(11111110101) (3765) (2037) (7F5)   ;(00011110000) (360) (240) (F0)   ;(11111010101) (3725) (2005) (7D5)   ;(00000111100) (74) (60) (3C)   ;(11110011111) (3637) (1951) (79F)   ;(11111000001) (3701) (1985) (7C1)   ;
;912;(11100101000) (3450) (1832) (728)    ;(00000101111) (57) (47) (2F)   ;(11101011010) (3532) (1882) (75A)   ;(11101101101) (3555) (1901) (76D)   ;(11100010111) (3427) (1815) (717)   ;(11101100011) (3543) (1891) (763)   ;(11101100011) (3543) (1891) (763)   ;(11111010010) (3722) (2002) (7D2)   ;
;920;(11111110000) (3760) (2032) (7F0)    ;(11111111101) (3775) (2045) (7FD)   ;(00001101011) (153) (107) (6B)   ;(00000111010) (72) (58) (3A)   ;(00001011001) (131) (89) (59)   ;(00000010000) (20) (16) (10)   ;(00001000101) (105) (69) (45)   ;(00000000100) (4) (4) (04)   ;
;928;(11111001110) (3716) (1998) (7CE)    ;(11010111110) (3276) (1726) (6BE)   ;(00010101000) (250) (168) (A8)   ;(11110011011) (3633) (1947) (79B)   ;(11100001011) (3413) (1803) (70B)   ;(11110100110) (3646) (1958) (7A6)   ;(11100111011) (3473) (1851) (73B)   ;(11011110110) (3366) (1782) (6F6)   ;
;936;(00001111111) (177) (127) (7F)    ;(00001010010) (122) (82) (52)   ;(00001010011) (123) (83) (53)   ;(00001001000) (110) (72) (48)   ;(00001111011) (173) (123) (7B)   ;(00010010101) (225) (149) (95)   ;(00010000100) (204) (132) (84)   ;(00010000011) (203) (131) (83)   ;
;944;(00001000111) (107) (71) (47)    ;(00001110011) (163) (115) (73)   ;(11101011000) (3530) (1880) (758)   ;(11111100100) (3744) (2020) (7E4)   ;(00010000100) (204) (132) (84)   ;(11110100110) (3646) (1958) (7A6)   ;(11011011111) (3337) (1759) (6DF)   ;(11110011110) (3636) (1950) (79E)   ;
;952;(11111100111) (3747) (2023) (7E7)    ;(11110000000) (3600) (1920) (780)   ;(11110100110) (3646) (1958) (7A6)   ;(00001001111) (117) (79) (4F)   ;(11110110100) (3664) (1972) (7B4)   ;(11111110110) (3766) (2038) (7F6)   ;(11110100111) (3647) (1959) (7A7)   ;(11111100100) (3744) (2020) (7E4)   ;
;960;(00000100101) (45) (37) (25)    ;(00000111011) (73) (59) (3B)   ;(11111100101) (3745) (2021) (7E5)   ;(00001001100) (114) (76) (4C)   ;(00000010101) (25) (21) (15)   ;(11100100100) (3444) (1828) (724)   ;(10001011101) (2135) (1117) (45D)   ;(11100000011) (3403) (1795) (703)   ;
;968;(10101110000) (2560) (1392) (570)    ;(10110100100) (2644) (1444) (5A4)   ;(11011111000) (3370) (1784) (6F8)   ;(11010101010) (3252) (1706) (6AA)   ;(11011001111) (3317) (1743) (6CF)   ;(11111101111) (3757) (2031) (7EF)   ;(11110001110) (3616) (1934) (78E)   ;(11111011101) (3735) (2013) (7DD)   ;
;976;(00000111101) (75) (61) (3D)    ;(11110000100) (3604) (1924) (784)   ;(00001100011) (143) (99) (63)   ;(11100111011) (3473) (1851) (73B)   ;(00010010000) (220) (144) (90)   ;(00100111011) (473) (315) (13B)   ;(11110011010) (3632) (1946) (79A)   ;(00010011111) (237) (159) (9F)   ;
;984;(11101011100) (3534) (1884) (75C)    ;(00001100000) (140) (96) (60)   ;(00100000100) (404) (260) (104)   ;(11111010010) (3722) (2002) (7D2)   ;(00010001000) (210) (136) (88)   ;(00011110101) (365) (245) (F5)   ;(11110011100) (3634) (1948) (79C)   ;(11110100001) (3641) (1953) (7A1)   ;
;992;(00000111101) (75) (61) (3D)    ;(11100000011) (3403) (1795) (703)   ;(11011101010) (3352) (1770) (6EA)   ;(11011101110) (3356) (1774) (6EE)   ;(11100110011) (3463) (1843) (733)   ;(11100101011) (3453) (1835) (72B)   ;(11101111101) (3575) (1917) (77D)   ;(11111101110) (3756) (2030) (7EE)   ;
;1000;(00010110111) (267) (183) (B7)    ;(11101001111) (3517) (1871) (74F)   ;(11001001100) (3114) (1612) (64C)   ;(11010101000) (3250) (1704) (6A8)   ;(10111111010) (2772) (1530) (5FA)   ;(11010101110) (3256) (1710) (6AE)   ;(11111100001) (3741) (2017) (7E1)   ;(00000100001) (41) (33) (21)   ;
;1008;(00001100011) (143) (99) (63)    ;(11101001011) (3513) (1867) (74B)   ;(00001100110) (146) (102) (66)   ;(00100100101) (445) (293) (125)   ;(11100110111) (3467) (1847) (737)   ;(11111000100) (3704) (1988) (7C4)   ;(00100001010) (412) (266) (10A)   ;(11111110100) (3764) (2036) (7F4)   ;
;1016;(00001010001) (121) (81) (51)    ;(00000000000) (0) (0) (00)   ;(11111110000) (3760) (2032) (7F0)   ;(11101100000) (3540) (1888) (760)   ;(11110101100) (3654) (1964) (7AC)   ;(00011001110) (316) (206) (CE)   ;(00011010110) (326) (214) (D6)   ;(11111110101) (3765) (2037) (7F5)   ;
;1024;(00001110101) (165) (117) (75)    ;(00010001111) (217) (143) (8F)   ;(11110101001) (3651) (1961) (7A9)   ;(11111101000) (3750) (2024) (7E8)   ;(11101010010) (3522) (1874) (752)   ;(00011011010) (332) (218) (DA)   ;(11110100011) (3643) (1955) (7A3)   ;(11110100101) (3645) (1957) (7A5)   ;
;1032;(00001001110) (116) (78) (4E)    ;(00010001110) (216) (142) (8E)   ;(00100100011) (443) (291) (123)   ;(00011010110) (326) (214) (D6)   ;(00110110010) (662) (434) (1B2)   ;(00100110101) (465) (309) (135)   ;(00000001011) (13) (11) (0B)   ;(11101100101) (3545) (1893) (765)   ;
;1040;(11010110011) (3263) (1715) (6B3)    ;(11100010101) (3425) (1813) (715)   ;(11110100101) (3645) (1957) (7A5)   ;(11111111001) (3771) (2041) (7F9)   ;(11111110001) (3761) (2033) (7F1)   ;(00001100100) (144) (100) (64)   ;(00010011111) (237) (159) (9F)   ;(00100110010) (462) (306) (132)   ;
;1048;(00000110000) (60) (48) (30)    ;(00000111110) (76) (62) (3E)   ;(00100000000) (400) (256) (100)   ;(11001100001) (3141) (1633) (661)   ;(11110101100) (3654) (1964) (7AC)   ;(00001000100) (104) (68) (44)   ;(11100111000) (3470) (1848) (738)   ;(11101001111) (3517) (1871) (74F)   ;
;1056;(00000100100) (44) (36) (24)    ;(00010011001) (231) (153) (99)   ;(11111011110) (3736) (2014) (7DE)   ;(00000110010) (62) (50) (32)   ;(00010000001) (201) (129) (81)   ;(11110111011) (3673) (1979) (7BB)   ;(00000000100) (4) (4) (04)   ;(11110011100) (3634) (1948) (79C)   ;
;1064;(11110110000) (3660) (1968) (7B0)    ;(00000110100) (64) (52) (34)   ;(00000101101) (55) (45) (2D)   ;(11011111000) (3370) (1784) (6F8)   ;(00001100101) (145) (101) (65)   ;(00011101111) (357) (239) (EF)   ;(00010101100) (254) (172) (AC)   ;(00001101111) (157) (111) (6F)   ;
;1072;(11001000111) (3107) (1607) (647)    ;(11110010100) (3624) (1940) (794)   ;(00001110010) (162) (114) (72)   ;(00000111100) (74) (60) (3C)   ;(11111001100) (3714) (1996) (7CC)   ;(11111001000) (3710) (1992) (7C8)   ;(00011010110) (326) (214) (D6)   ;(00000100010) (42) (34) (22)   ;
;1080;(11110100111) (3647) (1959) (7A7)    ;(11110111110) (3676) (1982) (7BE)   ;(11011011001) (3331) (1753) (6D9)   ;(11100001101) (3415) (1805) (70D)   ;(00011101010) (352) (234) (EA)   ;(11110011110) (3636) (1950) (79E)   ;(10111101110) (2756) (1518) (5EE)   ;(00101011011) (533) (347) (15B)   ;
;1088;(00101101101) (555) (365) (16D)    ;(00010000101) (205) (133) (85)   ;(00011001100) (314) (204) (CC)   ;(00010010110) (226) (150) (96)   ;(00100101001) (451) (297) (129)   ;(11100100110) (3446) (1830) (726)   ;(11101010010) (3522) (1874) (752)   ;(00001011010) (132) (90) (5A)   ;
;1096;(11101010000) (3520) (1872) (750)    ;(11101001011) (3513) (1867) (74B)   ;(11100110100) (3464) (1844) (734)   ;(00010100100) (244) (164) (A4)   ;(00001111101) (175) (125) (7D)   ;(11111100011) (3743) (2019) (7E3)   ;(00011101110) (356) (238) (EE)   ;(00101000010) (502) (322) (142)   ;
;1104;(00000101010) (52) (42) (2A)    ;(11011110010) (3362) (1778) (6F2)   ;(00000100100) (44) (36) (24)   ;(00010100011) (243) (163) (A3)   ;(00000100010) (42) (34) (22)   ;(11111111111) (3777) (2047) (7FF)   ;(11111101101) (3755) (2029) (7ED)   ;(11110111101) (3675) (1981) (7BD)   ;
;1112;(11110110100) (3664) (1972) (7B4)    ;(00010000111) (207) (135) (87)   ;(11110001100) (3614) (1932) (78C)   ;(11111011000) (3730) (2008) (7D8)   ;(00010110010) (262) (178) (B2)   ;(11111100100) (3744) (2020) (7E4)   ;(00000011010) (32) (26) (1A)   ;(00001010110) (126) (86) (56)   ;
;1120;(00010001110) (216) (142) (8E)    ;(00100100110) (446) (294) (126)   ;(00110011111) (637) (415) (19F)   ;(00010110000) (260) (176) (B0)   ;(01000010000) (1020) (528) (210)   ;(00100110111) (467) (311) (137)   ;(11110001111) (3617) (1935) (78F)   ;(11111000010) (3702) (1986) (7C2)   ;
;1128;(00000000011) (3) (3) (03)    ;(00000010111) (27) (23) (17)   ;(11100111001) (3471) (1849) (739)   ;(11110011000) (3630) (1944) (798)   ;(00011110111) (367) (247) (F7)   ;(00001000001) (101) (65) (41)   ;(00000100001) (41) (33) (21)   ;(00000110000) (60) (48) (30)   ;
;1136;(00000111011) (73) (59) (3B)    ;(00000101111) (57) (47) (2F)   ;(00000100110) (46) (38) (26)   ;(00001010010) (122) (82) (52)   ;(00000100011) (43) (35) (23)   ;(11010011111) (3237) (1695) (69F)   ;(11011111011) (3373) (1787) (6FB)   ;(00001101111) (157) (111) (6F)   ;
;1144;(00011100001) (341) (225) (E1)    ;(00000110001) (61) (49) (31)   ;(00001110010) (162) (114) (72)   ;(11100110101) (3465) (1845) (735)   ;(11101010111) (3527) (1879) (757)   ;(11110101010) (3652) (1962) (7AA)   ;(10111101101) (2755) (1517) (5ED)   ;(11000000001) (3001) (1537) (601)   ;
;1152;(11101001111) (3517) (1871) (74F)    ;(00001101111) (157) (111) (6F)   ;(00001100110) (146) (102) (66)   ;(11111000100) (3704) (1988) (7C4)   ;(11111101000) (3750) (2024) (7E8)   ;(00000110011) (63) (51) (33)   ;(00001000100) (104) (68) (44)   ;(11101101010) (3552) (1898) (76A)   ;
;1160;(00010101011) (253) (171) (AB)    ;(00100000110) (406) (262) (106)   ;(11110100100) (3644) (1956) (7A4)   ;(00000000011) (3) (3) (03)   ;(00000000010) (2) (2) (02)   ;(00010010011) (223) (147) (93)   ;(00000111001) (71) (57) (39)   ;(00000111110) (76) (62) (3E)   ;
;1168;(00001001111) (117) (79) (4F)    ;(00000100110) (46) (38) (26)   ;(00001010000) (120) (80) (50)   ;(00011000000) (300) (192) (C0)   ;(00001111010) (172) (122) (7A)   ;(00000100101) (45) (37) (25)   ;(11111010000) (3720) (2000) (7D0)   ;(11001001110) (3116) (1614) (64E)   ;
;1176;(11000011101) (3035) (1565) (61D)    ;(00011001010) (312) (202) (CA)   ;(11110101000) (3650) (1960) (7A8)   ;(10110001110) (2616) (1422) (58E)   ;(00011100010) (342) (226) (E2)   ;(00000110011) (63) (51) (33)   ;(00000110110) (66) (54) (36)   ;(00110001101) (615) (397) (18D)   ;
;1184;(00101000010) (502) (322) (142)    ;(00011010010) (322) (210) (D2)   ;(00010100110) (246) (166) (A6)   ;(00000100111) (47) (39) (27)   ;(00000111110) (76) (62) (3E)   ;(11111111110) (3776) (2046) (7FE)   ;(00001000010) (102) (66) (42)   ;(11100001000) (3410) (1800) (708)   ;
;1192;(11110110110) (3666) (1974) (7B6)    ;(11101010001) (3521) (1873) (751)   ;(00000000001) (1) (1) (01)   ;(11111100010) (3742) (2018) (7E2)   ;(00000111100) (74) (60) (3C)   ;(00001000000) (100) (64) (40)   ;(00010000010) (202) (130) (82)   ;(00001111010) (172) (122) (7A)   ;
;1200;(00001001101) (115) (77) (4D)    ;(00000010110) (26) (22) (16)   ;(11111001111) (3717) (1999) (7CF)   ;(11101000100) (3504) (1860) (744)   ;(00001010111) (127) (87) (57)   ;(11101100101) (3545) (1893) (765)   ;(00001111010) (172) (122) (7A)   ;(11101101001) (3551) (1897) (769)   ;
;1208;(00011000011) (303) (195) (C3)    ;(00001110010) (162) (114) (72)   ;(11111101101) (3755) (2029) (7ED)   ;(00000000010) (2) (2) (02)   ;(00001001101) (115) (77) (4D)   ;(00001011000) (130) (88) (58)   ;(00000101110) (56) (46) (2E)   ;(00010010100) (224) (148) (94)   ;
;1216;(11011010000) (3320) (1744) (6D0)    ;(11100000000) (3400) (1792) (700)   ;(00011001110) (316) (206) (CE)   ;(11011011010) (3332) (1754) (6DA)   ;(00000001000) (10) (8) (08)   ;(00010101101) (255) (173) (AD)   ;(00000110001) (61) (49) (31)   ;(00001011011) (133) (91) (5B)   ;
;1224;(11111111101) (3775) (2045) (7FD)    ;(00010010011) (223) (147) (93)   ;(00100010111) (427) (279) (117)   ;(11111010101) (3725) (2005) (7D5)   ;(00000111111) (77) (63) (3F)   ;(00011111011) (373) (251) (FB)   ;(00010011010) (232) (154) (9A)   ;(00001011101) (135) (93) (5D)   ;
;1232;(00001110011) (163) (115) (73)    ;(00000100001) (41) (33) (21)   ;(00000110011) (63) (51) (33)   ;(00000101001) (51) (41) (29)   ;(00001011110) (136) (94) (5E)   ;(00000100101) (45) (37) (25)   ;(11101010100) (3524) (1876) (754)   ;(11111101011) (3753) (2027) (7EB)   ;
;1240;(11101110111) (3567) (1911) (777)    ;(11110010101) (3625) (1941) (795)   ;(00001100000) (140) (96) (60)   ;(00011010000) (320) (208) (D0)   ;(00011010010) (322) (210) (D2)   ;(11111110010) (3762) (2034) (7F2)   ;(00001010111) (127) (87) (57)   ;(00101111011) (573) (379) (17B)   ;
;1248;(00011101100) (354) (236) (EC)    ;(00101100001) (541) (353) (161)   ;(00110010011) (623) (403) (193)   ;(00001101110) (156) (110) (6E)   ;(11110111001) (3671) (1977) (7B9)   ;(00001010010) (122) (82) (52)   ;(00010001011) (213) (139) (8B)   ;(11110000100) (3604) (1924) (784)   ;
;1256;(11110110110) (3666) (1974) (7B6)    ;(00001010101) (125) (85) (55)   ;(11101010010) (3522) (1874) (752)   ;(11111001000) (3710) (1992) (7C8)   ;(00000011011) (33) (27) (1B)   ;(11101101111) (3557) (1903) (76F)   ;(11111110100) (3764) (2036) (7F4)   ;(00010110000) (260) (176) (B0)   ;
;1264;(00000010101) (25) (21) (15)    ;(11111111110) (3776) (2046) (7FE)   ;(11111000100) (3704) (1988) (7C4)   ;(00010001001) (211) (137) (89)   ;(00001110111) (167) (119) (77)   ;(11111101110) (3756) (2030) (7EE)   ;(00011110111) (367) (247) (F7)   ;(00010001010) (212) (138) (8A)   ;
;1272;(00010011000) (230) (152) (98)    ;(00010010110) (226) (150) (96)   ;(00011111110) (376) (254) (FE)   ;(00010100100) (244) (164) (A4)   ;(00010001100) (214) (140) (8C)   ;(00010010010) (222) (146) (92)   ;(11111101100) (3754) (2028) (7EC)   ;(00000001001) (11) (9) (09)   ;
;1280;(11110011011) (3633) (1947) (79B)    ;(00001010000) (120) (80) (50)   ;(11111010001) (3721) (2001) (7D1)   ;(00000100010) (42) (34) (22)   ;(00000001000) (10) (8) (08)   ;(00000010010) (22) (18) (12)   ;(11101010010) (3522) (1874) (752)   ;(00000001000) (10) (8) (08)   ;
;1288;(11110101000) (3650) (1960) (7A8)    ;(11110110110) (3666) (1974) (7B6)   ;(00100100000) (440) (288) (120)   ;(00000110101) (65) (53) (35)   ;(11111010110) (3726) (2006) (7D6)   ;(00000101101) (55) (45) (2D)   ;(00001010110) (126) (86) (56)   ;(00000110101) (65) (53) (35)   ;
;1296;(11110100110) (3646) (1958) (7A6)    ;(11100111111) (3477) (1855) (73F)   ;(00000000000) (0) (0) (00)   ;(00001001100) (114) (76) (4C)   ;(11100110111) (3467) (1847) (737)   ;(11111000101) (3705) (1989) (7C5)   ;(11111111010) (3772) (2042) (7FA)   ;(11101101100) (3554) (1900) (76C)   ;
;1304;(11110001110) (3616) (1934) (78E)    ;(00001101110) (156) (110) (6E)   ;(00001011101) (135) (93) (5D)   ;(11111110000) (3760) (2032) (7F0)   ;(11111010101) (3725) (2005) (7D5)   ;(00001100101) (145) (101) (65)   ;(00000000101) (5) (5) (05)   ;(11110111100) (3674) (1980) (7BC)   ;
;1312;(11111001011) (3713) (1995) (7CB)    ;(11111101101) (3755) (2029) (7ED)   ;(00000001010) (12) (10) (0A)   ;(00001110111) (167) (119) (77)   ;(00001011000) (130) (88) (58)   ;(00000111001) (71) (57) (39)   ;(00010000010) (202) (130) (82)   ;(00010111101) (275) (189) (BD)   ;
;1320;(00011001001) (311) (201) (C9)    ;(00000100000) (40) (32) (20)   ;(00000011110) (36) (30) (1E)   ;(00000001101) (15) (13) (0D)   ;(11111011110) (3736) (2014) (7DE)   ;(11110011110) (3636) (1950) (79E)   ;(11110101001) (3651) (1961) (7A9)   ;(11110010011) (3623) (1939) (793)   ;
;1328;(11011110100) (3364) (1780) (6F4)    ;(11010010110) (3226) (1686) (696)   ;(11111110110) (3766) (2038) (7F6)   ;(00010000010) (202) (130) (82)   ;(00000101101) (55) (45) (2D)   ;(00001100101) (145) (101) (65)   ;(11101111100) (3574) (1916) (77C)   ;(11101101001) (3551) (1897) (769)   ;
;1336;(11111100101) (3745) (2021) (7E5)    ;(00010000100) (204) (132) (84)   ;(11111100111) (3747) (2023) (7E7)   ;(00001001011) (113) (75) (4B)   ;(00010000010) (202) (130) (82)   ;(00010001000) (210) (136) (88)   ;(00010000101) (205) (133) (85)   ;(00001001111) (117) (79) (4F)   ;
;1344;(11111111110) (3776) (2046) (7FE)    ;(00000010001) (21) (17) (11)   ;(00010100001) (241) (161) (A1)   ;(11111101011) (3753) (2027) (7EB)   ;(11110101010) (3652) (1962) (7AA)   ;(00001001000) (110) (72) (48)   ;(00010100111) (247) (167) (A7)   ;(00000001101) (15) (13) (0D)   ;
;1352;(00011011111) (337) (223) (DF)    ;(00101101011) (553) (363) (16B)   ;(11111000000) (3700) (1984) (7C0)   ;(00001111101) (175) (125) (7D)   ;(00110011011) (633) (411) (19B)   ;(00011100011) (343) (227) (E3)   ;(11100101101) (3455) (1837) (72D)   ;(11110000101) (3605) (1925) (785)   ;
;1360;(00001100110) (146) (102) (66)    ;(00011010110) (326) (214) (D6)   ;(00100010111) (427) (279) (117)   ;(11111011111) (3737) (2015) (7DF)   ;(00000011001) (31) (25) (19)   ;(00101100101) (545) (357) (165)   ;(11111111011) (3773) (2043) (7FB)   ;(11101110111) (3567) (1911) (777)   ;
;1368;(00011010101) (325) (213) (D5)    ;(00000110011) (63) (51) (33)   ;(00000110000) (60) (48) (30)   ;(11111011000) (3730) (2008) (7D8)   ;(11110000001) (3601) (1921) (781)   ;(00010010001) (221) (145) (91)   ;(11111101110) (3756) (2030) (7EE)   ;(11110011111) (3637) (1951) (79F)   ;
;1376;(11110101011) (3653) (1963) (7AB)    ;(11110001111) (3617) (1935) (78F)   ;(00010010100) (224) (148) (94)   ;(00000101010) (52) (42) (2A)   ;(11111001001) (3711) (1993) (7C9)   ;(11111011000) (3730) (2008) (7D8)   ;(00000110101) (65) (53) (35)   ;(11101111010) (3572) (1914) (77A)   ;
;1384;(00001001101) (115) (77) (4D)    ;(11111000011) (3703) (1987) (7C3)   ;(11111010010) (3722) (2002) (7D2)   ;(11110110001) (3661) (1969) (7B1)   ;(11110100001) (3641) (1953) (7A1)   ;(11111001010) (3712) (1994) (7CA)   ;(11101110110) (3566) (1910) (776)   ;(11110000011) (3603) (1923) (783)   ;
;1392;(00010100000) (240) (160) (A0)    ;(11110101110) (3656) (1966) (7AE)   ;(11100101110) (3456) (1838) (72E)   ;(00000000100) (4) (4) (04)   ;(11100010000) (3420) (1808) (710)   ;(00010010100) (224) (148) (94)   ;(00100000001) (401) (257) (101)   ;(00001000101) (105) (69) (45)   ;
;1400;(11111010000) (3720) (2000) (7D0)    ;(11100001101) (3415) (1805) (70D)   ;(00011010001) (321) (209) (D1)   ;(11100010011) (3423) (1811) (713)   ;(11011100111) (3347) (1767) (6E7)   ;(00001000100) (104) (68) (44)   ;(00010000010) (202) (130) (82)   ;(11111110010) (3762) (2034) (7F2)   ;
;1408;(00001110010) (162) (114) (72)    ;(00000110110) (66) (54) (36)   ;(11100101111) (3457) (1839) (72F)   ;(00001010111) (127) (87) (57)   ;(11111000000) (3700) (1984) (7C0)   ;(11011110100) (3364) (1780) (6F4)   ;(11110100010) (3642) (1954) (7A2)   ;(00011110110) (366) (246) (F6)   ;
;1416;(11101111110) (3576) (1918) (77E)    ;(00100001000) (410) (264) (108)   ;(00011101011) (353) (235) (EB)   ;(11010110010) (3262) (1714) (6B2)   ;(00010111000) (270) (184) (B8)   ;(11111010100) (3724) (2004) (7D4)   ;(11011111001) (3371) (1785) (6F9)   ;(00011010000) (320) (208) (D0)   ;
;1424;(11111111001) (3771) (2041) (7F9)    ;(11110110001) (3661) (1969) (7B1)   ;(11100110001) (3461) (1841) (731)   ;(11100101010) (3452) (1834) (72A)   ;(11011101011) (3353) (1771) (6EB)   ;(11101100100) (3544) (1892) (764)   ;(11111000010) (3702) (1986) (7C2)   ;(11100111111) (3477) (1855) (73F)   ;
;1432;(11101111010) (3572) (1914) (77A)    ;(00010011100) (234) (156) (9C)   ;(00000101110) (56) (46) (2E)   ;(00001111011) (173) (123) (7B)   ;(00010100000) (240) (160) (A0)   ;(11010011101) (3235) (1693) (69D)   ;(00011101001) (351) (233) (E9)   ;(11111110011) (3763) (2035) (7F3)   ;
;1440;(11011111001) (3371) (1785) (6F9)    ;(11111110010) (3762) (2034) (7F2)   ;(00001010011) (123) (83) (53)   ;(11110101110) (3656) (1966) (7AE)   ;(00000001110) (16) (14) (0E)   ;(11010010101) (3225) (1685) (695)   ;(11011010000) (3320) (1744) (6D0)   ;(11110010100) (3624) (1940) (794)   ;
;1448;(10111100111) (2747) (1511) (5E7)    ;(00011100110) (346) (230) (E6)   ;(11111101010) (3752) (2026) (7EA)   ;(00010011000) (230) (152) (98)   ;(11110100001) (3641) (1953) (7A1)   ;(11101101100) (3554) (1900) (76C)   ;(00010001101) (215) (141) (8D)   ;(00011100110) (346) (230) (E6)   ;
;1456;(00000011010) (32) (26) (1A)    ;(00011000100) (304) (196) (C4)   ;(11111001000) (3710) (1992) (7C8)   ;(11101111100) (3574) (1916) (77C)   ;(11100111001) (3471) (1849) (739)   ;(00001011000) (130) (88) (58)   ;(11011011011) (3333) (1755) (6DB)   ;(00010011010) (232) (154) (9A)   ;
;1464;(00010101111) (257) (175) (AF)    ;(00001010111) (127) (87) (57)   ;(00011011111) (337) (223) (DF)   ;(11110111001) (3671) (1977) (7B9)   ;(00011000001) (301) (193) (C1)   ;(11111110011) (3763) (2035) (7F3)   ;(11110010010) (3622) (1938) (792)   ;(00101011001) (531) (345) (159)   ;
;1472;(11111010110) (3726) (2006) (7D6)    ;(11101110010) (3562) (1906) (772)   ;(01000111101) (1075) (573) (23D)   ;(11101001101) (3515) (1869) (74D)   ;(11101010001) (3521) (1873) (751)   ;(00001110100) (164) (116) (74)   ;(11010010011) (3223) (1683) (693)   ;(11100101100) (3454) (1836) (72C)   ;
;1480;(00000101000) (50) (40) (28)    ;(11010001101) (3215) (1677) (68D)   ;(11110000001) (3601) (1921) (781)   ;(00010101010) (252) (170) (AA)   ;(11100100110) (3446) (1830) (726)   ;(00000100010) (42) (34) (22)   ;(11111000110) (3706) (1990) (7C6)   ;(11101100100) (3544) (1892) (764)   ;
;1488;(11111110111) (3767) (2039) (7F7)    ;(00000110001) (61) (49) (31)   ;(11101101000) (3550) (1896) (768)   ;(00001010110) (126) (86) (56)   ;(00001001111) (117) (79) (4F)   ;(11101101110) (3556) (1902) (76E)   ;(11111000001) (3701) (1985) (7C1)   ;(00001001000) (110) (72) (48)   ;
;1496;(11110011001) (3631) (1945) (799)    ;(11101101011) (3553) (1899) (76B)   ;(11111000111) (3707) (1991) (7C7)   ;(11111001111) (3717) (1999) (7CF)   ;(11100111100) (3474) (1852) (73C)   ;(00000011100) (34) (28) (1C)   ;(11111000100) (3704) (1988) (7C4)   ;(11111111001) (3771) (2041) (7F9)   ;
;1504;(00010000101) (205) (133) (85)    ;(11101110000) (3560) (1904) (770)   ;(11101011011) (3533) (1883) (75B)   ;(00000011000) (30) (24) (18)   ;(11101011111) (3537) (1887) (75F)   ;(11110011011) (3633) (1947) (79B)   ;(11111111100) (3774) (2044) (7FC)   ;(00010010011) (223) (147) (93)   ;
;1512;(00000000101) (5) (5) (05)    ;(00001010000) (120) (80) (50)   ;(11110110101) (3665) (1973) (7B5)   ;(11110011000) (3630) (1944) (798)   ;(11110101000) (3650) (1960) (7A8)   ;(11111110101) (3765) (2037) (7F5)   ;(11111101101) (3755) (2029) (7ED)   ;(11110110100) (3664) (1972) (7B4)   ;
;1520;(11111000011) (3703) (1987) (7C3)    ;(11111110000) (3760) (2032) (7F0)   ;(00000010111) (27) (23) (17)   ;(00000111100) (74) (60) (3C)   ;(00001000100) (104) (68) (44)   ;(11111110100) (3764) (2036) (7F4)   ;(00000101011) (53) (43) (2B)   ;(00001000110) (106) (70) (46)   ;
;1528;(11111110010) (3762) (2034) (7F2)    ;(11110111010) (3672) (1978) (7BA)   ;(00010010000) (220) (144) (90)   ;(00010101011) (253) (171) (AB)   ;(00001001010) (112) (74) (4A)   ;(00001101101) (155) (109) (6D)   ;(00100110011) (463) (307) (133)   ;(00011100110) (346) (230) (E6)   ;
;1536;(00000100101) (45) (37) (25)    ;(00100100100) (444) (292) (124)   ;(00001111101) (175) (125) (7D)   ;(00011001101) (315) (205) (CD)   ;(00010010011) (223) (147) (93)   ;(11110101101) (3655) (1965) (7AD)   ;(00000000011) (3) (3) (03)   ;(00101100001) (541) (353) (161)   ;
;1544;(00001011110) (136) (94) (5E)    ;(11111001101) (3715) (1997) (7CD)   ;(11111000111) (3707) (1991) (7C7)   ;(11111010110) (3726) (2006) (7D6)   ;(00000100000) (40) (32) (20)   ;(00000110111) (67) (55) (37)   ;(11110101101) (3655) (1965) (7AD)   ;(11111110111) (3767) (2039) (7F7)   ;
;1552;(11111010000) (3720) (2000) (7D0)    ;(11111010110) (3726) (2006) (7D6)   ;(11110011011) (3633) (1947) (79B)   ;(11100010010) (3422) (1810) (712)   ;(11001001110) (3116) (1614) (64E)   ;(11110001111) (3617) (1935) (78F)   ;(00000010100) (24) (20) (14)   ;(00001110011) (163) (115) (73)   ;
;1560;(11110000101) (3605) (1925) (785)    ;(00010011101) (235) (157) (9D)   ;(11101111101) (3575) (1917) (77D)   ;(11111111101) (3775) (2045) (7FD)   ;(11011101011) (3353) (1771) (6EB)   ;(11011000101) (3305) (1733) (6C5)   ;(00010111001) (271) (185) (B9)   ;(00010100110) (246) (166) (A6)   ;
;1568;(00011011001) (331) (217) (D9)    ;(00101001101) (515) (333) (14D)   ;(11100000101) (3405) (1797) (705)   ;(11101100101) (3545) (1893) (765)   ;(00000000111) (7) (7) (07)   ;(00000101001) (51) (41) (29)   ;(00001001011) (113) (75) (4B)   ;(00011110110) (366) (246) (F6)   ;
;1576;(11110010010) (3622) (1938) (792)    ;(11111100000) (3740) (2016) (7E0)   ;(11111101100) (3754) (2028) (7EC)   ;(11010111101) (3275) (1725) (6BD)   ;(11011011010) (3332) (1754) (6DA)   ;(11101101111) (3557) (1903) (76F)   ;(11010111101) (3275) (1725) (6BD)   ;(11100010010) (3422) (1810) (712)   ;
;1584;(11111001010) (3712) (1994) (7CA)    ;(00000001001) (11) (9) (09)   ;(00010001001) (211) (137) (89)   ;(11110000000) (3600) (1920) (780)   ;(11110110001) (3661) (1969) (7B1)   ;(11110001000) (3610) (1928) (788)   ;(11100111101) (3475) (1853) (73D)   ;(11010100010) (3242) (1698) (6A2)   ;
;1592;(11011001111) (3317) (1743) (6CF)    ;(11111011001) (3731) (2009) (7D9)   ;(00010010011) (223) (147) (93)   ;(11111010110) (3726) (2006) (7D6)   ;(11111001110) (3716) (1998) (7CE)   ;(00000110100) (64) (52) (34)   ;(00010011011) (233) (155) (9B)   ;(00010101110) (256) (174) (AE)   ;
;1600;(00010000101) (205) (133) (85)    ;(00010000001) (201) (129) (81)   ;(00011011011) (333) (219) (DB)   ;(00000001100) (14) (12) (0C)   ;(11111111001) (3771) (2041) (7F9)   ;(00001101011) (153) (107) (6B)   ;(00000010000) (20) (16) (10)   ;(00000011111) (37) (31) (1F)   ;
;1608;(00010100111) (247) (167) (A7)    ;(00011011111) (337) (223) (DF)   ;(00001000111) (107) (71) (47)   ;(00000101100) (54) (44) (2C)   ;(11110100111) (3647) (1959) (7A7)   ;(11100110110) (3466) (1846) (736)   ;(00000010000) (20) (16) (10)   ;(11111110011) (3763) (2035) (7F3)   ;
;1616;(00001110010) (162) (114) (72)    ;(00001111000) (170) (120) (78)   ;(00001001011) (113) (75) (4B)   ;(00000110111) (67) (55) (37)   ;(00000101001) (51) (41) (29)   ;(11100011111) (3437) (1823) (71F)   ;(11111011100) (3734) (2012) (7DC)   ;(00000001010) (12) (10) (0A)   ;
;1624;(00010001100) (214) (140) (8C)    ;(00000111101) (75) (61) (3D)   ;(00001111110) (176) (126) (7E)   ;(11110110110) (3666) (1974) (7B6)   ;(11110111011) (3673) (1979) (7BB)   ;(11101100101) (3545) (1893) (765)   ;(00100100101) (445) (293) (125)   ;(00100111001) (471) (313) (139)   ;
;1632;(00011001010) (312) (202) (CA)    ;(00100111111) (477) (319) (13F)   ;(00110010110) (626) (406) (196)   ;(00000001101) (15) (13) (0D)   ;(11110010110) (3626) (1942) (796)   ;(11111010101) (3725) (2005) (7D5)   ;(11101010101) (3525) (1877) (755)   ;(11111001010) (3712) (1994) (7CA)   ;
;1640;(00000000010) (2) (2) (02)    ;(00001101110) (156) (110) (6E)   ;(11101110101) (3565) (1909) (775)   ;(11011001000) (3310) (1736) (6C8)   ;(11111010101) (3725) (2005) (7D5)   ;(00001001101) (115) (77) (4D)   ;(00011001101) (315) (205) (CD)   ;(00100001011) (413) (267) (10B)   ;
;1648;(11110011001) (3631) (1945) (799)    ;(11111111011) (3773) (2043) (7FB)   ;(11011111010) (3372) (1786) (6FA)   ;(00010110100) (264) (180) (B4)   ;(11111110101) (3765) (2037) (7F5)   ;(00000110111) (67) (55) (37)   ;(00000101010) (52) (42) (2A)   ;(11101100011) (3543) (1891) (763)   ;
;1656;(11110010001) (3621) (1937) (791)    ;(11100001011) (3413) (1803) (70B)   ;(00000101000) (50) (40) (28)   ;(00000100000) (40) (32) (20)   ;(00001011001) (131) (89) (59)   ;(11111000110) (3706) (1990) (7C6)   ;(00000110010) (62) (50) (32)   ;(11111110010) (3762) (2034) (7F2)   ;
;1664;(00001101110) (156) (110) (6E)    ;(11111111011) (3773) (2043) (7FB)   ;(00000000111) (7) (7) (07)   ;(00011001000) (310) (200) (C8)   ;(11110100110) (3646) (1958) (7A6)   ;(00000110000) (60) (48) (30)   ;(11111100110) (3746) (2022) (7E6)   ;(00010011100) (234) (156) (9C)   ;
;1672;(00011011101) (335) (221) (DD)    ;(11111011000) (3730) (2008) (7D8)   ;(00010000111) (207) (135) (87)   ;(00000110110) (66) (54) (36)   ;(11100010100) (3424) (1812) (714)   ;(11101000111) (3507) (1863) (747)   ;(11101101000) (3550) (1896) (768)   ;(11110000110) (3606) (1926) (786)   ;
;1680;(00000010111) (27) (23) (17)    ;(00001011010) (132) (90) (5A)   ;(00000100101) (45) (37) (25)   ;(11111101010) (3752) (2026) (7EA)   ;(00010101000) (250) (168) (A8)   ;(11111011001) (3731) (2009) (7D9)   ;(11110111010) (3672) (1978) (7BA)   ;(00001100101) (145) (101) (65)   ;
;1688;(00000111110) (76) (62) (3E)    ;(00010111000) (270) (184) (B8)   ;(00001110001) (161) (113) (71)   ;(00010001110) (216) (142) (8E)   ;(00010101101) (255) (173) (AD)   ;(00001101111) (157) (111) (6F)   ;(00001111101) (175) (125) (7D)   ;(00001010011) (123) (83) (53)   ;
;1696;(00000001011) (13) (11) (0B)    ;(00001100001) (141) (97) (61)   ;(00011000101) (305) (197) (C5)   ;(00010010000) (220) (144) (90)   ;(00001111001) (171) (121) (79)   ;(00101010101) (525) (341) (155)   ;(11101010010) (3522) (1874) (752)   ;(11110111100) (3674) (1980) (7BC)   ;
;1704;(00001010011) (123) (83) (53)    ;(11111011011) (3733) (2011) (7DB)   ;(11100011100) (3434) (1820) (71C)   ;(00001011101) (135) (93) (5D)   ;(00000111101) (75) (61) (3D)   ;(11111111101) (3775) (2045) (7FD)   ;(11111111001) (3771) (2041) (7F9)   ;(11101111011) (3573) (1915) (77B)   ;
;1712;(11100010100) (3424) (1812) (714)    ;(11111100110) (3746) (2022) (7E6)   ;(11100101101) (3455) (1837) (72D)   ;(11100011100) (3434) (1820) (71C)   ;(11010111000) (3270) (1720) (6B8)   ;(11100101111) (3457) (1839) (72F)   ;(00001001111) (117) (79) (4F)   ;(11110001000) (3610) (1928) (788)   ;
;1720;(11110111001) (3671) (1977) (7B9)    ;(11100010010) (3422) (1810) (712)   ;(11101101011) (3553) (1899) (76B)   ;(11110011010) (3632) (1946) (79A)   ;(11100101110) (3456) (1838) (72E)   ;(11111110101) (3765) (2037) (7F5)   ;(00010011111) (237) (159) (9F)   ;(00001111010) (172) (122) (7A)   ;
;1728;(00010010111) (227) (151) (97)    ;(11101110011) (3563) (1907) (773)   ;(11111111101) (3775) (2045) (7FD)   ;(11110100001) (3641) (1953) (7A1)   ;(00000100001) (41) (33) (21)   ;(00000100001) (41) (33) (21)   ;(00001010011) (123) (83) (53)   ;(11110000000) (3600) (1920) (780)   ;
;1736;(00010000110) (206) (134) (86)    ;(00100100010) (442) (290) (122)   ;(11100110110) (3466) (1846) (736)   ;(11111110001) (3761) (2033) (7F1)   ;(11111101010) (3752) (2026) (7EA)   ;(11111111110) (3776) (2046) (7FE)   ;(11110000001) (3601) (1921) (781)   ;(00000000100) (4) (4) (04)   ;
;1744;(00000110111) (67) (55) (37)    ;(00011000111) (307) (199) (C7)   ;(00010110110) (266) (182) (B6)   ;(11111000011) (3703) (1987) (7C3)   ;(11110100000) (3640) (1952) (7A0)   ;(11110000001) (3601) (1921) (781)   ;(11110010110) (3626) (1942) (796)   ;(00000110011) (63) (51) (33)   ;
;1752;(11111001000) (3710) (1992) (7C8)    ;(00010000011) (203) (131) (83)   ;(00001110001) (161) (113) (71)   ;(00000010010) (22) (18) (12)   ;(00000001110) (16) (14) (0E)   ;(00010101010) (252) (170) (AA)   ;(00001011011) (133) (91) (5B)   ;(11101001110) (3516) (1870) (74E)   ;
;1760;(00010000100) (204) (132) (84)    ;(11111101000) (3750) (2024) (7E8)   ;(11111100000) (3740) (2016) (7E0)   ;(11111001110) (3716) (1998) (7CE)   ;(11111001101) (3715) (1997) (7CD)   ;(11111001100) (3714) (1996) (7CC)   ;(00000010011) (23) (19) (13)   ;(00001111010) (172) (122) (7A)   ;
;1768;(11111110001) (3761) (2033) (7F1)    ;(00000100011) (43) (35) (23)   ;(00001001010) (112) (74) (4A)   ;(11110011100) (3634) (1948) (79C)   ;(00000110111) (67) (55) (37)   ;(00000100010) (42) (34) (22)   ;(11111000001) (3701) (1985) (7C1)   ;(11111100111) (3747) (2023) (7E7)   ;
;1776;(00000001011) (13) (11) (0B)    ;(11111010001) (3721) (2001) (7D1)   ;(00000110101) (65) (53) (35)   ;(11110011001) (3631) (1945) (799)   ;(11101111011) (3573) (1915) (77B)   ;(11111100011) (3743) (2019) (7E3)   ;(11111001010) (3712) (1994) (7CA)   ;(00100000011) (403) (259) (103)   ;
;1784;(11001010101) (3125) (1621) (655)    ;(11001110111) (3167) (1655) (677)   ;(11011111010) (3372) (1786) (6FA)   ;(10001011101) (2135) (1117) (45D)   ;(11110111001) (3671) (1977) (7B9)   ;(10101000100) (2504) (1348) (544)   ;(11011111011) (3373) (1787) (6FB)   ;(00011101000) (350) (232) (E8)   ;
;1792;(00011001000) (310) (200) (C8)    ;(11101101010) (3552) (1898) (76A)   ;(11110100101) (3645) (1957) (7A5)   ;(11110010010) (3622) (1938) (792)   ;(11111010011) (3723) (2003) (7D3)   ;(00001001111) (117) (79) (4F)   ;(00011101111) (357) (239) (EF)   ;(00000010111) (27) (23) (17)   ;
;1800;(00011100101) (345) (229) (E5)    ;(00001010110) (126) (86) (56)   ;(00010100000) (240) (160) (A0)   ;(00011010101) (325) (213) (D5)   ;(00001000111) (107) (71) (47)   ;(00010110010) (262) (178) (B2)   ;(11111000100) (3704) (1988) (7C4)   ;(11110111010) (3672) (1978) (7BA)   ;
;1808;(00000011100) (34) (28) (1C)    ;(00001010000) (120) (80) (50)   ;(00011001010) (312) (202) (CA)   ;(00001001110) (116) (78) (4E)   ;(11110110100) (3664) (1972) (7B4)   ;(11111000100) (3704) (1988) (7C4)   ;(00010100101) (245) (165) (A5)   ;(11111100101) (3745) (2021) (7E5)   ;
;1816;(00000001010) (12) (10) (0A)    ;(11101100100) (3544) (1892) (764)   ;(00001110011) (163) (115) (73)   ;(00100000111) (407) (263) (107)   ;(00000000100) (4) (4) (04)   ;(11111000001) (3701) (1985) (7C1)   ;(11110000001) (3601) (1921) (781)   ;(00000110111) (67) (55) (37)   ;
;1824;(00000110110) (66) (54) (36)    ;(11011001001) (3311) (1737) (6C9)   ;(00010010010) (222) (146) (92)   ;(00101001001) (511) (329) (149)   ;(00001111111) (177) (127) (7F)   ;(00000101001) (51) (41) (29)   ;(11111011010) (3732) (2010) (7DA)   ;(11101100111) (3547) (1895) (767)   ;
;1832;(11110100001) (3641) (1953) (7A1)    ;(11101100100) (3544) (1892) (764)   ;(00000100001) (41) (33) (21)   ;(00010011110) (236) (158) (9E)   ;(00011000011) (303) (195) (C3)   ;(00010100101) (245) (165) (A5)   ;(11111010101) (3725) (2005) (7D5)   ;(11100111101) (3475) (1853) (73D)   ;
;1840;(11111010100) (3724) (2004) (7D4)    ;(11101001100) (3514) (1868) (74C)   ;(11100101000) (3450) (1832) (728)   ;(00010011001) (231) (153) (99)   ;(00001110010) (162) (114) (72)   ;(00000101010) (52) (42) (2A)   ;(11110111110) (3676) (1982) (7BE)   ;(11110101010) (3652) (1962) (7AA)   ;
;1848;(00000101100) (54) (44) (2C)    ;(11101010111) (3527) (1879) (757)   ;(11010011100) (3234) (1692) (69C)   ;(11001001100) (3114) (1612) (64C)   ;(11111000000) (3700) (1984) (7C0)   ;(11110000000) (3600) (1920) (780)   ;(11100001101) (3415) (1805) (70D)   ;(00010110111) (267) (183) (B7)   ;
;1856;(11111101001) (3751) (2025) (7E9)    ;(11111001110) (3716) (1998) (7CE)   ;(11110111110) (3676) (1982) (7BE)   ;(00000111110) (76) (62) (3E)   ;(11101010110) (3526) (1878) (756)   ;(00001100011) (143) (99) (63)   ;(00001100111) (147) (103) (67)   ;(11111111110) (3776) (2046) (7FE)   ;
;1864;(00000001000) (10) (8) (08)    ;(00001001011) (113) (75) (4B)   ;(00000000111) (7) (7) (07)   ;(00011001101) (315) (205) (CD)   ;(00001011000) (130) (88) (58)   ;(11111110001) (3761) (2033) (7F1)   ;(00011000110) (306) (198) (C6)   ;(00001010000) (120) (80) (50)   ;
;1872;(00000011101) (35) (29) (1D)    ;(00001010111) (127) (87) (57)   ;(11110010111) (3627) (1943) (797)   ;(11110100010) (3642) (1954) (7A2)   ;(00001100101) (145) (101) (65)   ;(00001010111) (127) (87) (57)   ;(00000111110) (76) (62) (3E)   ;(00000011010) (32) (26) (1A)   ;
;1880;(11110110110) (3666) (1974) (7B6)    ;(00000101010) (52) (42) (2A)   ;(00001011011) (133) (91) (5B)   ;(00000000001) (1) (1) (01)   ;(11101100010) (3542) (1890) (762)   ;(00001011011) (133) (91) (5B)   ;(00001000110) (106) (70) (46)   ;(00001001001) (111) (73) (49)   ;
;1888;(11110101000) (3650) (1960) (7A8)    ;(00000110111) (67) (55) (37)   ;(00010011111) (237) (159) (9F)   ;(00010001101) (215) (141) (8D)   ;(11111111111) (3777) (2047) (7FF)   ;(00000010010) (22) (18) (12)   ;(00001010100) (124) (84) (54)   ;(00001111110) (176) (126) (7E)   ;
;1896;(11111000100) (3704) (1988) (7C4)    ;(00000000000) (0) (0) (00)   ;(11110000010) (3602) (1922) (782)   ;(11110000111) (3607) (1927) (787)   ;(11101111011) (3573) (1915) (77B)   ;(11110111011) (3673) (1979) (7BB)   ;(11110100100) (3644) (1956) (7A4)   ;(11110100001) (3641) (1953) (7A1)   ;
;1904;(11101010001) (3521) (1873) (751)    ;(11111000010) (3702) (1986) (7C2)   ;(00000010010) (22) (18) (12)   ;(11110111010) (3672) (1978) (7BA)   ;(11110110101) (3665) (1973) (7B5)   ;(11111010101) (3725) (2005) (7D5)   ;(00001000001) (101) (65) (41)   ;(00000101001) (51) (41) (29)   ;
;1912;(11111101010) (3752) (2026) (7EA)    ;(00000111101) (75) (61) (3D)   ;(11111111100) (3774) (2044) (7FC)   ;(00001110010) (162) (114) (72)   ;(00001010101) (125) (85) (55)   ;(00001011010) (132) (90) (5A)   ;(11110011110) (3636) (1950) (79E)   ;(11111101010) (3752) (2026) (7EA)   ;
;1920;(00010111011) (273) (187) (BB)    ;(11110110100) (3664) (1972) (7B4)   ;(11111110110) (3766) (2038) (7F6)   ;(11111101110) (3756) (2030) (7EE)   ;(00001111000) (170) (120) (78)   ;(00001110111) (167) (119) (77)   ;(00000010010) (22) (18) (12)   ;(11101101110) (3556) (1902) (76E)   ;
;1928;(11111000011) (3703) (1987) (7C3)    ;(00011000101) (305) (197) (C5)   ;(11101001101) (3515) (1869) (74D)   ;(11101101000) (3550) (1896) (768)   ;(00001001110) (116) (78) (4E)   ;(00010001110) (216) (142) (8E)   ;(00000111110) (76) (62) (3E)   ;(00010000100) (204) (132) (84)   ;
;1936;(11011001011) (3313) (1739) (6CB)    ;(11110001110) (3616) (1934) (78E)   ;(00001000010) (102) (66) (42)   ;(11110101001) (3651) (1961) (7A9)   ;(11111011000) (3730) (2008) (7D8)   ;(00001000000) (100) (64) (40)   ;(00000100001) (41) (33) (21)   ;(00001101011) (153) (107) (6B)   ;
;1944;(00010010101) (225) (149) (95)    ;(11110010001) (3621) (1937) (791)   ;(00001101011) (153) (107) (6B)   ;(00011011011) (333) (219) (DB)   ;(00000110111) (67) (55) (37)   ;(00001001010) (112) (74) (4A)   ;(00010000011) (203) (131) (83)   ;(00001001101) (115) (77) (4D)   ;
;1952;(00001000000) (100) (64) (40)    ;(00000011100) (34) (28) (1C)   ;(00001000111) (107) (71) (47)   ;(00000101110) (56) (46) (2E)   ;(11110001001) (3611) (1929) (789)   ;(00000100000) (40) (32) (20)   ;(11111110101) (3765) (2037) (7F5)   ;(00000001001) (11) (9) (09)   ;
;1960;(11111110101) (3765) (2037) (7F5)    ;(11110110100) (3664) (1972) (7B4)   ;(11111111111) (3777) (2047) (7FF)   ;(00000100000) (40) (32) (20)   ;(00000101100) (54) (44) (2C)   ;(00001010100) (124) (84) (54)   ;(00000010110) (26) (22) (16)   ;(00001000010) (102) (66) (42)   ;
;1968;(11110101111) (3657) (1967) (7AF)    ;(00000001111) (17) (15) (0F)   ;(11111010001) (3721) (2001) (7D1)   ;(11110111000) (3670) (1976) (7B8)   ;(00001110110) (166) (118) (76)   ;(00001100010) (142) (98) (62)   ;(00001010101) (125) (85) (55)   ;(00000010101) (25) (21) (15)   ;
;1976;(11111101010) (3752) (2026) (7EA)    ;(11101001100) (3514) (1868) (74C)   ;(00001010101) (125) (85) (55)   ;(00001001111) (117) (79) (4F)   ;(00000011011) (33) (27) (1B)   ;(11111001101) (3715) (1997) (7CD)   ;(00000101111) (57) (47) (2F)   ;(00001000001) (101) (65) (41)   ;
;1984;(11111011010) (3732) (2010) (7DA)    ;(00001011000) (130) (88) (58)   ;(11110011010) (3632) (1946) (79A)   ;(00001000110) (106) (70) (46)   ;(00000111111) (77) (63) (3F)   ;(11101111011) (3573) (1915) (77B)   ;(00000101111) (57) (47) (2F)   ;(00000100101) (45) (37) (25)   ;
;1992;(00001000100) (104) (68) (44)    ;(11011110010) (3362) (1778) (6F2)   ;(11001110101) (3165) (1653) (675)   ;(11001000101) (3105) (1605) (645)   ;(11111000110) (3706) (1990) (7C6)   ;(11101101001) (3551) (1897) (769)   ;(11010110100) (3264) (1716) (6B4)   ;(00001110101) (165) (117) (75)   ;
;2000;(00001011111) (137) (95) (5F)    ;(00000100100) (44) (36) (24)   ;(00000111001) (71) (57) (39)   ;(11101001101) (3515) (1869) (74D)   ;(11011101100) (3354) (1772) (6EC)   ;(11111101001) (3751) (2025) (7E9)   ;(11110110010) (3662) (1970) (7B2)   ;(11111100001) (3741) (2017) (7E1)   ;
;2008;(00001101011) (153) (107) (6B)    ;(00001010010) (122) (82) (52)   ;(00000101101) (55) (45) (2D)   ;(11111000010) (3702) (1986) (7C2)   ;(11110110000) (3660) (1968) (7B0)   ;(11101110100) (3564) (1908) (774)   ;(11101111100) (3574) (1916) (77C)   ;(11110001101) (3615) (1933) (78D)   ;
;2016;(11110011001) (3631) (1945) (799)    ;(11111101111) (3757) (2031) (7EF)   ;(00000100011) (43) (35) (23)   ;(00000110000) (60) (48) (30)   ;(00001110011) (163) (115) (73)   ;(00001000110) (106) (70) (46)   ;(00010001001) (211) (137) (89)   ;(00000010001) (21) (17) (11)   ;
;2024;(00000101100) (54) (44) (2C)    ;(00000010111) (27) (23) (17)   ;(11110100101) (3645) (1957) (7A5)   ;(00001001000) (110) (72) (48)   ;(00001111001) (171) (121) (79)   ;(11110000110) (3606) (1926) (786)   ;(00001001010) (112) (74) (4A)   ;(00000110110) (66) (54) (36)   ;
;2032;(11110000100) (3604) (1924) (784)    ;(11111100110) (3746) (2022) (7E6)   ;(00001000100) (104) (68) (44)   ;(11111010010) (3722) (2002) (7D2)   ;(11110011111) (3637) (1951) (79F)   ;(00001000010) (102) (66) (42)   ;(11110110110) (3666) (1974) (7B6)   ;(00000100110) (46) (38) (26)   ;
;2040;(00001100111) (147) (103) (67)    ;(11110001001) (3611) (1929) (789)   ;(11110100001) (3641) (1953) (7A1)   ;(11111101001) (3751) (2025) (7E9)   ;(00010011001) (231) (153) (99)   ;(11110110101) (3665) (1973) (7B5)   ;(11111011101) (3735) (2013) (7DD)   ;(00000110101) (65) (53) (35)   ;
;2048;(11111000111) (3707) (1991) (7C7)    ;(11111010011) (3723) (2003) (7D3)   ;(11111100111) (3747) (2023) (7E7)   ;(00000001101) (15) (13) (0D)   ;(11110010110) (3626) (1942) (796)   ;(11101100010) (3542) (1890) (762)   ;(11110010111) (3627) (1943) (797)   ;(11111010000) (3720) (2000) (7D0)   ;
;2056;(11101101000) (3550) (1896) (768)    ;(00000001101) (15) (13) (0D)   ;(00001000101) (105) (69) (45)   ;(00001100011) (143) (99) (63)   ;(11111000110) (3706) (1990) (7C6)   ;(11111010000) (3720) (2000) (7D0)   ;(00001001101) (115) (77) (4D)   ;(00000101101) (55) (45) (2D)   ;
;2064;(11101001011) (3513) (1867) (74B)    ;(00000101111) (57) (47) (2F)   ;(00001111110) (176) (126) (7E)   ;(00000000100) (4) (4) (04)   ;(11111101011) (3753) (2027) (7EB)   ;(11110110001) (3661) (1969) (7B1)   ;(11111011000) (3730) (2008) (7D8)   ;(00010000010) (202) (130) (82)   ;
;2072;(11111000010) (3702) (1986) (7C2)    ;(11101111000) (3570) (1912) (778)   ;(00001100010) (142) (98) (62)   ;(00000110100) (64) (52) (34)   ;(11110111110) (3676) (1982) (7BE)   ;(00001010000) (120) (80) (50)   ;(11111111011) (3773) (2043) (7FB)   ;(00001010011) (123) (83) (53)   ;
;2080;(00001011101) (135) (93) (5D)    ;(00010000100) (204) (132) (84)   ;(11111101101) (3755) (2029) (7ED)   ;(11111100010) (3742) (2018) (7E2)   ;(00000100111) (47) (39) (27)   ;(00001000000) (100) (64) (40)   ;(00000000010) (2) (2) (02)   ;(00001011010) (132) (90) (5A)   ;
;2088;(00010110100) (264) (180) (B4)    ;(11111101000) (3750) (2024) (7E8)   ;(00010111101) (275) (189) (BD)   ;(00010011011) (233) (155) (9B)   ;(11111111000) (3770) (2040) (7F8)   ;(00000110010) (62) (50) (32)   ;(00011100000) (340) (224) (E0)   ;(11110000111) (3607) (1927) (787)   ;
;2096;(00000101100) (54) (44) (2C)    ;(00001000000) (100) (64) (40)   ;(11101111011) (3573) (1915) (77B)   ;(00000011101) (35) (29) (1D)   ;(00000011010) (32) (26) (1A)   ;(00000001100) (14) (12) (0C)   ;(00001110010) (162) (114) (72)   ;(00000001100) (14) (12) (0C)   ;
;2104;(11110010101) (3625) (1941) (795)    ;(11110001100) (3614) (1932) (78C)   ;(11111011001) (3731) (2009) (7D9)   ;(11110100100) (3644) (1956) (7A4)   ;(00000001011) (13) (11) (0B)   ;(00000001010) (12) (10) (0A)   ;(11110101011) (3653) (1963) (7AB)   ;(11111101101) (3755) (2029) (7ED)   ;
;2112;(00000001101) (15) (13) (0D)    ;(11101110101) (3565) (1909) (775)   ;(11011010111) (3327) (1751) (6D7)   ;(00000011000) (30) (24) (18)   ;(00010001000) (210) (136) (88)   ;(00000101101) (55) (45) (2D)   ;(00001110001) (161) (113) (71)   ;(00001111011) (173) (123) (7B)   ;
;2120;(00000110101) (65) (53) (35)    ;(00001100111) (147) (103) (67)   ;(00001010001) (121) (81) (51)   ;(00000100110) (46) (38) (26)   ;(11111100000) (3740) (2016) (7E0)   ;(11110110101) (3665) (1973) (7B5)   ;(00000011000) (30) (24) (18)   ;(00000111110) (76) (62) (3E)   ;
;2128;(00000011100) (34) (28) (1C)    ;(11111111111) (3777) (2047) (7FF)   ;(11111010001) (3721) (2001) (7D1)   ;(00000010000) (20) (16) (10)   ;(11101010011) (3523) (1875) (753)   ;(00000101010) (52) (42) (2A)   ;(00000010111) (27) (23) (17)   ;(11111001010) (3712) (1994) (7CA)   ;
;2136;(11111100110) (3746) (2022) (7E6)    ;(11110110101) (3665) (1973) (7B5)   ;(11101110110) (3566) (1910) (776)   ;(00000110101) (65) (53) (35)   ;(00001001111) (117) (79) (4F)   ;(11101101101) (3555) (1901) (76D)   ;(11110011001) (3631) (1945) (799)   ;(00000101001) (51) (41) (29)   ;
;2144;(00000111101) (75) (61) (3D)    ;(11111101111) (3757) (2031) (7EF)   ;(00001010001) (121) (81) (51)   ;(11111010110) (3726) (2006) (7D6)   ;(11101111111) (3577) (1919) (77F)   ;(11111110011) (3763) (2035) (7F3)   ;(11110101001) (3651) (1961) (7A9)   ;(11101001011) (3513) (1867) (74B)   ;
;2152;(00000110011) (63) (51) (33)    ;(11111100010) (3742) (2018) (7E2)   ;(00010000101) (205) (133) (85)   ;(11101111100) (3574) (1916) (77C)   ;(00000001010) (12) (10) (0A)   ;(00000010111) (27) (23) (17)   ;(11111101110) (3756) (2030) (7EE)   ;(11101001010) (3512) (1866) (74A)   ;
;2160;(11101101110) (3556) (1902) (76E)    ;(00000100111) (47) (39) (27)   ;(11111100110) (3746) (2022) (7E6)   ;(11110010000) (3620) (1936) (790)   ;(11110101100) (3654) (1964) (7AC)   ;(11111010101) (3725) (2005) (7D5)   ;(11111111000) (3770) (2040) (7F8)   ;(11110011101) (3635) (1949) (79D)   ;
;2168;(11111101011) (3753) (2027) (7EB)    ;(00011000111) (307) (199) (C7)   ;(00000100110) (46) (38) (26)   ;(00010000010) (202) (130) (82)   ;(11111011110) (3736) (2014) (7DE)   ;(00001011111) (137) (95) (5F)   ;(11111110111) (3767) (2039) (7F7)   ;(11111101100) (3754) (2028) (7EC)   ;
;2176;(11111010101) (3725) (2005) (7D5)    ;(11111101000) (3750) (2024) (7E8)   ;(00000010111) (27) (23) (17)   ;(00001000000) (100) (64) (40)   ;(00001010011) (123) (83) (53)   ;(11111110010) (3762) (2034) (7F2)   ;(00000001100) (14) (12) (0C)   ;(11111101110) (3756) (2030) (7EE)   ;
;2184;(11111111100) (3774) (2044) (7FC)    ;(00010010101) (225) (149) (95)   ;(00001110010) (162) (114) (72)   ;(00011100010) (342) (226) (E2)   ;(11111011101) (3735) (2013) (7DD)   ;(00000010110) (26) (22) (16)   ;(11110110010) (3662) (1970) (7B2)   ;(00000000001) (1) (1) (01)   ;
;2192;(11111110000) (3760) (2032) (7F0)    ;(00001001111) (117) (79) (4F)   ;(11110101001) (3651) (1961) (7A9)   ;(00000010100) (24) (20) (14)   ;(11111111001) (3771) (2041) (7F9)   ;(00000010000) (20) (16) (10)   ;(11111110000) (3760) (2032) (7F0)   ;(00001011100) (134) (92) (5C)   ;
;2200;(00001010001) (121) (81) (51)    ;(00010010000) (220) (144) (90)   ;(00001101011) (153) (107) (6B)   ;(11111110101) (3765) (2037) (7F5)   ;(11111111101) (3775) (2045) (7FD)   ;(00001010001) (121) (81) (51)   ;(11110000010) (3602) (1922) (782)   ;(11111111100) (3774) (2044) (7FC)   ;
;2208;(11110110010) (3662) (1970) (7B2)    ;(11111001100) (3714) (1996) (7CC)   ;(11111111100) (3774) (2044) (7FC)   ;(00000011001) (31) (25) (19)   ;(00001101101) (155) (109) (6D)   ;(00010000011) (203) (131) (83)   ;(00010100010) (242) (162) (A2)   ;(00000100010) (42) (34) (22)   ;
;2216;(11110100000) (3640) (1952) (7A0)    ;(11110001100) (3614) (1932) (78C)   ;(00000011010) (32) (26) (1A)   ;(11111011100) (3734) (2012) (7DC)   ;(11110010000) (3620) (1936) (790)   ;(00000001100) (14) (12) (0C)   ;(11110000110) (3606) (1926) (786)   ;(00000111010) (72) (58) (3A)   ;
;2224;(00000111010) (72) (58) (3A)    ;(00000010100) (24) (20) (14)   ;(00000001100) (14) (12) (0C)   ;(00000010001) (21) (17) (11)   ;(11111111000) (3770) (2040) (7F8)   ;(00000001111) (17) (15) (0F)   ;(11111101000) (3750) (2024) (7E8)   ;(00001011000) (130) (88) (58)   ;
;2232;(00000101011) (53) (43) (2B)    ;(00001100001) (141) (97) (61)   ;(00010001100) (214) (140) (8C)   ;(00001011000) (130) (88) (58)   ;(00001010011) (123) (83) (53)   ;(00001000111) (107) (71) (47)   ;(00010000001) (201) (129) (81)   ;(00011101101) (355) (237) (ED)   ;
;2240;(00011110011) (363) (243) (F3)    ;(00000001101) (15) (13) (0D)   ;(11111010011) (3723) (2003) (7D3)   ;(11110100110) (3646) (1958) (7A6)   ;(11111110100) (3764) (2036) (7F4)   ;(11111111010) (3772) (2042) (7FA)   ;(11110011001) (3631) (1945) (799)   ;(00000101111) (57) (47) (2F)   ;
;2248;(00000111100) (74) (60) (3C)    ;(00000011001) (31) (25) (19)   ;(11111110001) (3761) (2033) (7F1)   ;(00001011011) (133) (91) (5B)   ;(11111110001) (3761) (2033) (7F1)   ;(11110011001) (3631) (1945) (799)   ;(11111110011) (3763) (2035) (7F3)   ;(11110101110) (3656) (1966) (7AE)   ;
;2256;(11101111101) (3575) (1917) (77D)    ;(11111100000) (3740) (2016) (7E0)   ;(00000111101) (75) (61) (3D)   ;(00010010101) (225) (149) (95)   ;(00000100100) (44) (36) (24)   ;(11111111100) (3774) (2044) (7FC)   ;(00000100100) (44) (36) (24)   ;(00000111011) (73) (59) (3B)   ;
;2264;(00001011001) (131) (89) (59)    ;(00010010000) (220) (144) (90)   ;(11111111011) (3773) (2043) (7FB)   ;(00001000101) (105) (69) (45)   ;(11111110010) (3762) (2034) (7F2)   ;(11111000010) (3702) (1986) (7C2)   ;(11111000001) (3701) (1985) (7C1)   ;(00000111011) (73) (59) (3B)   ;
;2272;(11110111111) (3677) (1983) (7BF)    ;(00000110100) (64) (52) (34)   ;(00001011100) (134) (92) (5C)   ;(11111110110) (3766) (2038) (7F6)   ;(11111111100) (3774) (2044) (7FC)   ;(00000001111) (17) (15) (0F)   ;(11101010111) (3527) (1879) (757)   ;(00001001000) (110) (72) (48)   ;
;2280;(00000001100) (14) (12) (0C)    ;(00011100100) (344) (228) (E4)   ;(00011001000) (310) (200) (C8)   ;(11111100100) (3744) (2020) (7E4)   ;(00001001111) (117) (79) (4F)   ;(11111001111) (3717) (1999) (7CF)   ;(11111110010) (3762) (2034) (7F2)   ;(11101010011) (3523) (1875) (753)   ;
;2288;(00000110000) (60) (48) (30)    ;(00000111010) (72) (58) (3A)   ;(11111010001) (3721) (2001) (7D1)   ;(11111110101) (3765) (2037) (7F5)   ;(00000110001) (61) (49) (31)   ;(11111110011) (3763) (2035) (7F3)   ;(11110011110) (3636) (1950) (79E)   ;(11111011010) (3732) (2010) (7DA)   ;
;2296;(11101110010) (3562) (1906) (772)    ;(00000111110) (76) (62) (3E)   ;(11101111101) (3575) (1917) (77D)   ;(11111110001) (3761) (2033) (7F1)   ;(11110110011) (3663) (1971) (7B3)   ;(11111000100) (3704) (1988) (7C4)   ;(00001100110) (146) (102) (66)   ;(00000000010) (2) (2) (02)   ;
;2304;(00001100000) (140) (96) (60)    ;(11111101001) (3751) (2025) (7E9)   ;(11111100111) (3747) (2023) (7E7)   ;(11110011100) (3634) (1948) (79C)   ;(11111001110) (3716) (1998) (7CE)   ;(11111110100) (3764) (2036) (7F4)   ;(00000001111) (17) (15) (0F)   ;(11111010100) (3724) (2004) (7D4)   ;
;2312;(00000011011) (33) (27) (1B)    ;(11110010000) (3620) (1936) (790)   ;(11110100110) (3646) (1958) (7A6)   ;(11111001001) (3711) (1993) (7C9)   ;(00001100010) (142) (98) (62)   ;(00000110110) (66) (54) (36)   ;(11111110000) (3760) (2032) (7F0)   ;(11111101010) (3752) (2026) (7EA)   ;
;2320;(00000111000) (70) (56) (38)    ;(11111010111) (3727) (2007) (7D7)   ;(11111101000) (3750) (2024) (7E8)   ;(00000011010) (32) (26) (1A)   ;(00001001011) (113) (75) (4B)   ;(00001100010) (142) (98) (62)   ;(00010000010) (202) (130) (82)   ;(00001101001) (151) (105) (69)   ;
;2328;(11111000011) (3703) (1987) (7C3)    ;(00000110110) (66) (54) (36)   ;(00000111010) (72) (58) (3A)   ;(00001000101) (105) (69) (45)   ;(00010000101) (205) (133) (85)   ;(00001001001) (111) (73) (49)   ;(00000111000) (70) (56) (38)   ;(00000000011) (3) (3) (03)   ;
;2336;(00000001111) (17) (15) (0F)    ;(11111101011) (3753) (2027) (7EB)   ;(00001000111) (107) (71) (47)   ;(00000011101) (35) (29) (1D)   ;(11111101000) (3750) (2024) (7E8)   ;(00000101000) (50) (40) (28)   ;(00000111100) (74) (60) (3C)   ;(00001010111) (127) (87) (57)   ;
;2344;(00000101001) (51) (41) (29)    ;(00001111010) (172) (122) (7A)   ;(11111111001) (3771) (2041) (7F9)   ;(00000010110) (26) (22) (16)   ;(00001111011) (173) (123) (7B)   ;(00001010110) (126) (86) (56)   ;(11100110000) (3460) (1840) (730)   ;(00000011110) (36) (30) (1E)   ;
;2352;(00000100010) (42) (34) (22)    ;(11110101111) (3657) (1967) (7AF)   ;(11110100100) (3644) (1956) (7A4)   ;(00000101100) (54) (44) (2C)   ;(00001011011) (133) (91) (5B)   ;(00010011100) (234) (156) (9C)   ;(11111100101) (3745) (2021) (7E5)   ;(00001110000) (160) (112) (70)   ;
;2360;(00000111100) (74) (60) (3C)    ;(11111110110) (3766) (2038) (7F6)   ;(00001011010) (132) (90) (5A)   ;(00001010010) (122) (82) (52)   ;(11111100010) (3742) (2018) (7E2)   ;(11111000100) (3704) (1988) (7C4)   ;(00000000110) (6) (6) (06)   ;(11110100110) (3646) (1958) (7A6)   ;
;2368;(11110101110) (3656) (1966) (7AE)    ;(11111001101) (3715) (1997) (7CD)   ;(00000010100) (24) (20) (14)   ;(00000111101) (75) (61) (3D)   ;(11111111011) (3773) (2043) (7FB)   ;(00000110110) (66) (54) (36)   ;(00001010010) (122) (82) (52)   ;(11111101000) (3750) (2024) (7E8)   ;
;2376;(11111100010) (3742) (2018) (7E2)    ;(11111100010) (3742) (2018) (7E2)   ;(11111101010) (3752) (2026) (7EA)   ;(00001111001) (171) (121) (79)   ;(11110001001) (3611) (1929) (789)   ;(11110111011) (3673) (1979) (7BB)   ;(00001111111) (177) (127) (7F)   ;(00001111001) (171) (121) (79)   ;
;2384;(11110111010) (3672) (1978) (7BA)    ;(00010101001) (251) (169) (A9)   ;(00000110001) (61) (49) (31)   ;(00001110010) (162) (114) (72)   ;(11111110110) (3766) (2038) (7F6)   ;(00000101001) (51) (41) (29)   ;(11110100111) (3647) (1959) (7A7)   ;(11110000100) (3604) (1924) (784)   ;
;2392;(00000110001) (61) (49) (31)    ;(00000001110) (16) (14) (0E)   ;(11111100001) (3741) (2017) (7E1)   ;(11101101000) (3550) (1896) (768)   ;(11110100111) (3647) (1959) (7A7)   ;(00001000000) (100) (64) (40)   ;(11100010001) (3421) (1809) (711)   ;(11101001110) (3516) (1870) (74E)   ;
;2400;(11110100000) (3640) (1952) (7A0)    ;(00000100110) (46) (38) (26)   ;(11111010001) (3721) (2001) (7D1)   ;(11111111111) (3777) (2047) (7FF)   ;(00000010111) (27) (23) (17)   ;(11111001001) (3711) (1993) (7C9)   ;(11110111011) (3673) (1979) (7BB)   ;(11111110011) (3763) (2035) (7F3)   ;
;2408;(11110011100) (3634) (1948) (79C)    ;(11110001010) (3612) (1930) (78A)   ;(11110011101) (3635) (1949) (79D)   ;(11110110001) (3661) (1969) (7B1)   ;(11110001010) (3612) (1930) (78A)   ;(11111011110) (3736) (2014) (7DE)   ;(11111111000) (3770) (2040) (7F8)   ;(00010001101) (215) (141) (8D)   ;
;2416;(00000001000) (10) (8) (08)    ;(00000000101) (5) (5) (05)   ;(00000101000) (50) (40) (28)   ;(00000101011) (53) (43) (2B)   ;(00001111011) (173) (123) (7B)   ;(00001110010) (162) (114) (72)   ;(00000110000) (60) (48) (30)   ;(00011001101) (315) (205) (CD)   ;
;2424;(00001011000) (130) (88) (58)    ;(00000101110) (56) (46) (2E)   ;(00010010110) (226) (150) (96)   ;(00001010110) (126) (86) (56)   ;(00001001100) (114) (76) (4C)   ;(00001011100) (134) (92) (5C)   ;(00010010001) (221) (145) (91)   ;(00001100010) (142) (98) (62)   ;
;2432;(00001010010) (122) (82) (52)    ;(00010000100) (204) (132) (84)   ;(11111011010) (3732) (2010) (7DA)   ;(00000110000) (60) (48) (30)   ;(00001000111) (107) (71) (47)   ;(00000010110) (26) (22) (16)   ;(11111101010) (3752) (2026) (7EA)   ;(00010000111) (207) (135) (87)   ;
;2440;(00011011110) (336) (222) (DE)    ;(00001011110) (136) (94) (5E)   ;(00010010011) (223) (147) (93)   ;(00010010000) (220) (144) (90)   ;(00000111000) (70) (56) (38)   ;(11111010101) (3725) (2005) (7D5)   ;(00000110101) (65) (53) (35)   ;(00000001101) (15) (13) (0D)   ;
;2448;(00001000011) (103) (67) (43)    ;(11111110010) (3762) (2034) (7F2)   ;(11110011100) (3634) (1948) (79C)   ;(11110001010) (3612) (1930) (78A)   ;(00001010110) (126) (86) (56)   ;(11111101010) (3752) (2026) (7EA)   ;(11110111101) (3675) (1981) (7BD)   ;(00011100000) (340) (224) (E0)   ;
;2456;(00000111101) (75) (61) (3D)    ;(11111000011) (3703) (1987) (7C3)   ;(00000011001) (31) (25) (19)   ;(00000001011) (13) (11) (0B)   ;(00010001100) (214) (140) (8C)   ;(11101110011) (3563) (1907) (773)   ;(11111100011) (3743) (2019) (7E3)   ;(00000000110) (6) (6) (06)   ;
;2464;(11111111100) (3774) (2044) (7FC)    ;(00001101110) (156) (110) (6E)   ;(11110110111) (3667) (1975) (7B7)   ;(11110010101) (3625) (1941) (795)   ;(00000010011) (23) (19) (13)   ;(00001000110) (106) (70) (46)   ;(11110110011) (3663) (1971) (7B3)   ;(11111110001) (3761) (2033) (7F1)   ;
;2472;(11110110100) (3664) (1972) (7B4)    ;(00000010010) (22) (18) (12)   ;(11110001100) (3614) (1932) (78C)   ;(11110010111) (3627) (1943) (797)   ;(11111100100) (3744) (2020) (7E4)   ;(00001000000) (100) (64) (40)   ;(11110000111) (3607) (1927) (787)   ;(11111111111) (3777) (2047) (7FF)   ;
;2480;(00000100101) (45) (37) (25)    ;(11111011111) (3737) (2015) (7DF)   ;(11011111011) (3373) (1787) (6FB)   ;(11110110101) (3665) (1973) (7B5)   ;(11111011001) (3731) (2009) (7D9)   ;(11111101011) (3753) (2027) (7EB)   ;(00000000110) (6) (6) (06)   ;(11110111101) (3675) (1981) (7BD)   ;
;2488;(00000011111) (37) (31) (1F)    ;(00010111111) (277) (191) (BF)   ;(00000101101) (55) (45) (2D)   ;(11101111000) (3570) (1912) (778)   ;(00000011100) (34) (28) (1C)   ;(11111111111) (3777) (2047) (7FF)   ;(00001000010) (102) (66) (42)   ;(00001111101) (175) (125) (7D)   ;
;2496;(11110111101) (3675) (1981) (7BD)    ;(11111000100) (3704) (1988) (7C4)   ;(00000000100) (4) (4) (04)   ;(00000101010) (52) (42) (2A)   ;(00001010100) (124) (84) (54)   ;(00000100000) (40) (32) (20)   ;(11111111001) (3771) (2041) (7F9)   ;(00001000001) (101) (65) (41)   ;
;2504;(00000010111) (27) (23) (17)    ;(11111000110) (3706) (1990) (7C6)   ;(11111100101) (3745) (2021) (7E5)   ;(11111101101) (3755) (2029) (7ED)   ;(00010010111) (227) (151) (97)   ;(11011100101) (3345) (1765) (6E5)   ;(11110111000) (3670) (1976) (7B8)   ;(00001111101) (175) (125) (7D)   ;
;2512;(00000111110) (76) (62) (3E)    ;(00000100111) (47) (39) (27)   ;(00000100101) (45) (37) (25)   ;(11110100101) (3645) (1957) (7A5)   ;(11110100011) (3643) (1955) (7A3)   ;(11111011000) (3730) (2008) (7D8)   ;(11100101010) (3452) (1834) (72A)   ;(11111011000) (3730) (2008) (7D8)   ;
;2520;(11110011110) (3636) (1950) (79E)    ;(00001101001) (151) (105) (69)   ;(00001000011) (103) (67) (43)   ;(00001001001) (111) (73) (49)   ;(00000011100) (34) (28) (1C)   ;(00001100001) (141) (97) (61)   ;(11110110001) (3661) (1969) (7B1)   ;(00000000011) (3) (3) (03)   ;
;2528;(11100110111) (3467) (1847) (737)    ;(11011010101) (3325) (1749) (6D5)   ;(11111011111) (3737) (2015) (7DF)   ;(11111000110) (3706) (1990) (7C6)   ;(00001100001) (141) (97) (61)   ;(00001011010) (132) (90) (5A)   ;(11111010101) (3725) (2005) (7D5)   ;(11101111101) (3575) (1917) (77D)   ;
;2536;(00001110000) (160) (112) (70)    ;(00001010110) (126) (86) (56)   ;(11110110000) (3660) (1968) (7B0)   ;(00000100100) (44) (36) (24)   ;(00001010101) (125) (85) (55)   ;(00010010110) (226) (150) (96)   ;(00010010000) (220) (144) (90)   ;(11110101111) (3657) (1967) (7AF)   ;
;2544;(11111001111) (3717) (1999) (7CF)    ;(00010100110) (246) (166) (A6)   ;(00010001101) (215) (141) (8D)   ;(11111001110) (3716) (1998) (7CE)   ;(00001011101) (135) (93) (5D)   ;(00010100111) (247) (167) (A7)   ;(00000000011) (3) (3) (03)   ;(11111110011) (3763) (2035) (7F3)   ;
;2552;(11111111111) (3777) (2047) (7FF)    ;(11101111011) (3573) (1915) (77B)   ;(11111100001) (3741) (2017) (7E1)   ;(11110001100) (3614) (1932) (78C)   ;(11101011100) (3534) (1884) (75C)   ;(00000111101) (75) (61) (3D)   ;(00000111011) (73) (59) (3B)   ;(00010100001) (241) (161) (A1)   ;
;2560;(11111011111) (3737) (2015) (7DF)    ;(11110010101) (3625) (1941) (795)   ;(11101101101) (3555) (1901) (76D)   ;(11010101101) (3255) (1709) (6AD)   ;(11011110000) (3360) (1776) (6F0)   ;(11111010100) (3724) (2004) (7D4)   ;(00000101110) (56) (46) (2E)   ;(00011110101) (365) (245) (F5)   ;
;2568;(00001000100) (104) (68) (44)    ;(00010010000) (220) (144) (90)   ;(00010110100) (264) (180) (B4)   ;(00000011101) (35) (29) (1D)   ;(00010001111) (217) (143) (8F)   ;(00011001011) (313) (203) (CB)   ;(00001100011) (143) (99) (63)   ;(00001100001) (141) (97) (61)   ;
;2576;(11111100000) (3740) (2016) (7E0)    ;(00001111001) (171) (121) (79)   ;(11111111011) (3773) (2043) (7FB)   ;(00000111011) (73) (59) (3B)   ;(00000011001) (31) (25) (19)   ;(00000100010) (42) (34) (22)   ;(11111011101) (3735) (2013) (7DD)   ;(00001001101) (115) (77) (4D)   ;
;2584;(00001000010) (102) (66) (42)    ;(00010000010) (202) (130) (82)   ;(11111001100) (3714) (1996) (7CC)   ;(00000011110) (36) (30) (1E)   ;(11111001010) (3712) (1994) (7CA)   ;(11110110101) (3665) (1973) (7B5)   ;(11111111001) (3771) (2041) (7F9)   ;(11111010000) (3720) (2000) (7D0)   ;
;2592;(11110100100) (3644) (1956) (7A4)    ;(00000010000) (20) (16) (10)   ;(00000001000) (10) (8) (08)   ;(11110101100) (3654) (1964) (7AC)   ;(11110110001) (3661) (1969) (7B1)   ;(11111001110) (3716) (1998) (7CE)   ;(11100101010) (3452) (1834) (72A)   ;(00000101110) (56) (46) (2E)   ;
;2600;(00001000000) (100) (64) (40)    ;(11100100110) (3446) (1830) (726)   ;(11101011100) (3534) (1884) (75C)   ;(11111100100) (3744) (2020) (7E4)   ;(00000100000) (40) (32) (20)   ;(11110101001) (3651) (1961) (7A9)   ;(11110101000) (3650) (1960) (7A8)   ;(00001001100) (114) (76) (4C)   ;
;2608;(11111100110) (3746) (2022) (7E6)    ;(11111001010) (3712) (1994) (7CA)   ;(00000001000) (10) (8) (08)   ;(11111001101) (3715) (1997) (7CD)   ;(00000010101) (25) (21) (15)   ;(00001100110) (146) (102) (66)   ;(00000011001) (31) (25) (19)   ;(00011010111) (327) (215) (D7)   ;
;2616;(00010100011) (243) (163) (A3)    ;(00010010101) (225) (149) (95)   ;(00011000111) (307) (199) (C7)   ;(00001111110) (176) (126) (7E)   ;(11110101101) (3655) (1965) (7AD)   ;(11101100000) (3540) (1888) (760)   ;(11111000101) (3705) (1989) (7C5)   ;(11111000110) (3706) (1990) (7C6)   ;
;2624;(11111010001) (3721) (2001) (7D1)    ;(00001011111) (137) (95) (5F)   ;(00001001111) (117) (79) (4F)   ;(00000101001) (51) (41) (29)   ;(00001011101) (135) (93) (5D)   ;(00001000001) (101) (65) (41)   ;(00000111000) (70) (56) (38)   ;(11110101101) (3655) (1965) (7AD)   ;
;2632;(11111000101) (3705) (1989) (7C5)    ;(11111111101) (3775) (2045) (7FD)   ;(00000101001) (51) (41) (29)   ;(11110011110) (3636) (1950) (79E)   ;(00000011000) (30) (24) (18)   ;(00001101101) (155) (109) (6D)   ;(11111100100) (3744) (2020) (7E4)   ;(11101000111) (3507) (1863) (747)   ;
;2640;(11111110000) (3760) (2032) (7F0)    ;(00011101001) (351) (233) (E9)   ;(00001010111) (127) (87) (57)   ;(11110000000) (3600) (1920) (780)   ;(00010000100) (204) (132) (84)   ;(00010001110) (216) (142) (8E)   ;(00000010001) (21) (17) (11)   ;(11110110100) (3664) (1972) (7B4)   ;
;2648;(11110001011) (3613) (1931) (78B)    ;(11110110111) (3667) (1975) (7B7)   ;(00010101101) (255) (173) (AD)   ;(00010100100) (244) (164) (A4)   ;(11110100110) (3646) (1958) (7A6)   ;(00001011000) (130) (88) (58)   ;(00001100011) (143) (99) (63)   ;(00001001000) (110) (72) (48)   ;
;2656;(00001001011) (113) (75) (4B)    ;(00001011010) (132) (90) (5A)   ;(00000000000) (0) (0) (00)   ;(00010110111) (267) (183) (B7)   ;(00001110100) (164) (116) (74)   ;(11111111011) (3773) (2043) (7FB)   ;(11101111010) (3572) (1914) (77A)   ;(11110100111) (3647) (1959) (7A7)   ;
;2664;(11111011101) (3735) (2013) (7DD)    ;(00001011000) (130) (88) (58)   ;(11111100110) (3746) (2022) (7E6)   ;(00001010100) (124) (84) (54)   ;(11101101111) (3557) (1903) (76F)   ;(00000110110) (66) (54) (36)   ;(00001100110) (146) (102) (66)   ;(11111110100) (3764) (2036) (7F4)   ;
;2672;(00001000001) (101) (65) (41)    ;(11111100111) (3747) (2023) (7E7)   ;(00000011011) (33) (27) (1B)   ;(11111011011) (3733) (2011) (7DB)   ;(00001011011) (133) (91) (5B)   ;(11111000000) (3700) (1984) (7C0)   ;(11111110110) (3766) (2038) (7F6)   ;(11110010111) (3627) (1943) (797)   ;
;2680;(11111010010) (3722) (2002) (7D2)    ;(00001100111) (147) (103) (67)   ;(00011010101) (325) (213) (D5)   ;(11110000011) (3603) (1923) (783)   ;(11110010111) (3627) (1943) (797)   ;(11111010100) (3724) (2004) (7D4)   ;(00000011000) (30) (24) (18)   ;(00001001001) (111) (73) (49)   ;
;2688;(11101011001) (3531) (1881) (759)    ;(11111110100) (3764) (2036) (7F4)   ;(00000101101) (55) (45) (2D)   ;(11110110011) (3663) (1971) (7B3)   ;(11101010000) (3520) (1872) (750)   ;(00000111011) (73) (59) (3B)   ;(00000111000) (70) (56) (38)   ;(11111100000) (3740) (2016) (7E0)   ;
;2696;(11111100111) (3747) (2023) (7E7)    ;(00000101000) (50) (40) (28)   ;(00001011100) (134) (92) (5C)   ;(11111110001) (3761) (2033) (7F1)   ;(11101100111) (3547) (1895) (767)   ;(00000010111) (27) (23) (17)   ;(00001101100) (154) (108) (6C)   ;(00010010101) (225) (149) (95)   ;
;2704;(00001001001) (111) (73) (49)    ;(00010011111) (237) (159) (9F)   ;(00000010010) (22) (18) (12)   ;(00001010011) (123) (83) (53)   ;(11110111110) (3676) (1982) (7BE)   ;(11111010000) (3720) (2000) (7D0)   ;(11111011011) (3733) (2011) (7DB)   ;(11111000001) (3701) (1985) (7C1)   ;
;2712;(11110100110) (3646) (1958) (7A6)    ;(00001001001) (111) (73) (49)   ;(00001101001) (151) (105) (69)   ;(00010111100) (274) (188) (BC)   ;(00000101111) (57) (47) (2F)   ;(00000010110) (26) (22) (16)   ;(00010111011) (273) (187) (BB)   ;(00001000011) (103) (67) (43)   ;
;2720;(11111101011) (3753) (2027) (7EB)    ;(11110010011) (3623) (1939) (793)   ;(00000100000) (40) (32) (20)   ;(11110101100) (3654) (1964) (7AC)   ;(00001101101) (155) (109) (6D)   ;(00000001001) (11) (9) (09)   ;(11111011100) (3734) (2012) (7DC)   ;(11101010000) (3520) (1872) (750)   ;
;2728;(11111100111) (3747) (2023) (7E7)    ;(11111000011) (3703) (1987) (7C3)   ;(11101101111) (3557) (1903) (76F)   ;(11110110101) (3665) (1973) (7B5)   ;(00000101001) (51) (41) (29)   ;(00001111110) (176) (126) (7E)   ;(00010000001) (201) (129) (81)   ;(00001100111) (147) (103) (67)   ;
;2736;(00000110111) (67) (55) (37)    ;(11111011111) (3737) (2015) (7DF)   ;(00001001100) (114) (76) (4C)   ;(00000100011) (43) (35) (23)   ;(11111001010) (3712) (1994) (7CA)   ;(00001011100) (134) (92) (5C)   ;(11110111111) (3677) (1983) (7BF)   ;(11110111100) (3674) (1980) (7BC)   ;
;2744;(00001000111) (107) (71) (47)    ;(00001010100) (124) (84) (54)   ;(11111100110) (3746) (2022) (7E6)   ;(00000110011) (63) (51) (33)   ;(00011101000) (350) (232) (E8)   ;(00001000010) (102) (66) (42)   ;(11111100011) (3743) (2019) (7E3)   ;(11110111111) (3677) (1983) (7BF)   ;
;2752;(11110100100) (3644) (1956) (7A4)    ;(11111110101) (3765) (2037) (7F5)   ;(00001010010) (122) (82) (52)   ;(00000111000) (70) (56) (38)   ;(11111001110) (3716) (1998) (7CE)   ;(11111011111) (3737) (2015) (7DF)   ;(11111100110) (3746) (2022) (7E6)   ;(11110010110) (3626) (1942) (796)   ;
;2760;(11110111101) (3675) (1981) (7BD)    ;(11110011000) (3630) (1944) (798)   ;(11110110100) (3664) (1972) (7B4)   ;(00001110001) (161) (113) (71)   ;(00001100111) (147) (103) (67)   ;(00010011100) (234) (156) (9C)   ;(11111101110) (3756) (2030) (7EE)   ;(00001110001) (161) (113) (71)   ;
;2768;(11111101010) (3752) (2026) (7EA)    ;(11110101010) (3652) (1962) (7AA)   ;(00000001110) (16) (14) (0E)   ;(00010010001) (221) (145) (91)   ;(00000111100) (74) (60) (3C)   ;(00001100010) (142) (98) (62)   ;(11110111111) (3677) (1983) (7BF)   ;(11110110000) (3660) (1968) (7B0)   ;
;2776;(00001011000) (130) (88) (58)    ;(11101000100) (3504) (1860) (744)   ;(11100010010) (3422) (1810) (712)   ;(11110111111) (3677) (1983) (7BF)   ;(11110000110) (3606) (1926) (786)   ;(11111000011) (3703) (1987) (7C3)   ;(11100111000) (3470) (1848) (738)   ;(11110010101) (3625) (1941) (795)   ;
;2784;(00001001101) (115) (77) (4D)    ;(11110100010) (3642) (1954) (7A2)   ;(00000010001) (21) (17) (11)   ;(00000100001) (41) (33) (21)   ;(00000011110) (36) (30) (1E)   ;(11111101010) (3752) (2026) (7EA)   ;(11110010100) (3624) (1940) (794)   ;(11101110101) (3565) (1909) (775)   ;
;2792;(11111111100) (3774) (2044) (7FC)    ;(11111010001) (3721) (2001) (7D1)   ;(11111010110) (3726) (2006) (7D6)   ;(00001111000) (170) (120) (78)   ;(11110101000) (3650) (1960) (7A8)   ;(00001011001) (131) (89) (59)   ;(00011010101) (325) (213) (D5)   ;(11111110110) (3766) (2038) (7F6)   ;
;2800;(11111111101) (3775) (2045) (7FD)    ;(00000010101) (25) (21) (15)   ;(00000000110) (6) (6) (06)   ;(00001000011) (103) (67) (43)   ;(00000011110) (36) (30) (1E)   ;(00000110101) (65) (53) (35)   ;(00000000011) (3) (3) (03)   ;(11111000010) (3702) (1986) (7C2)   ;
;2808;(00000010100) (24) (20) (14)    ;(00001010000) (120) (80) (50)   ;(00000000000) (0) (0) (00)   ;(11101010100) (3524) (1876) (754)   ;(00000101101) (55) (45) (2D)   ;(11110111110) (3676) (1982) (7BE)   ;(11111110111) (3767) (2039) (7F7)   ;(11110001011) (3613) (1931) (78B)   ;
;2816;(11101001111) (3517) (1871) (74F)    ;(11111011101) (3735) (2013) (7DD)   ;(11111010001) (3721) (2001) (7D1)   ;(11111001101) (3715) (1997) (7CD)   ;(11110111000) (3670) (1976) (7B8)   ;(11111011000) (3730) (2008) (7D8)   ;(00000011110) (36) (30) (1E)   ;(00000001100) (14) (12) (0C)   ;
;2824;(00001101110) (156) (110) (6E)    ;(00010100101) (245) (165) (A5)   ;(00010111001) (271) (185) (B9)   ;(11111101101) (3755) (2029) (7ED)   ;(00000001101) (15) (13) (0D)   ;(11111110110) (3766) (2038) (7F6)   ;(00001010010) (122) (82) (52)   ;(00001110111) (167) (119) (77)   ;
;2832;(00010100011) (243) (163) (A3)    ;(00000110101) (65) (53) (35)   ;(00001010111) (127) (87) (57)   ;(00001001010) (112) (74) (4A)   ;(00000010001) (21) (17) (11)   ;(00000011001) (31) (25) (19)   ;(00010110111) (267) (183) (B7)   ;(11111101011) (3753) (2027) (7EB)   ;
;2840;(00001101010) (152) (106) (6A)    ;(00010100110) (246) (166) (A6)   ;(00000010101) (25) (21) (15)   ;(11111001001) (3711) (1993) (7C9)   ;(11111001101) (3715) (1997) (7CD)   ;(11111111101) (3775) (2045) (7FD)   ;(11111100111) (3747) (2023) (7E7)   ;(11111110011) (3763) (2035) (7F3)   ;
;2848;(00001000001) (101) (65) (41)    ;(00001011001) (131) (89) (59)   ;(11101111001) (3571) (1913) (779)   ;(00000100000) (40) (32) (20)   ;(00000010110) (26) (22) (16)   ;(11101010000) (3520) (1872) (750)   ;(11101111100) (3574) (1916) (77C)   ;(11111011100) (3734) (2012) (7DC)   ;
;2856;(11111010001) (3721) (2001) (7D1)    ;(11110001111) (3617) (1935) (78F)   ;(00000110101) (65) (53) (35)   ;(11111000001) (3701) (1985) (7C1)   ;(11100100111) (3447) (1831) (727)   ;(11011111100) (3374) (1788) (6FC)   ;(11011010001) (3321) (1745) (6D1)   ;(11111010001) (3721) (2001) (7D1)   ;
;2864;(00001101010) (152) (106) (6A)    ;(00000011011) (33) (27) (1B)   ;(11111101101) (3755) (2029) (7ED)   ;(00001011100) (134) (92) (5C)   ;(00000011010) (32) (26) (1A)   ;(11101001011) (3513) (1867) (74B)   ;(11111000010) (3702) (1986) (7C2)   ;(11100011000) (3430) (1816) (718)   ;
;2872;(11110110010) (3662) (1970) (7B2)    ;(00000000110) (6) (6) (06)   ;(00000100111) (47) (39) (27)   ;(11111100010) (3742) (2018) (7E2)   ;(00001111100) (174) (124) (7C)   ;(00001110100) (164) (116) (74)   ;(11110100000) (3640) (1952) (7A0)   ;(11100101011) (3453) (1835) (72B)   ;
;2880;(11101001000) (3510) (1864) (748)    ;(00001001010) (112) (74) (4A)   ;(11111100110) (3746) (2022) (7E6)   ;(11110011100) (3634) (1948) (79C)   ;(00001000010) (102) (66) (42)   ;(00010000001) (201) (129) (81)   ;(11111001101) (3715) (1997) (7CD)   ;(00010011000) (230) (152) (98)   ;
;2888;(00000101111) (57) (47) (2F)    ;(00001001000) (110) (72) (48)   ;(00000000001) (1) (1) (01)   ;(00000001101) (15) (13) (0D)   ;(00001101001) (151) (105) (69)   ;(11111111010) (3772) (2042) (7FA)   ;(11111011110) (3736) (2014) (7DE)   ;(00000011011) (33) (27) (1B)   ;
;2896;(00000111010) (72) (58) (3A)    ;(11110111000) (3670) (1976) (7B8)   ;(00000010111) (27) (23) (17)   ;(11111000001) (3701) (1985) (7C1)   ;(00010000100) (204) (132) (84)   ;(00001100010) (142) (98) (62)   ;(00001010011) (123) (83) (53)   ;(00000001110) (16) (14) (0E)   ;
;2904;(00000011110) (36) (30) (1E)    ;(11111100101) (3745) (2021) (7E5)   ;(11111110111) (3767) (2039) (7F7)   ;(00010000011) (203) (131) (83)   ;(11110000110) (3606) (1926) (786)   ;(11111101011) (3753) (2027) (7EB)   ;(11110111011) (3673) (1979) (7BB)   ;(11111100111) (3747) (2023) (7E7)   ;
;2912;(11101101100) (3554) (1900) (76C)    ;(00001100000) (140) (96) (60)   ;(11111000100) (3704) (1988) (7C4)   ;(11111110111) (3767) (2039) (7F7)   ;(00001011101) (135) (93) (5D)   ;(11111011001) (3731) (2009) (7D9)   ;(11111110001) (3761) (2033) (7F1)   ;(00001010110) (126) (86) (56)   ;
;2920;(00000100101) (45) (37) (25)    ;(00000111111) (77) (63) (3F)   ;(00000110000) (60) (48) (30)   ;(00000110010) (62) (50) (32)   ;(11111000011) (3703) (1987) (7C3)   ;(00000111110) (76) (62) (3E)   ;(00000101111) (57) (47) (2F)   ;(00001100001) (141) (97) (61)   ;
;2928;(11110110110) (3666) (1974) (7B6)    ;(00010001101) (215) (141) (8D)   ;(00001000001) (101) (65) (41)   ;(11110100001) (3641) (1953) (7A1)   ;(00011101111) (357) (239) (EF)   ;(11111100101) (3745) (2021) (7E5)   ;(00000001100) (14) (12) (0C)   ;(11111110011) (3763) (2035) (7F3)   ;
;2936;(00001000001) (101) (65) (41)    ;(00000001100) (14) (12) (0C)   ;(11111111001) (3771) (2041) (7F9)   ;(00000000010) (2) (2) (02)   ;(00001010110) (126) (86) (56)   ;(00000001100) (14) (12) (0C)   ;(00001000111) (107) (71) (47)   ;(00000000111) (7) (7) (07)   ;
;2944;(11111000101) (3705) (1989) (7C5)    ;(11111011101) (3735) (2013) (7DD)   ;(00010011000) (230) (152) (98)   ;(00000010111) (27) (23) (17)   ;(11110010000) (3620) (1936) (790)   ;(00000110010) (62) (50) (32)   ;(11110111100) (3674) (1980) (7BC)   ;(11111010100) (3724) (2004) (7D4)   ;
;2952;(00000100100) (44) (36) (24)    ;(00000110100) (64) (52) (34)   ;(11111010100) (3724) (2004) (7D4)   ;(00000101000) (50) (40) (28)   ;(00000111001) (71) (57) (39)   ;(00000110001) (61) (49) (31)   ;(11110110101) (3665) (1973) (7B5)   ;(00000011101) (35) (29) (1D)   ;
;2960;(00010011110) (236) (158) (9E)    ;(00000110101) (65) (53) (35)   ;(11111111001) (3771) (2041) (7F9)   ;(11110101001) (3651) (1961) (7A9)   ;(11100101110) (3456) (1838) (72E)   ;(11111000010) (3702) (1986) (7C2)   ;(11100110100) (3464) (1844) (734)   ;(11101101110) (3556) (1902) (76E)   ;
;2968;(00010011101) (235) (157) (9D)    ;(00010100100) (244) (164) (A4)   ;(00011011110) (336) (222) (DE)   ;(00000101000) (50) (40) (28)   ;(11101100100) (3544) (1892) (764)   ;(11110010111) (3627) (1943) (797)   ;(00000010010) (22) (18) (12)   ;(11101011111) (3537) (1887) (75F)   ;
;2976;(11100111011) (3473) (1851) (73B)    ;(00011010101) (325) (213) (D5)   ;(00000110110) (66) (54) (36)   ;(11111111011) (3773) (2043) (7FB)   ;(00001010110) (126) (86) (56)   ;(11111011001) (3731) (2009) (7D9)   ;(00001000011) (103) (67) (43)   ;(11111011011) (3733) (2011) (7DB)   ;
;2984;(11111000101) (3705) (1989) (7C5)    ;(00000100000) (40) (32) (20)   ;(11110111011) (3673) (1979) (7BB)   ;(11101001111) (3517) (1871) (74F)   ;(11110100011) (3643) (1955) (7A3)   ;(00000011010) (32) (26) (1A)   ;(00001011001) (131) (89) (59)   ;(11110110000) (3660) (1968) (7B0)   ;
;2992;(11110011110) (3636) (1950) (79E)    ;(11111000010) (3702) (1986) (7C2)   ;(00000101101) (55) (45) (2D)   ;(00000001011) (13) (11) (0B)   ;(00001010101) (125) (85) (55)   ;(00000011100) (34) (28) (1C)   ;(11101011100) (3534) (1884) (75C)   ;(11110011111) (3637) (1951) (79F)   ;
;3000;(11111101010) (3752) (2026) (7EA)    ;(11111010010) (3722) (2002) (7D2)   ;(11110010010) (3622) (1938) (792)   ;(11110001001) (3611) (1929) (789)   ;(11110011111) (3637) (1951) (79F)   ;(11111011000) (3730) (2008) (7D8)   ;(11111010010) (3722) (2002) (7D2)   ;(00000110000) (60) (48) (30)   ;
;3008;(00001010111) (127) (87) (57)    ;(00000110110) (66) (54) (36)   ;(00000101110) (56) (46) (2E)   ;(00010011111) (237) (159) (9F)   ;(00000101001) (51) (41) (29)   ;(11111001111) (3717) (1999) (7CF)   ;(00000000100) (4) (4) (04)   ;(11111100110) (3746) (2022) (7E6)   ;
;3016;(11110111111) (3677) (1983) (7BF)    ;(11101100000) (3540) (1888) (760)   ;(11011110011) (3363) (1779) (6F3)   ;(00000110110) (66) (54) (36)   ;(00000011101) (35) (29) (1D)   ;(11110101010) (3652) (1962) (7AA)   ;(00000100001) (41) (33) (21)   ;(00001110010) (162) (114) (72)   ;
;3024;(11111100100) (3744) (2020) (7E4)    ;(11110101101) (3655) (1965) (7AD)   ;(11111010000) (3720) (2000) (7D0)   ;(11110010001) (3621) (1937) (791)   ;(11111011100) (3734) (2012) (7DC)   ;(00001000011) (103) (67) (43)   ;(00000100111) (47) (39) (27)   ;(00000111110) (76) (62) (3E)   ;
;3032;(00000011101) (35) (29) (1D)    ;(00000011000) (30) (24) (18)   ;(00000010001) (21) (17) (11)   ;(11111101111) (3757) (2031) (7EF)   ;(00001101111) (157) (111) (6F)   ;(00000101111) (57) (47) (2F)   ;(00000110011) (63) (51) (33)   ;(00000101011) (53) (43) (2B)   ;
;3040;(00001111100) (174) (124) (7C)    ;(00001011011) (133) (91) (5B)   ;(00001000101) (105) (69) (45)   ;(11101000011) (3503) (1859) (743)   ;(11110100111) (3647) (1959) (7A7)   ;(11111111101) (3775) (2045) (7FD)   ;(11001001100) (3114) (1612) (64C)   ;(11101000111) (3507) (1863) (747)   ;
;3048;(11101110000) (3560) (1904) (770)    ;(11110101001) (3651) (1961) (7A9)   ;(00000101000) (50) (40) (28)   ;(11110110100) (3664) (1972) (7B4)   ;(00000001010) (12) (10) (0A)   ;(00000110001) (61) (49) (31)   ;(11111011001) (3731) (2009) (7D9)   ;(11111000001) (3701) (1985) (7C1)   ;
;3056;(11101111010) (3572) (1914) (77A)    ;(11110111110) (3676) (1982) (7BE)   ;(11110100100) (3644) (1956) (7A4)   ;(11111101110) (3756) (2030) (7EE)   ;(00000111110) (76) (62) (3E)   ;(11111010011) (3723) (2003) (7D3)   ;(00001011100) (134) (92) (5C)   ;(00001101001) (151) (105) (69)   ;
;3064;(00000000000) (0) (0) (00)    ;(11111000000) (3700) (1984) (7C0)   ;(00000001010) (12) (10) (0A)   ;(00001011001) (131) (89) (59)   ;(11111101110) (3756) (2030) (7EE)   ;(00001110000) (160) (112) (70)   ;(11111100011) (3743) (2019) (7E3)   ;(11111000000) (3700) (1984) (7C0)   ;
;3072;(11110111101) (3675) (1981) (7BD)    ;(11111000101) (3705) (1989) (7C5)   ;(00000100010) (42) (34) (22)   ;(00001111010) (172) (122) (7A)   ;(00001100000) (140) (96) (60)   ;(00000110100) (64) (52) (34)   ;(00010100100) (244) (164) (A4)   ;(00001100000) (140) (96) (60)   ;
;3080;(11111011110) (3736) (2014) (7DE)    ;(11111110111) (3767) (2039) (7F7)   ;(11110011101) (3635) (1949) (79D)   ;(11110111010) (3672) (1978) (7BA)   ;(11111100100) (3744) (2020) (7E4)   ;(11111100110) (3746) (2022) (7E6)   ;(11110000000) (3600) (1920) (780)   ;(00000101101) (55) (45) (2D)   ;
;3088;(11110011001) (3631) (1945) (799)    ;(11111011011) (3733) (2011) (7DB)   ;(11110111000) (3670) (1976) (7B8)   ;(11110100010) (3642) (1954) (7A2)   ;(00000110011) (63) (51) (33)   ;(00000100001) (41) (33) (21)   ;(11110111000) (3670) (1976) (7B8)   ;(00000101010) (52) (42) (2A)   ;
;3096;(00000111001) (71) (57) (39)    ;(00001000110) (106) (70) (46)   ;(11110001000) (3610) (1928) (788)   ;(11100001100) (3414) (1804) (70C)   ;(00001101101) (155) (109) (6D)   ;(00000110000) (60) (48) (30)   ;(00000011101) (35) (29) (1D)   ;(11111101101) (3755) (2029) (7ED)   ;
;3104;(11110111001) (3671) (1977) (7B9)    ;(11111110100) (3764) (2036) (7F4)   ;(00000101011) (53) (43) (2B)   ;(11110110001) (3661) (1969) (7B1)   ;(00000111111) (77) (63) (3F)   ;(11111101111) (3757) (2031) (7EF)   ;(11100001101) (3415) (1805) (70D)   ;(11101101101) (3555) (1901) (76D)   ;
;3112;(00000011010) (32) (26) (1A)    ;(11111011111) (3737) (2015) (7DF)   ;(11110010111) (3627) (1943) (797)   ;(11110110000) (3660) (1968) (7B0)   ;(11111101100) (3754) (2028) (7EC)   ;(11111101101) (3755) (2029) (7ED)   ;(00001110110) (166) (118) (76)   ;(11111111010) (3772) (2042) (7FA)   ;
;3120;(00000101111) (57) (47) (2F)    ;(11101110001) (3561) (1905) (771)   ;(11111001101) (3715) (1997) (7CD)   ;(00000101101) (55) (45) (2D)   ;(00001101011) (153) (107) (6B)   ;(11111110100) (3764) (2036) (7F4)   ;(00000101101) (55) (45) (2D)   ;(00001111111) (177) (127) (7F)   ;
;3128;(00000101001) (51) (41) (29)    ;(00000001010) (12) (10) (0A)   ;(00000101001) (51) (41) (29)   ;(00000111011) (73) (59) (3B)   ;(00001101010) (152) (106) (6A)   ;(11111111010) (3772) (2042) (7FA)   ;(00000000000) (0) (0) (00)   ;(00000111110) (76) (62) (3E)   ;
;3136;(00001000101) (105) (69) (45)    ;(00000100111) (47) (39) (27)   ;(11110011100) (3634) (1948) (79C)   ;(11111001001) (3711) (1993) (7C9)   ;(11111001011) (3713) (1995) (7CB)   ;(11111001010) (3712) (1994) (7CA)   ;(11111101110) (3756) (2030) (7EE)   ;(11111011110) (3736) (2014) (7DE)   ;
;3144;(11110001011) (3613) (1931) (78B)    ;(00010010011) (223) (147) (93)   ;(00010111110) (276) (190) (BE)   ;(00000010010) (22) (18) (12)   ;(11101111111) (3577) (1919) (77F)   ;(11110101010) (3652) (1962) (7AA)   ;(00001000100) (104) (68) (44)   ;(11111011000) (3730) (2008) (7D8)   ;
;3152;(11110010011) (3623) (1939) (793)    ;(11101110010) (3562) (1906) (772)   ;(11110111000) (3670) (1976) (7B8)   ;(11111110011) (3763) (2035) (7F3)   ;(00000100110) (46) (38) (26)   ;(11111100001) (3741) (2017) (7E1)   ;(11111110010) (3762) (2034) (7F2)   ;(11111011000) (3730) (2008) (7D8)   ;
;3160;(11101110010) (3562) (1906) (772)    ;(11101101000) (3550) (1896) (768)   ;(11110110000) (3660) (1968) (7B0)   ;(11011010110) (3326) (1750) (6D6)   ;(11111011111) (3737) (2015) (7DF)   ;(11110101111) (3657) (1967) (7AF)   ;(00000001100) (14) (12) (0C)   ;(11110110111) (3667) (1975) (7B7)   ;
;3168;(00000001101) (15) (13) (0D)    ;(00000000111) (7) (7) (07)   ;(00000100110) (46) (38) (26)   ;(00000101110) (56) (46) (2E)   ;(00001111110) (176) (126) (7E)   ;(00000111010) (72) (58) (3A)   ;(00000000000) (0) (0) (00)   ;(00000110111) (67) (55) (37)   ;
;3176;(00000110100) (64) (52) (34)    ;(11110000000) (3600) (1920) (780)   ;(11110001001) (3611) (1929) (789)   ;(11101101010) (3552) (1898) (76A)   ;(00000010100) (24) (20) (14)   ;(00001001101) (115) (77) (4D)   ;(11111011000) (3730) (2008) (7D8)   ;(00000011110) (36) (30) (1E)   ;
;3184;(11111000010) (3702) (1986) (7C2)    ;(11110101110) (3656) (1966) (7AE)   ;(11110101100) (3654) (1964) (7AC)   ;(11100100001) (3441) (1825) (721)   ;(11100000001) (3401) (1793) (701)   ;(11101100100) (3544) (1892) (764)   ;(00010010011) (223) (147) (93)   ;(00001011111) (137) (95) (5F)   ;
;3192;(11111111101) (3775) (2045) (7FD)    ;(11101111000) (3570) (1912) (778)   ;(11111100110) (3746) (2022) (7E6)   ;(11111110110) (3766) (2038) (7F6)   ;(11011101101) (3355) (1773) (6ED)   ;(11100000010) (3402) (1794) (702)   ;(11110111010) (3672) (1978) (7BA)   ;(00000100110) (46) (38) (26)   ;
;3200;(11110101110) (3656) (1966) (7AE)    ;(11110010100) (3624) (1940) (794)   ;(00001010010) (122) (82) (52)   ;(11111101111) (3757) (2031) (7EF)   ;(11110010011) (3623) (1939) (793)   ;(00000010110) (26) (22) (16)   ;(11110111010) (3672) (1978) (7BA)   ;(00001001001) (111) (73) (49)   ;
;3208;(11111011110) (3736) (2014) (7DE)    ;(00000110010) (62) (50) (32)   ;(11111110011) (3763) (2035) (7F3)   ;(00000010110) (26) (22) (16)   ;(11111110000) (3760) (2032) (7F0)   ;(11011111110) (3376) (1790) (6FE)   ;(11111000011) (3703) (1987) (7C3)   ;(11101101011) (3553) (1899) (76B)   ;
;3216;(11101111100) (3574) (1916) (77C)    ;(11111100010) (3742) (2018) (7E2)   ;(11111011111) (3737) (2015) (7DF)   ;(11110110100) (3664) (1972) (7B4)   ;(11111100011) (3743) (2019) (7E3)   ;(00000101000) (50) (40) (28)   ;(00000100001) (41) (33) (21)   ;(11100011001) (3431) (1817) (719)   ;
;3224;(11101110001) (3561) (1905) (771)    ;(11111100010) (3742) (2018) (7E2)   ;(11111110010) (3762) (2034) (7F2)   ;(11111001101) (3715) (1997) (7CD)   ;(11111010101) (3725) (2005) (7D5)   ;(00001000100) (104) (68) (44)   ;(11111010110) (3726) (2006) (7D6)   ;(11111101011) (3753) (2027) (7EB)   ;
;3232;(11111000010) (3702) (1986) (7C2)    ;(11110111011) (3673) (1979) (7BB)   ;(11111010110) (3726) (2006) (7D6)   ;(11110101110) (3656) (1966) (7AE)   ;(11111001101) (3715) (1997) (7CD)   ;(11111101010) (3752) (2026) (7EA)   ;(11110110011) (3663) (1971) (7B3)   ;(11111110100) (3764) (2036) (7F4)   ;
;3240;(11111101011) (3753) (2027) (7EB)    ;(00000011010) (32) (26) (1A)   ;(11110111001) (3671) (1977) (7B9)   ;(00000111010) (72) (58) (3A)   ;(11101111100) (3574) (1916) (77C)   ;(11110111100) (3674) (1980) (7BC)   ;(00000001100) (14) (12) (0C)   ;(11100111011) (3473) (1851) (73B)   ;
;3248;(00001001010) (112) (74) (4A)    ;(00001011000) (130) (88) (58)   ;(11111000011) (3703) (1987) (7C3)   ;(00000001010) (12) (10) (0A)   ;(00000101010) (52) (42) (2A)   ;(00010000001) (201) (129) (81)   ;(00000101111) (57) (47) (2F)   ;(11111001000) (3710) (1992) (7C8)   ;
;3256;(11110010111) (3627) (1943) (797)    ;(11110010001) (3621) (1937) (791)   ;(11111101000) (3750) (2024) (7E8)   ;(00000101000) (50) (40) (28)   ;(11111110111) (3767) (2039) (7F7)   ;(00001100001) (141) (97) (61)   ;(00010000011) (203) (131) (83)   ;(11111010100) (3724) (2004) (7D4)   ;
;3264;(00000010001) (21) (17) (11)    ;(00000101001) (51) (41) (29)   ;(11111010000) (3720) (2000) (7D0)   ;(11100111101) (3475) (1853) (73D)   ;(11111011011) (3733) (2011) (7DB)   ;(11111001011) (3713) (1995) (7CB)   ;(11111010110) (3726) (2006) (7D6)   ;(00000010010) (22) (18) (12)   ;
;3272;(00000011100) (34) (28) (1C)    ;(11110111100) (3674) (1980) (7BC)   ;(11111111000) (3770) (2040) (7F8)   ;(11111101011) (3753) (2027) (7EB)   ;(00000000001) (1) (1) (01)   ;(11111101101) (3755) (2029) (7ED)   ;(11110100011) (3643) (1955) (7A3)   ;(11110111100) (3674) (1980) (7BC)   ;
;3280;(11111110001) (3761) (2033) (7F1)    ;(11110111110) (3676) (1982) (7BE)   ;(00000011110) (36) (30) (1E)   ;(11111011010) (3732) (2010) (7DA)   ;(11110011111) (3637) (1951) (79F)   ;(00000010111) (27) (23) (17)   ;(00000010100) (24) (20) (14)   ;(11111001101) (3715) (1997) (7CD)   ;
;3288;(11111101001) (3751) (2025) (7E9)    ;(11111111000) (3770) (2040) (7F8)   ;(11111101010) (3752) (2026) (7EA)   ;(00000100111) (47) (39) (27)   ;(11111100111) (3747) (2023) (7E7)   ;(11110111110) (3676) (1982) (7BE)   ;(00000010011) (23) (19) (13)   ;(00000000010) (2) (2) (02)   ;
;3296;(00000000100) (4) (4) (04)    ;(11110110110) (3666) (1974) (7B6)   ;(11111101010) (3752) (2026) (7EA)   ;(00000010010) (22) (18) (12)   ;(11111101100) (3754) (2028) (7EC)   ;(00000100011) (43) (35) (23)   ;(11111110001) (3761) (2033) (7F1)   ;(11110101001) (3651) (1961) (7A9)   ;
;3304;(00000011001) (31) (25) (19)    ;(00000010101) (25) (21) (15)   ;(00000010101) (25) (21) (15)   ;(11111010110) (3726) (2006) (7D6)   ;(11111010011) (3723) (2003) (7D3)   ;(00000010001) (21) (17) (11)   ;(11111010101) (3725) (2005) (7D5)   ;(11110001100) (3614) (1932) (78C)   ;
;3312;(11110101100) (3654) (1964) (7AC)    ;(11111011111) (3737) (2015) (7DF)   ;(11110101110) (3656) (1966) (7AE)   ;(11110100111) (3647) (1959) (7A7)   ;(00000010101) (25) (21) (15)   ;(11110000110) (3606) (1926) (786)   ;(11110111111) (3677) (1983) (7BF)   ;(11111110111) (3767) (2039) (7F7)   ;
;3320;(11110011100) (3634) (1948) (79C)    ;(00000011101) (35) (29) (1D)   ;(00000010100) (24) (20) (14)   ;(11110100000) (3640) (1952) (7A0)   ;(00000100110) (46) (38) (26)   ;(00000110110) (66) (54) (36)   ;(11111000010) (3702) (1986) (7C2)   ;(11111111110) (3776) (2046) (7FE)   ;
;3328;(11110110011) (3663) (1971) (7B3)    ;(00000000111) (7) (7) (07)   ;(00000001000) (10) (8) (08)   ;(11111110001) (3761) (2033) (7F1)   ;(11111011001) (3731) (2009) (7D9)   ;(11111111010) (3772) (2042) (7FA)   ;(11110111111) (3677) (1983) (7BF)   ;(11111010100) (3724) (2004) (7D4)   ;
;3336;(00000100101) (45) (37) (25)    ;(11111110100) (3764) (2036) (7F4)   ;(00000101100) (54) (44) (2C)   ;(11110110100) (3664) (1972) (7B4)   ;(11111000111) (3707) (1991) (7C7)   ;(00000010111) (27) (23) (17)   ;(00000000001) (1) (1) (01)   ;(00000001110) (16) (14) (0E)   ;
;3344;(00000010000) (20) (16) (10)    ;(11110001011) (3613) (1931) (78B)   ;(00000011001) (31) (25) (19)   ;(00000000101) (5) (5) (05)   ;(00000010101) (25) (21) (15)   ;(11110101001) (3651) (1961) (7A9)   ;(11110101001) (3651) (1961) (7A9)   ;(11111010101) (3725) (2005) (7D5)   ;
;3352;(11110110001) (3661) (1969) (7B1)    ;(11111100110) (3746) (2022) (7E6)   ;(00000101101) (55) (45) (2D)   ;(11110110000) (3660) (1968) (7B0)   ;(11111011111) (3737) (2015) (7DF)   ;(11111000101) (3705) (1989) (7C5)   ;(11111111000) (3770) (2040) (7F8)   ;(00000011111) (37) (31) (1F)   ;
;3360;(00000100000) (40) (32) (20)    ;(11110110111) (3667) (1975) (7B7)   ;(00000011011) (33) (27) (1B)   ;(11111110010) (3762) (2034) (7F2)   ;(11110111001) (3671) (1977) (7B9)   ;(11111001011) (3713) (1995) (7CB)   ;(00000100000) (40) (32) (20)   ;(11111111000) (3770) (2040) (7F8)   ;
;3368;(00000001111) (17) (15) (0F)    ;(11111101010) (3752) (2026) (7EA)   ;(11111010111) (3727) (2007) (7D7)   ;(00000001100) (14) (12) (0C)   ;(11110110110) (3666) (1974) (7B6)   ;(11111010111) (3727) (2007) (7D7)   ;(11110101111) (3657) (1967) (7AF)   ;(11111100001) (3741) (2017) (7E1)   ;
;3376;(11111111011) (3773) (2043) (7FB)    ;(11111100100) (3744) (2020) (7E4)   ;(11110100110) (3646) (1958) (7A6)   ;(11111011100) (3734) (2012) (7DC)   ;(11110100000) (3640) (1952) (7A0)   ;(11111000110) (3706) (1990) (7C6)   ;(11110110000) (3660) (1968) (7B0)   ;(11111001101) (3715) (1997) (7CD)   ;
;3384;(00000010101) (25) (21) (15)    ;(00000011011) (33) (27) (1B)   ;(11111011101) (3735) (2013) (7DD)   ;(11111100111) (3747) (2023) (7E7)   ;(11110100101) (3645) (1957) (7A5)   ;(00000000110) (6) (6) (06)   ;(11111001001) (3711) (1993) (7C9)   ;(00000000011) (3) (3) (03)   ;
;3392;(00000101011) (53) (43) (2B)    ;(11111011001) (3731) (2009) (7D9)   ;(11111000110) (3706) (1990) (7C6)   ;(11111000101) (3705) (1989) (7C5)   ;(00000000111) (7) (7) (07)   ;(00000100010) (42) (34) (22)   ;(00000010010) (22) (18) (12)   ;(11111010110) (3726) (2006) (7D6)   ;
;3400;(00000111000) (70) (56) (38)    ;(00000001011) (13) (11) (0B)   ;(00000110000) (60) (48) (30)   ;(11111110010) (3762) (2034) (7F2)   ;(11111101110) (3756) (2030) (7EE)   ;(11110111101) (3675) (1981) (7BD)   ;(00000000001) (1) (1) (01)   ;(11111111101) (3775) (2045) (7FD)   ;
;3408;(11111111011) (3773) (2043) (7FB)    ;(11111001110) (3716) (1998) (7CE)   ;(11111010000) (3720) (2000) (7D0)   ;(00000001111) (17) (15) (0F)   ;(00000001110) (16) (14) (0E)   ;(11111101110) (3756) (2030) (7EE)   ;(00000000100) (4) (4) (04)   ;(00001010000) (120) (80) (50)   ;
;3416;(00000001011) (13) (11) (0B)    ;(00000011100) (34) (28) (1C)   ;(11011110111) (3367) (1783) (6F7)   ;(00000000101) (5) (5) (05)   ;(00001101001) (151) (105) (69)   ;(00001010110) (126) (86) (56)   ;(00000111001) (71) (57) (39)   ;(00000110010) (62) (50) (32)   ;
;3424;(00001100001) (141) (97) (61)    ;(00001000001) (101) (65) (41)   ;(11111010111) (3727) (2007) (7D7)   ;(00000111111) (77) (63) (3F)   ;(00000111100) (74) (60) (3C)   ;(11111000100) (3704) (1988) (7C4)   ;(11011100110) (3346) (1766) (6E6)   ;(11011000110) (3306) (1734) (6C6)   ;
;3432;(11110100000) (3640) (1952) (7A0)    ;(00001111001) (171) (121) (79)   ;(11111111101) (3775) (2045) (7FD)   ;(11111000010) (3702) (1986) (7C2)   ;(11100010100) (3424) (1812) (714)   ;(11110010100) (3624) (1940) (794)   ;(00000101101) (55) (45) (2D)   ;(00000011111) (37) (31) (1F)   ;
;3440;(11110111100) (3674) (1980) (7BC)    ;(11100100101) (3445) (1829) (725)   ;(00001000111) (107) (71) (47)   ;(00000000010) (2) (2) (02)   ;(00000011110) (36) (30) (1E)   ;(11110100000) (3640) (1952) (7A0)   ;(00010000110) (206) (134) (86)   ;(00000100101) (45) (37) (25)   ;
;3448;(11110110100) (3664) (1972) (7B4)    ;(11110110000) (3660) (1968) (7B0)   ;(00000011001) (31) (25) (19)   ;(00000001001) (11) (9) (09)   ;(00001111101) (175) (125) (7D)   ;(00000001111) (17) (15) (0F)   ;(11111010001) (3721) (2001) (7D1)   ;(11111010000) (3720) (2000) (7D0)   ;
;3456;(11111000000) (3700) (1984) (7C0)    ;(11110001010) (3612) (1930) (78A)   ;(11111000000) (3700) (1984) (7C0)   ;(11111111110) (3776) (2046) (7FE)   ;(00001100010) (142) (98) (62)   ;(11111110001) (3761) (2033) (7F1)   ;(11110011010) (3632) (1946) (79A)   ;(00000100011) (43) (35) (23)   ;
;3464;(11111111011) (3773) (2043) (7FB)    ;(11100110111) (3467) (1847) (737)   ;(00001011101) (135) (93) (5D)   ;(00000011101) (35) (29) (1D)   ;(11111001001) (3711) (1993) (7C9)   ;(11111110000) (3760) (2032) (7F0)   ;(11111111000) (3770) (2040) (7F8)   ;(00000000001) (1) (1) (01)   ;
;3472;(00000010111) (27) (23) (17)    ;(11110110011) (3663) (1971) (7B3)   ;(11110011011) (3633) (1947) (79B)   ;(11010010100) (3224) (1684) (694)   ;(11100100111) (3447) (1831) (727)   ;(11100011101) (3435) (1821) (71D)   ;(00001001100) (114) (76) (4C)   ;(00010100100) (244) (164) (A4)   ;
;3480;(11101100110) (3546) (1894) (766)    ;(11111011110) (3736) (2014) (7DE)   ;(11110111001) (3671) (1977) (7B9)   ;(11111111001) (3771) (2041) (7F9)   ;(11101111001) (3571) (1913) (779)   ;(11100110100) (3464) (1844) (734)   ;(11011001101) (3315) (1741) (6CD)   ;(11111111001) (3771) (2041) (7F9)   ;
;3488;(11111111001) (3771) (2041) (7F9)    ;(11011011010) (3332) (1754) (6DA)   ;(00001101101) (155) (109) (6D)   ;(00001011100) (134) (92) (5C)   ;(00000100100) (44) (36) (24)   ;(00001110000) (160) (112) (70)   ;(00000110001) (61) (49) (31)   ;(11111101110) (3756) (2030) (7EE)   ;
;3496;(11111010101) (3725) (2005) (7D5)    ;(00000010000) (20) (16) (10)   ;(11110101111) (3657) (1967) (7AF)   ;(11111101101) (3755) (2029) (7ED)   ;(00000010101) (25) (21) (15)   ;(11110101001) (3651) (1961) (7A9)   ;(00001000010) (102) (66) (42)   ;(11110010110) (3626) (1942) (796)   ;
;3504;(11101101111) (3557) (1903) (76F)    ;(00000010010) (22) (18) (12)   ;(00001100111) (147) (103) (67)   ;(11111100000) (3740) (2016) (7E0)   ;(00001011001) (131) (89) (59)   ;(00000101011) (53) (43) (2B)   ;(00000101101) (55) (45) (2D)   ;(11110010100) (3624) (1940) (794)   ;
;3512;(00000101011) (53) (43) (2B)    ;(11110011000) (3630) (1944) (798)   ;(11111110111) (3767) (2039) (7F7)   ;(11111101110) (3756) (2030) (7EE)   ;(11111111010) (3772) (2042) (7FA)   ;(00000000110) (6) (6) (06)   ;(00000101000) (50) (40) (28)   ;(00000000101) (5) (5) (05)   ;
;3520;(11110011001) (3631) (1945) (799)    ;(11101010111) (3527) (1879) (757)   ;(11111000111) (3707) (1991) (7C7)   ;(00000111110) (76) (62) (3E)   ;(11110110111) (3667) (1975) (7B7)   ;(11111101100) (3754) (2028) (7EC)   ;(00000011111) (37) (31) (1F)   ;(00001001101) (115) (77) (4D)   ;
;3528;(11101010010) (3522) (1874) (752)    ;(11111011101) (3735) (2013) (7DD)   ;(00000011010) (32) (26) (1A)   ;(00000010100) (24) (20) (14)   ;(11100011111) (3437) (1823) (71F)   ;(00000000010) (2) (2) (02)   ;(00000110101) (65) (53) (35)   ;(11110111011) (3673) (1979) (7BB)   ;
;3536;(00001011010) (132) (90) (5A)    ;(00001011000) (130) (88) (58)   ;(11101111110) (3576) (1918) (77E)   ;(00000110010) (62) (50) (32)   ;(00000000110) (6) (6) (06)   ;(11111010101) (3725) (2005) (7D5)   ;(11111110110) (3766) (2038) (7F6)   ;(11110000100) (3604) (1924) (784)   ;
;3544;(00000011111) (37) (31) (1F)    ;(11111001111) (3717) (1999) (7CF)   ;(00000101000) (50) (40) (28)   ;(11111100111) (3747) (2023) (7E7)   ;(11111101100) (3754) (2028) (7EC)   ;(11111100111) (3747) (2023) (7E7)   ;(00000110111) (67) (55) (37)   ;(00000100100) (44) (36) (24)   ;
;3552;(11110010011) (3623) (1939) (793)    ;(00001000001) (101) (65) (41)   ;(00000011000) (30) (24) (18)   ;(11101110110) (3566) (1910) (776)   ;(11111100111) (3747) (2023) (7E7)   ;(00000001100) (14) (12) (0C)   ;(11101111011) (3573) (1915) (77B)   ;(00000011111) (37) (31) (1F)   ;
;3560;(11101001110) (3516) (1870) (74E)    ;(11101011101) (3535) (1885) (75D)   ;(11111111110) (3776) (2046) (7FE)   ;(00000000101) (5) (5) (05)   ;(00010000101) (205) (133) (85)   ;(00000100001) (41) (33) (21)   ;(00000000101) (5) (5) (05)   ;(11111101100) (3754) (2028) (7EC)   ;
;3568;(00010000001) (201) (129) (81)    ;(00001000101) (105) (69) (45)   ;(11111110110) (3766) (2038) (7F6)   ;(00000100011) (43) (35) (23)   ;(00000110001) (61) (49) (31)   ;(00000111111) (77) (63) (3F)   ;(11111111110) (3776) (2046) (7FE)   ;(00001000011) (103) (67) (43)   ;
;3576;(11111010101) (3725) (2005) (7D5)    ;(11110101010) (3652) (1962) (7AA)   ;(11111001111) (3717) (1999) (7CF)   ;(11010010011) (3223) (1683) (693)   ;(11111101010) (3752) (2026) (7EA)   ;(11010101110) (3256) (1710) (6AE)   ;(00001111110) (176) (126) (7E)   ;(00001010100) (124) (84) (54)   ;
;3584;(00000100101) (45) (37) (25)    ;(00000111101) (75) (61) (3D)   ;(11111000100) (3704) (1988) (7C4)   ;(00001000111) (107) (71) (47)   ;(00000011111) (37) (31) (1F)   ;(11110001001) (3611) (1929) (789)   ;(11111111110) (3776) (2046) (7FE)   ;(00000001110) (16) (14) (0E)   ;
;3592;(00001101111) (157) (111) (6F)    ;(00001000010) (102) (66) (42)   ;(11110111010) (3672) (1978) (7BA)   ;(00000011100) (34) (28) (1C)   ;(11111011111) (3737) (2015) (7DF)   ;(00001000001) (101) (65) (41)   ;(11111100101) (3745) (2021) (7E5)   ;(11100110011) (3463) (1843) (733)   ;
;3600;(11111100010) (3742) (2018) (7E2)    ;(11110010101) (3625) (1941) (795)   ;(00001000101) (105) (69) (45)   ;(00001101000) (150) (104) (68)   ;(00000010101) (25) (21) (15)   ;(00000111111) (77) (63) (3F)   ;(11110010000) (3620) (1936) (790)   ;(11111111000) (3770) (2040) (7F8)   ;
;3608;(11111110001) (3761) (2033) (7F1)    ;(00001010111) (127) (87) (57)   ;(11111101110) (3756) (2030) (7EE)   ;(00000110010) (62) (50) (32)   ;(00000010100) (24) (20) (14)   ;(00001010010) (122) (82) (52)   ;(00000100011) (43) (35) (23)   ;(11110110011) (3663) (1971) (7B3)   ;
;3616;(00000101011) (53) (43) (2B)    ;(00000011010) (32) (26) (1A)   ;(00000010000) (20) (16) (10)   ;(11110111000) (3670) (1976) (7B8)   ;(11111000101) (3705) (1989) (7C5)   ;(11110101111) (3657) (1967) (7AF)   ;(00000101101) (55) (45) (2D)   ;(00010011000) (230) (152) (98)   ;
;3624;(00000001111) (17) (15) (0F)    ;(11111110101) (3765) (2037) (7F5)   ;(00000100001) (41) (33) (21)   ;(00010000001) (201) (129) (81)   ;(11111100000) (3740) (2016) (7E0)   ;(00001001000) (110) (72) (48)   ;(00001011111) (137) (95) (5F)   ;(00000001100) (14) (12) (0C)   ;
;3632;(00000111101) (75) (61) (3D)    ;(00000110001) (61) (49) (31)   ;(11111101000) (3750) (2024) (7E8)   ;(00000000001) (1) (1) (01)   ;(00001000011) (103) (67) (43)   ;(00001100111) (147) (103) (67)   ;(00000010110) (26) (22) (16)   ;(00001000111) (107) (71) (47)   ;
;3640;(00001010001) (121) (81) (51)    ;(00001000011) (103) (67) (43)   ;(00001000011) (103) (67) (43)   ;(00001101000) (150) (104) (68)   ;(00001100110) (146) (102) (66)   ;(11111011000) (3730) (2008) (7D8)   ;(11111011110) (3736) (2014) (7DE)   ;(11110111000) (3670) (1976) (7B8)   ;
;3648;(00001111001) (171) (121) (79)    ;(00000101110) (56) (46) (2E)   ;(00000010000) (20) (16) (10)   ;(11111111101) (3775) (2045) (7FD)   ;(00000111110) (76) (62) (3E)   ;(11101100001) (3541) (1889) (761)   ;(11110001011) (3613) (1931) (78B)   ;(00000000110) (6) (6) (06)   ;
;3656;(00000110111) (67) (55) (37)    ;(11110110101) (3665) (1973) (7B5)   ;(11110001000) (3610) (1928) (788)   ;(11111100010) (3742) (2018) (7E2)   ;(11110011011) (3633) (1947) (79B)   ;(00010110011) (263) (179) (B3)   ;(00001111101) (175) (125) (7D)   ;(00001101110) (156) (110) (6E)   ;
;3664;(11111111101) (3775) (2045) (7FD)    ;(00001111011) (173) (123) (7B)   ;(00010010001) (221) (145) (91)   ;(11111110011) (3763) (2035) (7F3)   ;(11111101001) (3751) (2025) (7E9)   ;(00001101001) (151) (105) (69)   ;(00001000101) (105) (69) (45)   ;(11111111001) (3771) (2041) (7F9)   ;
;3672;(11110101010) (3652) (1962) (7AA)    ;(11111000101) (3705) (1989) (7C5)   ;(11101000011) (3503) (1859) (743)   ;(11101011001) (3531) (1881) (759)   ;(11011110111) (3367) (1783) (6F7)   ;(11101101100) (3554) (1900) (76C)   ;(00010011010) (232) (154) (9A)   ;(00000110110) (66) (54) (36)   ;
;3680;(11111111001) (3771) (2041) (7F9)    ;(11111010011) (3723) (2003) (7D3)   ;(00001100111) (147) (103) (67)   ;(00001101101) (155) (109) (6D)   ;(11111011101) (3735) (2013) (7DD)   ;(11111110000) (3760) (2032) (7F0)   ;(11011011111) (3337) (1759) (6DF)   ;(11110101001) (3651) (1961) (7A9)   ;
;3688;(11110011000) (3630) (1944) (798)    ;(11011100010) (3342) (1762) (6E2)   ;(11100100001) (3441) (1825) (721)   ;(00000100101) (45) (37) (25)   ;(11111101101) (3755) (2029) (7ED)   ;(11111000111) (3707) (1991) (7C7)   ;(00000000101) (5) (5) (05)   ;(11111110001) (3761) (2033) (7F1)   ;
;3696;(00000000100) (4) (4) (04)    ;(00000000001) (1) (1) (01)   ;(00000010111) (27) (23) (17)   ;(00000011100) (34) (28) (1C)   ;(00011010010) (322) (210) (D2)   ;(00000001000) (10) (8) (08)   ;(00000101110) (56) (46) (2E)   ;(11111110001) (3761) (2033) (7F1)   ;
;3704;(11110100110) (3646) (1958) (7A6)    ;(11111111010) (3772) (2042) (7FA)   ;(11100101010) (3452) (1834) (72A)   ;(00000011100) (34) (28) (1C)   ;(00000000011) (3) (3) (03)   ;(11111010101) (3725) (2005) (7D5)   ;(11111110011) (3763) (2035) (7F3)   ;(11110101000) (3650) (1960) (7A8)   ;
;3712;(11111000101) (3705) (1989) (7C5)    ;(11111010101) (3725) (2005) (7D5)   ;(11110101001) (3651) (1961) (7A9)   ;(11111111000) (3770) (2040) (7F8)   ;(11101101110) (3556) (1902) (76E)   ;(11010100111) (3247) (1703) (6A7)   ;(11111011100) (3734) (2012) (7DC)   ;(11110001101) (3615) (1933) (78D)   ;
;3720;(00000110111) (67) (55) (37)    ;(11101110001) (3561) (1905) (771)   ;(11110111001) (3671) (1977) (7B9)   ;(00000110100) (64) (52) (34)   ;(00001000111) (107) (71) (47)   ;(00000001001) (11) (9) (09)   ;(00001010111) (127) (87) (57)   ;(11111011010) (3732) (2010) (7DA)   ;
;3728;(00000100101) (45) (37) (25)    ;(00000100010) (42) (34) (22)   ;(00010011011) (233) (155) (9B)   ;(00001001111) (117) (79) (4F)   ;(00001111000) (170) (120) (78)   ;(00010000001) (201) (129) (81)   ;(00000111011) (73) (59) (3B)   ;(00001000011) (103) (67) (43)   ;
;3736;(00001111000) (170) (120) (78)    ;(11111110101) (3765) (2037) (7F5)   ;(00001010000) (120) (80) (50)   ;(00001100010) (142) (98) (62)   ;(00000010111) (27) (23) (17)   ;(00001101001) (151) (105) (69)   ;(00010011011) (233) (155) (9B)   ;(00000110010) (62) (50) (32)   ;
;3744;(00010111001) (271) (185) (B9)    ;(00001001011) (113) (75) (4B)   ;(11111110110) (3766) (2038) (7F6)   ;(11111101101) (3755) (2029) (7ED)   ;(11111010000) (3720) (2000) (7D0)   ;(00000011000) (30) (24) (18)   ;(11111010000) (3720) (2000) (7D0)   ;(11111010111) (3727) (2007) (7D7)   ;
;3752;(00000111000) (70) (56) (38)    ;(00000001110) (16) (14) (0E)   ;(11111101000) (3750) (2024) (7E8)   ;(00000110110) (66) (54) (36)   ;(00001101111) (157) (111) (6F)   ;(00000101100) (54) (44) (2C)   ;(00010101011) (253) (171) (AB)   ;(00010101001) (251) (169) (A9)   ;
;3760;(00001101010) (152) (106) (6A)    ;(00000010101) (25) (21) (15)   ;(00011011100) (334) (220) (DC)   ;(00000101100) (54) (44) (2C)   ;(00000010000) (20) (16) (10)   ;(00000100010) (42) (34) (22)   ;(00000001111) (17) (15) (0F)   ;(00000010101) (25) (21) (15)   ;
;3768;(00000000010) (2) (2) (02)    ;(00000100101) (45) (37) (25)   ;(00001011010) (132) (90) (5A)   ;(00000000110) (6) (6) (06)   ;(00010010111) (227) (151) (97)   ;(00001101100) (154) (108) (6C)   ;(00001000010) (102) (66) (42)   ;(00001001110) (116) (78) (4E)   ;
;3776;(11111111101) (3775) (2045) (7FD)    ;(11110010101) (3625) (1941) (795)   ;(11110011001) (3631) (1945) (799)   ;(11110010110) (3626) (1942) (796)   ;(11110100101) (3645) (1957) (7A5)   ;(11111011110) (3736) (2014) (7DE)   ;(00000011000) (30) (24) (18)   ;(00000111011) (73) (59) (3B)   ;
;3784;(00000010110) (26) (22) (16)    ;(00000100000) (40) (32) (20)   ;(00010101100) (254) (172) (AC)   ;(11110101000) (3650) (1960) (7A8)   ;(00000000010) (2) (2) (02)   ;(00001010111) (127) (87) (57)   ;(11111111011) (3773) (2043) (7FB)   ;(00000000100) (4) (4) (04)   ;
;3792;(00000100001) (41) (33) (21)    ;(00010010110) (226) (150) (96)   ;(00000000001) (1) (1) (01)   ;(11111110101) (3765) (2037) (7F5)   ;(11110101001) (3651) (1961) (7A9)   ;(11110010010) (3622) (1938) (792)   ;(11111110100) (3764) (2036) (7F4)   ;(11111000001) (3701) (1985) (7C1)   ;
;3800;(11111010110) (3726) (2006) (7D6)    ;(11111101010) (3752) (2026) (7EA)   ;(00010111001) (271) (185) (B9)   ;(00000111010) (72) (58) (3A)   ;(11111111000) (3770) (2040) (7F8)   ;(11110101100) (3654) (1964) (7AC)   ;(00000000001) (1) (1) (01)   ;(11111110011) (3763) (2035) (7F3)   ;
;3808;(00000010000) (20) (16) (10)    ;(11101011010) (3532) (1882) (75A)   ;(11111101100) (3754) (2028) (7EC)   ;(00000101101) (55) (45) (2D)   ;(11100001111) (3417) (1807) (70F)   ;(00000100010) (42) (34) (22)   ;(00000000000) (0) (0) (00)   ;(11110010010) (3622) (1938) (792)   ;
;3816;(11111100111) (3747) (2023) (7E7)    ;(00001111011) (173) (123) (7B)   ;(00001011011) (133) (91) (5B)   ;(00001011011) (133) (91) (5B)   ;(00000101101) (55) (45) (2D)   ;(00000001110) (16) (14) (0E)   ;(00000010000) (20) (16) (10)   ;(11110000101) (3605) (1925) (785)   ;
;3824;(11110011001) (3631) (1945) (799)    ;(00000000001) (1) (1) (01)   ;(11110100000) (3640) (1952) (7A0)   ;(11111101000) (3750) (2024) (7E8)   ;(00001110000) (160) (112) (70)   ;(00000111001) (71) (57) (39)   ;(00001000010) (102) (66) (42)   ;(00010010111) (227) (151) (97)   ;
;3832;(00000111011) (73) (59) (3B)    ;(11111101101) (3755) (2029) (7ED)   ;(00001011111) (137) (95) (5F)   ;(00010001010) (212) (138) (8A)   ;(00010001110) (216) (142) (8E)   ;(00010100010) (242) (162) (A2)   ;(00000000010) (2) (2) (02)   ;(00000010100) (24) (20) (14)   ;
;3840;(11101010011) (3523) (1875) (753)    ;(11101111101) (3575) (1917) (77D)   ;(11100100100) (3444) (1828) (724)   ;(11100100000) (3440) (1824) (720)   ;(11111011011) (3733) (2011) (7DB)   ;(11111100011) (3743) (2019) (7E3)   ;(00000001111) (17) (15) (0F)   ;(11111010011) (3723) (2003) (7D3)   ;
;3848;(11111110001) (3761) (2033) (7F1)    ;(00001101011) (153) (107) (6B)   ;(00010001011) (213) (139) (8B)   ;(00010010111) (227) (151) (97)   ;(11111101111) (3757) (2031) (7EF)   ;(11111101111) (3757) (2031) (7EF)   ;(00000110011) (63) (51) (33)   ;(00001011010) (132) (90) (5A)   ;
;3856;(11101111011) (3573) (1915) (77B)    ;(11101000001) (3501) (1857) (741)   ;(00001100000) (140) (96) (60)   ;(11101011101) (3535) (1885) (75D)   ;(00000011001) (31) (25) (19)   ;(00000001001) (11) (9) (09)   ;(11111111111) (3777) (2047) (7FF)   ;(11111101000) (3750) (2024) (7E8)   ;
;3864;(11111111001) (3771) (2041) (7F9)    ;(11110110111) (3667) (1975) (7B7)   ;(11110110011) (3663) (1971) (7B3)   ;(00000010010) (22) (18) (12)   ;(00001001010) (112) (74) (4A)   ;(00000001000) (10) (8) (08)   ;(11111001111) (3717) (1999) (7CF)   ;(11111010000) (3720) (2000) (7D0)   ;
;3872;(00000010100) (24) (20) (14)    ;(00000110100) (64) (52) (34)   ;(11111010001) (3721) (2001) (7D1)   ;(00000100100) (44) (36) (24)   ;(11111011110) (3736) (2014) (7DE)   ;(00010011010) (232) (154) (9A)   ;(00001011010) (132) (90) (5A)   ;(11111000000) (3700) (1984) (7C0)   ;
;3880;(00001111011) (173) (123) (7B)    ;(00001100001) (141) (97) (61)   ;(00001000001) (101) (65) (41)   ;(11110100110) (3646) (1958) (7A6)   ;(11111011011) (3733) (2011) (7DB)   ;(11110111001) (3671) (1977) (7B9)   ;(11101010111) (3527) (1879) (757)   ;(11111101011) (3753) (2027) (7EB)   ;
;3888;(00001011000) (130) (88) (58)    ;(00000000110) (6) (6) (06)   ;(00000001011) (13) (11) (0B)   ;(11110111010) (3672) (1978) (7BA)   ;(11111101000) (3750) (2024) (7E8)   ;(11111110100) (3764) (2036) (7F4)   ;(11110101101) (3655) (1965) (7AD)   ;(00000000101) (5) (5) (05)   ;
;3896;(11111111011) (3773) (2043) (7FB)    ;(00000111111) (77) (63) (3F)   ;(00001001111) (117) (79) (4F)   ;(00001000010) (102) (66) (42)   ;(11111110010) (3762) (2034) (7F2)   ;(00000110100) (64) (52) (34)   ;(00001100110) (146) (102) (66)   ;(00000011001) (31) (25) (19)   ;
;3904;(00000001010) (12) (10) (0A)    ;(11111111100) (3774) (2044) (7FC)   ;(00011110101) (365) (245) (F5)   ;(00000100110) (46) (38) (26)   ;(11111100010) (3742) (2018) (7E2)   ;(11110010100) (3624) (1940) (794)   ;(00000100010) (42) (34) (22)   ;(00000110111) (67) (55) (37)   ;
;3912;(11110001001) (3611) (1929) (789)    ;(11111110001) (3761) (2033) (7F1)   ;(11111111100) (3774) (2044) (7FC)   ;(00000000100) (4) (4) (04)   ;(11111000000) (3700) (1984) (7C0)   ;(11111001010) (3712) (1994) (7CA)   ;(11110001001) (3611) (1929) (789)   ;(00010000001) (201) (129) (81)   ;
;3920;(11111111110) (3776) (2046) (7FE)    ;(11110110011) (3663) (1971) (7B3)   ;(00010101110) (256) (174) (AE)   ;(00010001101) (215) (141) (8D)   ;(00000110000) (60) (48) (30)   ;(00001011001) (131) (89) (59)   ;(11110110000) (3660) (1968) (7B0)   ;(11110011000) (3630) (1944) (798)   ;
;3928;(00000011101) (35) (29) (1D)    ;(11110100110) (3646) (1958) (7A6)   ;(11110110000) (3660) (1968) (7B0)   ;(11101001000) (3510) (1864) (748)   ;(11000000010) (3002) (1538) (602)   ;(11111110101) (3765) (2037) (7F5)   ;(00001001011) (113) (75) (4B)   ;(11111101010) (3752) (2026) (7EA)   ;
;3936;(11111010001) (3721) (2001) (7D1)    ;(00000100111) (47) (39) (27)   ;(11111101101) (3755) (2029) (7ED)   ;(11110100000) (3640) (1952) (7A0)   ;(11101001101) (3515) (1869) (74D)   ;(11100000101) (3405) (1797) (705)   ;(11111010000) (3720) (2000) (7D0)   ;(00000101111) (57) (47) (2F)   ;
;3944;(00000101111) (57) (47) (2F)    ;(00000101100) (54) (44) (2C)   ;(00000001001) (11) (9) (09)   ;(11111000101) (3705) (1989) (7C5)   ;(00000111011) (73) (59) (3B)   ;(11111001111) (3717) (1999) (7CF)   ;(11111110110) (3766) (2038) (7F6)   ;(00001001010) (112) (74) (4A)   ;
;3952;(00010111111) (277) (191) (BF)    ;(11110111010) (3672) (1978) (7BA)   ;(11011111001) (3371) (1785) (6F9)   ;(00001101010) (152) (106) (6A)   ;(11110111111) (3677) (1983) (7BF)   ;(11110101111) (3657) (1967) (7AF)   ;(00000110001) (61) (49) (31)   ;(11111001110) (3716) (1998) (7CE)   ;
;3960;(11110111000) (3670) (1976) (7B8)    ;(00001000001) (101) (65) (41)   ;(00000001001) (11) (9) (09)   ;(11111111001) (3771) (2041) (7F9)   ;(11111110100) (3764) (2036) (7F4)   ;(00000000000) (0) (0) (00)   ;(00000010001) (21) (17) (11)   ;(00000100111) (47) (39) (27)   ;
;3968;(11110011000) (3630) (1944) (798)    ;(11111111101) (3775) (2045) (7FD)   ;(00001100010) (142) (98) (62)   ;(00010000111) (207) (135) (87)   ;(00001100101) (145) (101) (65)   ;(00000000010) (2) (2) (02)   ;(00001111101) (175) (125) (7D)   ;(00000010101) (25) (21) (15)   ;
;3976;(00001101001) (151) (105) (69)    ;(00001001011) (113) (75) (4B)   ;(11111100110) (3746) (2022) (7E6)   ;(11111010010) (3722) (2002) (7D2)   ;(11111101101) (3755) (2029) (7ED)   ;(11111000101) (3705) (1989) (7C5)   ;(11111010111) (3727) (2007) (7D7)   ;(11110010110) (3626) (1942) (796)   ;
;3984;(00000110010) (62) (50) (32)    ;(00001001011) (113) (75) (4B)   ;(11111010000) (3720) (2000) (7D0)   ;(00000000111) (7) (7) (07)   ;(11111110110) (3766) (2038) (7F6)   ;(00000010110) (26) (22) (16)   ;(11110101100) (3654) (1964) (7AC)   ;(11111011111) (3737) (2015) (7DF)   ;
;3992;(11111110000) (3760) (2032) (7F0)    ;(00000101100) (54) (44) (2C)   ;(11111101100) (3754) (2028) (7EC)   ;(00000011110) (36) (30) (1E)   ;(00001011111) (137) (95) (5F)   ;(11110000011) (3603) (1923) (783)   ;(11110101011) (3653) (1963) (7AB)   ;(00000111100) (74) (60) (3C)   ;
;4000;(11110011101) (3635) (1949) (79D)    ;(00001011010) (132) (90) (5A)   ;(00000111000) (70) (56) (38)   ;(11111010101) (3725) (2005) (7D5)   ;(00010011101) (235) (157) (9D)   ;(00010010011) (223) (147) (93)   ;(00000001110) (16) (14) (0E)   ;(00001010011) (123) (83) (53)   ;
;4008;(00001010010) (122) (82) (52)    ;(00000100001) (41) (33) (21)   ;(00000111010) (72) (58) (3A)   ;(11111110001) (3761) (2033) (7F1)   ;(00000111111) (77) (63) (3F)   ;(11110001010) (3612) (1930) (78A)   ;(00010010100) (224) (148) (94)   ;(00001111000) (170) (120) (78)   ;
;4016;(11111010111) (3727) (2007) (7D7)    ;(11111110010) (3762) (2034) (7F2)   ;(00001010101) (125) (85) (55)   ;(00000111110) (76) (62) (3E)   ;(00010011101) (235) (157) (9D)   ;(11110000000) (3600) (1920) (780)   ;(00011000010) (302) (194) (C2)   ;(00001011011) (133) (91) (5B)   ;
;4024;(00000100011) (43) (35) (23)    ;(11111101011) (3753) (2027) (7EB)   ;(11111101010) (3752) (2026) (7EA)   ;(00000101010) (52) (42) (2A)   ;(11110000101) (3605) (1925) (785)   ;(11101101110) (3556) (1902) (76E)   ;(00001011011) (133) (91) (5B)   ;(11110111011) (3673) (1979) (7BB)   ;
;4032;(00000001011) (13) (11) (0B)    ;(00000000101) (5) (5) (05)   ;(11111101100) (3754) (2028) (7EC)   ;(00000001100) (14) (12) (0C)   ;(11111111000) (3770) (2040) (7F8)   ;(00000010011) (23) (19) (13)   ;(11110110111) (3667) (1975) (7B7)   ;(11111111010) (3772) (2042) (7FA)   ;
;4040;(11110000100) (3604) (1924) (784)    ;(11110010110) (3626) (1942) (796)   ;(11110101100) (3654) (1964) (7AC)   ;(11111101000) (3750) (2024) (7E8)   ;(11111001010) (3712) (1994) (7CA)   ;(11110111100) (3674) (1980) (7BC)   ;(00000111111) (77) (63) (3F)   ;(00001001101) (115) (77) (4D)   ;
;4048;(00000011111) (37) (31) (1F)    ;(00000000011) (3) (3) (03)   ;(00000010111) (27) (23) (17)   ;(11111110011) (3763) (2035) (7F3)   ;(00000101111) (57) (47) (2F)   ;(11101111010) (3572) (1914) (77A)   ;(00000001110) (16) (14) (0E)   ;(11111000101) (3705) (1989) (7C5)   ;
;4056;(11110011001) (3631) (1945) (799)    ;(11110101110) (3656) (1966) (7AE)   ;(11111110010) (3762) (2034) (7F2)   ;(00000011100) (34) (28) (1C)   ;(00001000101) (105) (69) (45)   ;(11110101111) (3657) (1967) (7AF)   ;(00000010111) (27) (23) (17)   ;(11111011011) (3733) (2011) (7DB)   ;
;4064;(11111100011) (3743) (2019) (7E3)    ;(11111000101) (3705) (1989) (7C5)   ;(11111000000) (3700) (1984) (7C0)   ;(00001100111) (147) (103) (67)   ;(11111111000) (3770) (2040) (7F8)   ;(00001010110) (126) (86) (56)   ;(11110001100) (3614) (1932) (78C)   ;(00000001011) (13) (11) (0B)   ;
;4072;(00000010000) (20) (16) (10)    ;(00000111000) (70) (56) (38)   ;(00000110101) (65) (53) (35)   ;(00001010010) (122) (82) (52)   ;(00010001001) (211) (137) (89)   ;(00001000001) (101) (65) (41)   ;(11111000111) (3707) (1991) (7C7)   ;(11101101010) (3552) (1898) (76A)   ;
;4080;(11111101011) (3753) (2027) (7EB)    ;(00000011111) (37) (31) (1F)   ;(00000010111) (27) (23) (17)   ;(00011000001) (301) (193) (C1)   ;(00000010110) (26) (22) (16)   ;(00000111110) (76) (62) (3E)   ;(00001100110) (146) (102) (66)   ;(00000001110) (16) (14) (0E)   ;
;4088;(11110101110) (3656) (1966) (7AE)    ;(11101011110) (3536) (1886) (75E)   ;(00000010111) (27) (23) (17)   ;(11111111100) (3774) (2044) (7FC)   ;(00000010001) (21) (17) (11)   ;(00001001110) (116) (78) (4E)   ;(11111100010) (3742) (2018) (7E2)   ;(00001110110) (166) (118) (76)   ;
;4096;(11110101101) (3655) (1965) (7AD)    ;(11111011110) (3736) (2014) (7DE)   ;(11111010101) (3725) (2005) (7D5)   ;(11110000011) (3603) (1923) (783)   ;(11111011101) (3735) (2013) (7DD)   ;(00000101001) (51) (41) (29)   ;(11111100101) (3745) (2021) (7E5)   ;(00000010100) (24) (20) (14)   ;
;4104;(00000011110) (36) (30) (1E)    ;(00001010010) (122) (82) (52)   ;(00000111110) (76) (62) (3E)   ;(00000111111) (77) (63) (3F)   ;(11111010010) (3722) (2002) (7D2)   ;(11111100101) (3745) (2021) (7E5)   ;(00000100111) (47) (39) (27)   ;(11111000100) (3704) (1988) (7C4)   ;
;4112;(11110110101) (3665) (1973) (7B5)    ;(00000101001) (51) (41) (29)   ;(11111010110) (3726) (2006) (7D6)   ;(00000111100) (74) (60) (3C)   ;(00010010010) (222) (146) (92)   ;(11110100110) (3646) (1958) (7A6)   ;(11000111110) (3076) (1598) (63E)   ;(11110000100) (3604) (1924) (784)   ;
;4120;(00001001110) (116) (78) (4E)    ;(11101100100) (3544) (1892) (764)   ;(11111000010) (3702) (1986) (7C2)   ;(00000110001) (61) (49) (31)   ;(11111011101) (3735) (2013) (7DD)   ;(11110000111) (3607) (1927) (787)   ;(11110010001) (3621) (1937) (791)   ;(11110001100) (3614) (1932) (78C)   ;
;4128;(00000010101) (25) (21) (15)    ;(11111011100) (3734) (2012) (7DC)   ;(00000010011) (23) (19) (13)   ;(00001010110) (126) (86) (56)   ;(11111010000) (3720) (2000) (7D0)   ;(00000101010) (52) (42) (2A)   ;(00001101001) (151) (105) (69)   ;(11101111010) (3572) (1914) (77A)   ;
;4136;(00000001101) (15) (13) (0D)    ;(11101010001) (3521) (1873) (751)   ;(00010110011) (263) (179) (B3)   ;(00000000010) (2) (2) (02)   ;(11110101111) (3657) (1967) (7AF)   ;(00000100101) (45) (37) (25)   ;(11111110110) (3766) (2038) (7F6)   ;(11110100111) (3647) (1959) (7A7)   ;
;4144;(00001000101) (105) (69) (45)    ;(00001001110) (116) (78) (4E)   ;(11111110000) (3760) (2032) (7F0)   ;(00010110101) (265) (181) (B5)   ;(00001010110) (126) (86) (56)   ;(00010001000) (210) (136) (88)   ;(11110101101) (3655) (1965) (7AD)   ;(00001010000) (120) (80) (50)   ;
;4152;(00001101010) (152) (106) (6A)    ;(00000100010) (42) (34) (22)   ;(00001011010) (132) (90) (5A)   ;(00010101111) (257) (175) (AF)   ;(11110001000) (3610) (1928) (788)   ;(11110101010) (3652) (1962) (7AA)   ;(11111010010) (3722) (2002) (7D2)   ;(11111010101) (3725) (2005) (7D5)   ;
;4160;(00001111011) (173) (123) (7B)    ;(11110011101) (3635) (1949) (79D)   ;(11100101100) (3454) (1836) (72C)   ;(11110011110) (3636) (1950) (79E)   ;(11111110001) (3761) (2033) (7F1)   ;(11101110010) (3562) (1906) (772)   ;(11110100101) (3645) (1957) (7A5)   ;(11111110100) (3764) (2036) (7F4)   ;
;4168;(00001001000) (110) (72) (48)    ;(00000000010) (2) (2) (02)   ;(00000000100) (4) (4) (04)   ;(00001100110) (146) (102) (66)   ;(11111010101) (3725) (2005) (7D5)   ;(00010110011) (263) (179) (B3)   ;(11111111001) (3771) (2041) (7F9)   ;(11111100011) (3743) (2019) (7E3)   ;
;4176;(11110100111) (3647) (1959) (7A7)    ;(11111001101) (3715) (1997) (7CD)   ;(11111111111) (3777) (2047) (7FF)   ;(00000000101) (5) (5) (05)   ;(00000110100) (64) (52) (34)   ;(00001010110) (126) (86) (56)   ;(00001101111) (157) (111) (6F)   ;(00000010001) (21) (17) (11)   ;
;4184;(00001001001) (111) (73) (49)    ;(00001000110) (106) (70) (46)   ;(00000100011) (43) (35) (23)   ;(11111101111) (3757) (2031) (7EF)   ;(11111000000) (3700) (1984) (7C0)   ;(00001000110) (106) (70) (46)   ;(00000001010) (12) (10) (0A)   ;(00001011101) (135) (93) (5D)   ;
;4192;(00000011101) (35) (29) (1D)    ;(11111001010) (3712) (1994) (7CA)   ;(00000101001) (51) (41) (29)   ;(11111110011) (3763) (2035) (7F3)   ;(00000000000) (0) (0) (00)   ;(00000001011) (13) (11) (0B)   ;(11111000110) (3706) (1990) (7C6)   ;(11110000000) (3600) (1920) (780)   ;
;4200;(00000100001) (41) (33) (21)    ;(00000101110) (56) (46) (2E)   ;(11111111100) (3774) (2044) (7FC)   ;(11110100100) (3644) (1956) (7A4)   ;(11111000110) (3706) (1990) (7C6)   ;(11110101101) (3655) (1965) (7AD)   ;(11110111000) (3670) (1976) (7B8)   ;(00000000001) (1) (1) (01)   ;
;4208;(00000101001) (51) (41) (29)    ;(00001100101) (145) (101) (65)   ;(11111010110) (3726) (2006) (7D6)   ;(00000100001) (41) (33) (21)   ;(00001000110) (106) (70) (46)   ;(00000010010) (22) (18) (12)   ;(00000101010) (52) (42) (2A)   ;(00000111100) (74) (60) (3C)   ;
;4216;(11101111110) (3576) (1918) (77E)    ;(11111101110) (3756) (2030) (7EE)   ;(00001111110) (176) (126) (7E)   ;(11110101100) (3654) (1964) (7AC)   ;(11101010110) (3526) (1878) (756)   ;(11101110101) (3565) (1909) (775)   ;(11110010010) (3622) (1938) (792)   ;(11101010111) (3527) (1879) (757)   ;
;4224;(11101100111) (3547) (1895) (767)    ;(11111010101) (3725) (2005) (7D5)   ;(00001000110) (106) (70) (46)   ;(00000010000) (20) (16) (10)   ;(00000001110) (16) (14) (0E)   ;(00000100101) (45) (37) (25)   ;(00001001110) (116) (78) (4E)   ;(00000011010) (32) (26) (1A)   ;
;4232;(00000110001) (61) (49) (31)    ;(00010010000) (220) (144) (90)   ;(11110110000) (3660) (1968) (7B0)   ;(11110001011) (3613) (1931) (78B)   ;(11111111101) (3775) (2045) (7FD)   ;(00010010111) (227) (151) (97)   ;(00001010001) (121) (81) (51)   ;(11110000010) (3602) (1922) (782)   ;
;4240;(00000101110) (56) (46) (2E)    ;(00000000101) (5) (5) (05)   ;(11111011011) (3733) (2011) (7DB)   ;(11111111010) (3772) (2042) (7FA)   ;(00000010111) (27) (23) (17)   ;(00000110001) (61) (49) (31)   ;(11101111101) (3575) (1917) (77D)   ;(11111001101) (3715) (1997) (7CD)   ;
;4248;(00001101101) (155) (109) (6D)    ;(00000010111) (27) (23) (17)   ;(11111011001) (3731) (2009) (7D9)   ;(11100011001) (3431) (1817) (719)   ;(11101010010) (3522) (1874) (752)   ;(11111110110) (3766) (2038) (7F6)   ;(11101001100) (3514) (1868) (74C)   ;(11111011111) (3737) (2015) (7DF)   ;
;4256;(00001011110) (136) (94) (5E)    ;(00000000011) (3) (3) (03)   ;(00000010111) (27) (23) (17)   ;(11100100111) (3447) (1831) (727)   ;(11011001001) (3311) (1737) (6C9)   ;(00001000010) (102) (66) (42)   ;(00000101111) (57) (47) (2F)   ;(11110111110) (3676) (1982) (7BE)   ;
;4264;(00000010100) (24) (20) (14)    ;(11111110101) (3765) (2037) (7F5)   ;(00000001110) (16) (14) (0E)   ;(00000100100) (44) (36) (24)   ;(00001011010) (132) (90) (5A)   ;(00001011101) (135) (93) (5D)   ;(00001000000) (100) (64) (40)   ;(00001010101) (125) (85) (55)   ;
;4272;(00001011101) (135) (93) (5D)    ;(00000010111) (27) (23) (17)   ;(11111010100) (3724) (2004) (7D4)   ;(11111000101) (3705) (1989) (7C5)   ;(11110110011) (3663) (1971) (7B3)   ;(11101011100) (3534) (1884) (75C)   ;(11110100000) (3640) (1952) (7A0)   ;(11110111111) (3677) (1983) (7BF)   ;
;4280;(11101111011) (3573) (1915) (77B)    ;(00000001001) (11) (9) (09)   ;(00000011111) (37) (31) (1F)   ;(11101110000) (3560) (1904) (770)   ;(00001101000) (150) (104) (68)   ;(11111011101) (3735) (2013) (7DD)   ;(11111010001) (3721) (2001) (7D1)   ;(11111111111) (3777) (2047) (7FF)   ;
;4288;(11111101011) (3753) (2027) (7EB)    ;(00000011101) (35) (29) (1D)   ;(00000001100) (14) (12) (0C)   ;(00000011011) (33) (27) (1B)   ;(00010000001) (201) (129) (81)   ;(11111100011) (3743) (2019) (7E3)   ;(00000110011) (63) (51) (33)   ;(00000001101) (15) (13) (0D)   ;
;4296;(11111101100) (3754) (2028) (7EC)    ;(11110111001) (3671) (1977) (7B9)   ;(11111100100) (3744) (2020) (7E4)   ;(00001000000) (100) (64) (40)   ;(11110110001) (3661) (1969) (7B1)   ;(11110011110) (3636) (1950) (79E)   ;(11010000000) (3200) (1664) (680)   ;(00011001100) (314) (204) (CC)   ;
;4304;(00010001001) (211) (137) (89)    ;(00001110000) (160) (112) (70)   ;(00001111000) (170) (120) (78)   ;(00000101001) (51) (41) (29)   ;(00011000101) (305) (197) (C5)   ;(00000010100) (24) (20) (14)   ;(00000010110) (26) (22) (16)   ;(00001000110) (106) (70) (46)   ;
;4312;(00001011001) (131) (89) (59)    ;(11111010000) (3720) (2000) (7D0)   ;(11110011000) (3630) (1944) (798)   ;(00000001110) (16) (14) (0E)   ;(00000100001) (41) (33) (21)   ;(00000111010) (72) (58) (3A)   ;(11111101101) (3755) (2029) (7ED)   ;(00001000111) (107) (71) (47)   ;
;4320;(11110111101) (3675) (1981) (7BD)    ;(11111110010) (3762) (2034) (7F2)   ;(00000100001) (41) (33) (21)   ;(00001100011) (143) (99) (63)   ;(11111111011) (3773) (2043) (7FB)   ;(00000110001) (61) (49) (31)   ;(00000011001) (31) (25) (19)   ;(11111011100) (3734) (2012) (7DC)   ;
;4328;(00000001110) (16) (14) (0E)    ;(00010100011) (243) (163) (A3)   ;(00001001010) (112) (74) (4A)   ;(00000110001) (61) (49) (31)   ;(11111000001) (3701) (1985) (7C1)   ;(11111011111) (3737) (2015) (7DF)   ;(00000010000) (20) (16) (10)   ;(11111100111) (3747) (2023) (7E7)   ;
;4336;(00000100100) (44) (36) (24)    ;(00000010111) (27) (23) (17)   ;(00000010010) (22) (18) (12)   ;(11110100000) (3640) (1952) (7A0)   ;(11111001011) (3713) (1995) (7CB)   ;(11110001000) (3610) (1928) (788)   ;(00001101101) (155) (109) (6D)   ;(00010011001) (231) (153) (99)   ;
;4344;(11111100000) (3740) (2016) (7E0)    ;(00000100101) (45) (37) (25)   ;(00000101000) (50) (40) (28)   ;(11111100011) (3743) (2019) (7E3)   ;(00001001001) (111) (73) (49)   ;(11111000001) (3701) (1985) (7C1)   ;(11111010111) (3727) (2007) (7D7)   ;(00000010011) (23) (19) (13)   ;
;4352;(00001010010) (122) (82) (52)    ;(00000100001) (41) (33) (21)   ;(11110110110) (3666) (1974) (7B6)   ;(00001000011) (103) (67) (43)   ;(00010010000) (220) (144) (90)   ;(00001000110) (106) (70) (46)   ;(11111111101) (3775) (2045) (7FD)   ;(00000101101) (55) (45) (2D)   ;
;4360;(11111110111) (3767) (2039) (7F7)    ;(00001010011) (123) (83) (53)   ;(11111011001) (3731) (2009) (7D9)   ;(11111001100) (3714) (1996) (7CC)   ;(11111011010) (3732) (2010) (7DA)   ;(00000011101) (35) (29) (1D)   ;(00001101000) (150) (104) (68)   ;(00001101001) (151) (105) (69)   ;
;4368;(00000000010) (2) (2) (02)    ;(11111010111) (3727) (2007) (7D7)   ;(11111001111) (3717) (1999) (7CF)   ;(11101100111) (3547) (1895) (767)   ;(11110110110) (3666) (1974) (7B6)   ;(11110001111) (3617) (1935) (78F)   ;(11111011110) (3736) (2014) (7DE)   ;(00001000100) (104) (68) (44)   ;
;4376;(00000010111) (27) (23) (17)    ;(00000010011) (23) (19) (13)   ;(11110011100) (3634) (1948) (79C)   ;(11111001111) (3717) (1999) (7CF)   ;(00001010110) (126) (86) (56)   ;(11110011100) (3634) (1948) (79C)   ;(11110011011) (3633) (1947) (79B)   ;(00000100011) (43) (35) (23)   ;
;4384;(00001000100) (104) (68) (44)    ;(00000101001) (51) (41) (29)   ;(00001010000) (120) (80) (50)   ;(00000000110) (6) (6) (06)   ;(11111010011) (3723) (2003) (7D3)   ;(11110111011) (3673) (1979) (7BB)   ;(11111001110) (3716) (1998) (7CE)   ;(11111110101) (3765) (2037) (7F5)   ;
;4392;(11110101101) (3655) (1965) (7AD)    ;(00000101011) (53) (43) (2B)   ;(00000000110) (6) (6) (06)   ;(11110101110) (3656) (1966) (7AE)   ;(11110101011) (3653) (1963) (7AB)   ;(11110011111) (3637) (1951) (79F)   ;(00000111010) (72) (58) (3A)   ;(11111010110) (3726) (2006) (7D6)   ;
;4400;(00000010010) (22) (18) (12)    ;(00000000100) (4) (4) (04)   ;(11111100111) (3747) (2023) (7E7)   ;(00000010001) (21) (17) (11)   ;(00001000100) (104) (68) (44)   ;(00000100100) (44) (36) (24)   ;(11111011000) (3730) (2008) (7D8)   ;(00000011101) (35) (29) (1D)   ;
;4408;(00000000110) (6) (6) (06)    ;(11101100101) (3545) (1893) (765)   ;(11100110000) (3460) (1840) (730)   ;(00000011001) (31) (25) (19)   ;(00000101111) (57) (47) (2F)   ;(00000100010) (42) (34) (22)   ;(00000101011) (53) (43) (2B)   ;(00000100110) (46) (38) (26)   ;
;4416;(00001100000) (140) (96) (60)    ;(00001001100) (114) (76) (4C)   ;(00001110010) (162) (114) (72)   ;(00001111101) (175) (125) (7D)   ;(11100101111) (3457) (1839) (72F)   ;(11111001110) (3716) (1998) (7CE)   ;(00000101110) (56) (46) (2E)   ;(11110100010) (3642) (1954) (7A2)   ;
;4424;(11101100111) (3547) (1895) (767)    ;(11110110001) (3661) (1969) (7B1)   ;(11110000101) (3605) (1925) (785)   ;(11100111100) (3474) (1852) (73C)   ;(11101101011) (3553) (1899) (76B)   ;(11111111011) (3773) (2043) (7FB)   ;(11111001001) (3711) (1993) (7C9)   ;(11110101000) (3650) (1960) (7A8)   ;
;4432;(11111010001) (3721) (2001) (7D1)    ;(11110110100) (3664) (1972) (7B4)   ;(11111001011) (3713) (1995) (7CB)   ;(00000000110) (6) (6) (06)   ;(00000011010) (32) (26) (1A)   ;(00000100000) (40) (32) (20)   ;(11111001100) (3714) (1996) (7CC)   ;(11110001111) (3617) (1935) (78F)   ;
;4440;(00000010010) (22) (18) (12)    ;(11110110011) (3663) (1971) (7B3)   ;(11110101100) (3654) (1964) (7AC)   ;(11110101100) (3654) (1964) (7AC)   ;(11111100110) (3746) (2022) (7E6)   ;(00000100010) (42) (34) (22)   ;(11111011100) (3734) (2012) (7DC)   ;(00100010001) (421) (273) (111)   ;
;4448;(00010101010) (252) (170) (AA)    ;(00000111001) (71) (57) (39)   ;(00010011011) (233) (155) (9B)   ;(00001001011) (113) (75) (4B)   ;(00000011101) (35) (29) (1D)   ;(00001001001) (111) (73) (49)   ;(11111001000) (3710) (1992) (7C8)   ;(11101100100) (3544) (1892) (764)   ;
;4456;(11110111100) (3674) (1980) (7BC)    ;(11111101001) (3751) (2025) (7E9)   ;(11111110101) (3765) (2037) (7F5)   ;(00000101100) (54) (44) (2C)   ;(00000011000) (30) (24) (18)   ;(00000010110) (26) (22) (16)   ;(00000000111) (7) (7) (07)   ;(11111110110) (3766) (2038) (7F6)   ;
;4464;(00001000111) (107) (71) (47)    ;(11101111000) (3570) (1912) (778)   ;(00000101001) (51) (41) (29)   ;(00010011011) (233) (155) (9B)   ;(11110010100) (3624) (1940) (794)   ;(00000111101) (75) (61) (3D)   ;(00000111000) (70) (56) (38)   ;(11110000110) (3606) (1926) (786)   ;
;4472;(00000010100) (24) (20) (14)    ;(00000101010) (52) (42) (2A)   ;(11111010111) (3727) (2007) (7D7)   ;(00000000011) (3) (3) (03)   ;(11110110000) (3660) (1968) (7B0)   ;(00000011001) (31) (25) (19)   ;(00001011110) (136) (94) (5E)   ;(00000011111) (37) (31) (1F)   ;
;4480;(00000010111) (27) (23) (17)    ;(11111010100) (3724) (2004) (7D4)   ;(00001000100) (104) (68) (44)   ;(11110010011) (3623) (1939) (793)   ;(11111000001) (3701) (1985) (7C1)   ;(11110011101) (3635) (1949) (79D)   ;(00001011000) (130) (88) (58)   ;(11111101110) (3756) (2030) (7EE)   ;
;4488;(11111001000) (3710) (1992) (7C8)    ;(00010100101) (245) (165) (A5)   ;(00000111000) (70) (56) (38)   ;(00000011110) (36) (30) (1E)   ;(00001001111) (117) (79) (4F)   ;(00000000111) (7) (7) (07)   ;(11101100110) (3546) (1894) (766)   ;(00000010110) (26) (22) (16)   ;
;4496;(11110111001) (3671) (1977) (7B9)    ;(00000001000) (10) (8) (08)   ;(11111110001) (3761) (2033) (7F1)   ;(11111011111) (3737) (2015) (7DF)   ;(00000011001) (31) (25) (19)   ;(00000010000) (20) (16) (10)   ;(11111001100) (3714) (1996) (7CC)   ;(11110011100) (3634) (1948) (79C)   ;
;4504;(00000001000) (10) (8) (08)    ;(11111111111) (3777) (2047) (7FF)   ;(11111011100) (3734) (2012) (7DC)   ;(00000110100) (64) (52) (34)   ;(11111010101) (3725) (2005) (7D5)   ;(11111011001) (3731) (2009) (7D9)   ;(00000101100) (54) (44) (2C)   ;(11111000001) (3701) (1985) (7C1)   ;
;4512;(11110010110) (3626) (1942) (796)    ;(11111111001) (3771) (2041) (7F9)   ;(00000111110) (76) (62) (3E)   ;(00001101100) (154) (108) (6C)   ;(00000010110) (26) (22) (16)   ;(11111101010) (3752) (2026) (7EA)   ;(00001101011) (153) (107) (6B)   ;(00000010100) (24) (20) (14)   ;
;4520;(00001001111) (117) (79) (4F)    ;(00001111010) (172) (122) (7A)   ;(00000001100) (14) (12) (0C)   ;(00000001010) (12) (10) (0A)   ;(00000011100) (34) (28) (1C)   ;(11101111011) (3573) (1915) (77B)   ;(11101111100) (3574) (1916) (77C)   ;(11111101100) (3754) (2028) (7EC)   ;
;4528;(11101000101) (3505) (1861) (745)    ;(00000011010) (32) (26) (1A)   ;(00010000100) (204) (132) (84)   ;(11110111101) (3675) (1981) (7BD)   ;(00000011111) (37) (31) (1F)   ;(00001000001) (101) (65) (41)   ;(00001011000) (130) (88) (58)   ;(11111110110) (3766) (2038) (7F6)   ;
;4536;(11110111100) (3674) (1980) (7BC)    ;(00000110101) (65) (53) (35)   ;(11101011001) (3531) (1881) (759)   ;(11101011110) (3536) (1886) (75E)   ;(00000111000) (70) (56) (38)   ;(11110001001) (3611) (1929) (789)   ;(00000101101) (55) (45) (2D)   ;(00000001010) (12) (10) (0A)   ;
;4544;(11111101000) (3750) (2024) (7E8)    ;(00001101101) (155) (109) (6D)   ;(11110110010) (3662) (1970) (7B2)   ;(11110011100) (3634) (1948) (79C)   ;(11111011111) (3737) (2015) (7DF)   ;(00000001101) (15) (13) (0D)   ;(00000011001) (31) (25) (19)   ;(11111111011) (3773) (2043) (7FB)   ;
;4552;(00010100011) (243) (163) (A3)    ;(11111110101) (3765) (2037) (7F5)   ;(11111010010) (3722) (2002) (7D2)   ;(00001010011) (123) (83) (53)   ;(00001111110) (176) (126) (7E)   ;(11111110110) (3766) (2038) (7F6)   ;(11111001111) (3717) (1999) (7CF)   ;(00000010010) (22) (18) (12)   ;
;4560;(00000000010) (2) (2) (02)    ;(11101101001) (3551) (1897) (769)   ;(11110110100) (3664) (1972) (7B4)   ;(11111111010) (3772) (2042) (7FA)   ;(11111111101) (3775) (2045) (7FD)   ;(11110100000) (3640) (1952) (7A0)   ;(00001101000) (150) (104) (68)   ;(00000000100) (4) (4) (04)   ;
;4568;(00000010000) (20) (16) (10)    ;(00000111110) (76) (62) (3E)   ;(11111010111) (3727) (2007) (7D7)   ;(11100011110) (3436) (1822) (71E)   ;(11110101110) (3656) (1966) (7AE)   ;(00001000000) (100) (64) (40)   ;(00001011111) (137) (95) (5F)   ;(00001101100) (154) (108) (6C)   ;
;4576;(11110011100) (3634) (1948) (79C)    ;(00000110000) (60) (48) (30)   ;(00001001000) (110) (72) (48)   ;(11110100001) (3641) (1953) (7A1)   ;(11110110100) (3664) (1972) (7B4)   ;(11101100010) (3542) (1890) (762)   ;(11111110010) (3762) (2034) (7F2)   ;(11111010010) (3722) (2002) (7D2)   ;
;4584;(11110100010) (3642) (1954) (7A2)    ;(11101110011) (3563) (1907) (773)   ;(11110110110) (3666) (1974) (7B6)   ;(11101111010) (3572) (1914) (77A)   ;(11110101111) (3657) (1967) (7AF)   ;(11110110100) (3664) (1972) (7B4)   ;(00000101110) (56) (46) (2E)   ;(11110100101) (3645) (1957) (7A5)   ;
;4592;(11111100011) (3743) (2019) (7E3)    ;(00000111000) (70) (56) (38)   ;(11111111000) (3770) (2040) (7F8)   ;(00000100110) (46) (38) (26)   ;(11111001101) (3715) (1997) (7CD)   ;(11111011010) (3732) (2010) (7DA)   ;(00001001011) (113) (75) (4B)   ;(11111110010) (3762) (2034) (7F2)   ;
;4600;(00000100111) (47) (39) (27)    ;(11111011001) (3731) (2009) (7D9)   ;(11111000111) (3707) (1991) (7C7)   ;(00000100010) (42) (34) (22)   ;(11111001101) (3715) (1997) (7CD)   ;(11110100111) (3647) (1959) (7A7)   ;(00001000101) (105) (69) (45)   ;(00000110001) (61) (49) (31)   ;
;4608;(00000100011) (43) (35) (23)    ;(11111010111) (3727) (2007) (7D7)   ;(00010011110) (236) (158) (9E)   ;(00001000111) (107) (71) (47)   ;(11111011000) (3730) (2008) (7D8)   ;(00001011101) (135) (93) (5D)   ;(11111000100) (3704) (1988) (7C4)   ;(00001010111) (127) (87) (57)   ;
;4616;(00010000011) (203) (131) (83)    ;(11111100111) (3747) (2023) (7E7)   ;(00001010010) (122) (82) (52)   ;(11111110110) (3766) (2038) (7F6)   ;(11111100110) (3746) (2022) (7E6)   ;(00000000110) (6) (6) (06)   ;(11110101010) (3652) (1962) (7AA)   ;(00000000111) (7) (7) (07)   ;
;4624;(11101111010) (3572) (1914) (77A)    ;(00000010000) (20) (16) (10)   ;(11110000001) (3601) (1921) (781)   ;(11111101001) (3751) (2025) (7E9)   ;(11111111010) (3772) (2042) (7FA)   ;(11111001010) (3712) (1994) (7CA)   ;(00000100000) (40) (32) (20)   ;(00001001111) (117) (79) (4F)   ;
;4632;(11111101100) (3754) (2028) (7EC)    ;(00000101100) (54) (44) (2C)   ;(00000011101) (35) (29) (1D)   ;(11101011110) (3536) (1886) (75E)   ;(11110110101) (3665) (1973) (7B5)   ;(00001001010) (112) (74) (4A)   ;(00000101001) (51) (41) (29)   ;(11110101100) (3654) (1964) (7AC)   ;
;4640;(11111101100) (3754) (2028) (7EC)    ;(11110111111) (3677) (1983) (7BF)   ;(11101100001) (3541) (1889) (761)   ;(11110111001) (3671) (1977) (7B9)   ;(11111100101) (3745) (2021) (7E5)   ;(00001011110) (136) (94) (5E)   ;(00000111001) (71) (57) (39)   ;(00000101111) (57) (47) (2F)   ;
;4648;(00001101110) (156) (110) (6E)    ;(00001001010) (112) (74) (4A)   ;(00010001111) (217) (143) (8F)   ;(11111111110) (3776) (2046) (7FE)   ;(00000101101) (55) (45) (2D)   ;(00000010111) (27) (23) (17)   ;(00001100000) (140) (96) (60)   ;(11111011000) (3730) (2008) (7D8)   ;
;4656;(00001000101) (105) (69) (45)    ;(00000101110) (56) (46) (2E)   ;(00000101100) (54) (44) (2C)   ;(00010000110) (206) (134) (86)   ;(00000000000) (0) (0) (00)   ;(11111011111) (3737) (2015) (7DF)   ;(00001110001) (161) (113) (71)   ;(11101001000) (3510) (1864) (748)   ;
;4664;(11011011011) (3333) (1755) (6DB)    ;(11110010100) (3624) (1940) (794)   ;(11101001000) (3510) (1864) (748)   ;(11100101011) (3453) (1835) (72B)   ;(00000001011) (13) (11) (0B)   ;(11001110010) (3162) (1650) (672)   ;(11111011100) (3734) (2012) (7DC)   ;(00001100011) (143) (99) (63)   ;
;4672;(11111111100) (3774) (2044) (7FC)    ;(11111101010) (3752) (2026) (7EA)   ;(11111010000) (3720) (2000) (7D0)   ;(00000100011) (43) (35) (23)   ;(00001010100) (124) (84) (54)   ;(00010000001) (201) (129) (81)   ;(00001001000) (110) (72) (48)   ;(00010001100) (214) (140) (8C)   ;
;4680;(11111110111) (3767) (2039) (7F7)    ;(11111100000) (3740) (2016) (7E0)   ;(11110001001) (3611) (1929) (789)   ;(00001000110) (106) (70) (46)   ;(11110111001) (3671) (1977) (7B9)   ;(00000010001) (21) (17) (11)   ;(00010010010) (222) (146) (92)   ;(11111011101) (3735) (2013) (7DD)   ;
;4688;(11101100011) (3543) (1891) (763)    ;(11101101000) (3550) (1896) (768)   ;(00000000011) (3) (3) (03)   ;(11101001010) (3512) (1866) (74A)   ;(00000010101) (25) (21) (15)   ;(00000010110) (26) (22) (16)   ;(00000001001) (11) (9) (09)   ;(00001010101) (125) (85) (55)   ;
;4696;(00001110010) (162) (114) (72)    ;(00000111111) (77) (63) (3F)   ;(00000111010) (72) (58) (3A)   ;(11110001010) (3612) (1930) (78A)   ;(00000000001) (1) (1) (01)   ;(00000101111) (57) (47) (2F)   ;(11110011011) (3633) (1947) (79B)   ;(11110110000) (3660) (1968) (7B0)   ;
;4704;(00000000010) (2) (2) (02)    ;(11110010100) (3624) (1940) (794)   ;(11100111000) (3470) (1848) (738)   ;(11010010101) (3225) (1685) (695)   ;(00000010100) (24) (20) (14)   ;(11111000101) (3705) (1989) (7C5)   ;(11111011000) (3730) (2008) (7D8)   ;(11110011010) (3632) (1946) (79A)   ;
;4712;(11101100011) (3543) (1891) (763)    ;(11111000110) (3706) (1990) (7C6)   ;(00000111011) (73) (59) (3B)   ;(11111111000) (3770) (2040) (7F8)   ;(00000111101) (75) (61) (3D)   ;(11110111010) (3672) (1978) (7BA)   ;(11110011010) (3632) (1946) (79A)   ;(11111111001) (3771) (2041) (7F9)   ;
;4720;(11110011100) (3634) (1948) (79C)    ;(11110010111) (3627) (1943) (797)   ;(00000011000) (30) (24) (18)   ;(11111010001) (3721) (2001) (7D1)   ;(00000001000) (10) (8) (08)   ;(11110110001) (3661) (1969) (7B1)   ;(00001101101) (155) (109) (6D)   ;(11101111010) (3572) (1914) (77A)   ;
;4728;(11101001101) (3515) (1869) (74D)    ;(11110100010) (3642) (1954) (7A2)   ;(11111101000) (3750) (2024) (7E8)   ;(00010000001) (201) (129) (81)   ;(11111100110) (3746) (2022) (7E6)   ;(00001010111) (127) (87) (57)   ;(00001110111) (167) (119) (77)   ;(00001110011) (163) (115) (73)   ;
;4736;(00001010000) (120) (80) (50)    ;(11111101000) (3750) (2024) (7E8)   ;(00001110111) (167) (119) (77)   ;(00000101110) (56) (46) (2E)   ;(11111001011) (3713) (1995) (7CB)   ;(00000001110) (16) (14) (0E)   ;(00010010000) (220) (144) (90)   ;(00000101000) (50) (40) (28)   ;
;4744;(00001000110) (106) (70) (46)    ;(00000000110) (6) (6) (06)   ;(00001000101) (105) (69) (45)   ;(00001100101) (145) (101) (65)   ;(11111111100) (3774) (2044) (7FC)   ;(11111110101) (3765) (2037) (7F5)   ;(11111100010) (3742) (2018) (7E2)   ;(00001001110) (116) (78) (4E)   ;
;4752;(11111111000) (3770) (2040) (7F8)    ;(00000001000) (10) (8) (08)   ;(00000101100) (54) (44) (2C)   ;(11111101111) (3757) (2031) (7EF)   ;(00001000111) (107) (71) (47)   ;(00001000011) (103) (67) (43)   ;(11111011011) (3733) (2011) (7DB)   ;(11111010011) (3723) (2003) (7D3)   ;
;4760;(11111111100) (3774) (2044) (7FC)    ;(11101011101) (3535) (1885) (75D)   ;(00001000011) (103) (67) (43)   ;(11111010100) (3724) (2004) (7D4)   ;(00000011101) (35) (29) (1D)   ;(11110100000) (3640) (1952) (7A0)   ;(11100111000) (3470) (1848) (738)   ;(11101000000) (3500) (1856) (740)   ;
;4768;(11111001101) (3715) (1997) (7CD)    ;(11011001000) (3310) (1736) (6C8)   ;(11000100010) (3042) (1570) (622)   ;(00000100010) (42) (34) (22)   ;(00000000010) (2) (2) (02)   ;(00000110110) (66) (54) (36)   ;(00010110101) (265) (181) (B5)   ;(00000011100) (34) (28) (1C)   ;
;4776;(11110100000) (3640) (1952) (7A0)    ;(00000110010) (62) (50) (32)   ;(00001010110) (126) (86) (56)   ;(00000001111) (17) (15) (0F)   ;(00001101001) (151) (105) (69)   ;(11111111111) (3777) (2047) (7FF)   ;(00000001111) (17) (15) (0F)   ;(00000011011) (33) (27) (1B)   ;
;4784;(00001010100) (124) (84) (54)    ;(00001010010) (122) (82) (52)   ;(11111100110) (3746) (2022) (7E6)   ;(11111010110) (3726) (2006) (7D6)   ;(11111011101) (3735) (2013) (7DD)   ;(00000011100) (34) (28) (1C)   ;(11110000101) (3605) (1925) (785)   ;(11110100111) (3647) (1959) (7A7)   ;
;4792;(00001110011) (163) (115) (73)    ;(11111000000) (3700) (1984) (7C0)   ;(11111100100) (3744) (2020) (7E4)   ;(00000000001) (1) (1) (01)   ;(11110001101) (3615) (1933) (78D)   ;(11110111110) (3676) (1982) (7BE)   ;(11111010100) (3724) (2004) (7D4)   ;(00001101111) (157) (111) (6F)   ;
;4800;(00010100110) (246) (166) (A6)    ;(11110100111) (3647) (1959) (7A7)   ;(00000111110) (76) (62) (3E)   ;(11111111110) (3776) (2046) (7FE)   ;(11100011000) (3430) (1816) (718)   ;(11111100011) (3743) (2019) (7E3)   ;(11111010010) (3722) (2002) (7D2)   ;(11110011001) (3631) (1945) (799)   ;
;4808;(11101111100) (3574) (1916) (77C)    ;(11110011000) (3630) (1944) (798)   ;(11110001100) (3614) (1932) (78C)   ;(11110001100) (3614) (1932) (78C)   ;(00000010010) (22) (18) (12)   ;(11100111010) (3472) (1850) (73A)   ;(00000101110) (56) (46) (2E)   ;(00000010111) (27) (23) (17)   ;
;4816;(00001000010) (102) (66) (42)    ;(00010000001) (201) (129) (81)   ;(00010011011) (233) (155) (9B)   ;(00000000101) (5) (5) (05)   ;(11111110101) (3765) (2037) (7F5)   ;(00001011100) (134) (92) (5C)   ;(00000001001) (11) (9) (09)   ;(00000011111) (37) (31) (1F)   ;
;4824;(11011101101) (3355) (1773) (6ED)    ;(11101011101) (3535) (1885) (75D)   ;(11110111001) (3671) (1977) (7B9)   ;(00000000100) (4) (4) (04)   ;(00001000100) (104) (68) (44)   ;(00010011100) (234) (156) (9C)   ;(11111100011) (3743) (2019) (7E3)   ;(11110101000) (3650) (1960) (7A8)   ;
;4832;(11110001011) (3613) (1931) (78B)    ;(11110100001) (3641) (1953) (7A1)   ;(11110111001) (3671) (1977) (7B9)   ;(11111000110) (3706) (1990) (7C6)   ;(00001101001) (151) (105) (69)   ;(00001010110) (126) (86) (56)   ;(11111011000) (3730) (2008) (7D8)   ;(00000100010) (42) (34) (22)   ;
;4840;(00000011001) (31) (25) (19)    ;(00000110101) (65) (53) (35)   ;(00001000111) (107) (71) (47)   ;(11111111001) (3771) (2041) (7F9)   ;(11111111000) (3770) (2040) (7F8)   ;(11110000000) (3600) (1920) (780)   ;(11111011010) (3732) (2010) (7DA)   ;(11111000011) (3703) (1987) (7C3)   ;
;4848;(11111110101) (3765) (2037) (7F5)    ;(11111101001) (3751) (2025) (7E9)   ;(11100010110) (3426) (1814) (716)   ;(11110000010) (3602) (1922) (782)   ;(11111111100) (3774) (2044) (7FC)   ;(11111010000) (3720) (2000) (7D0)   ;(11111000000) (3700) (1984) (7C0)   ;(11111111101) (3775) (2045) (7FD)   ;
;4856;(00000011101) (35) (29) (1D)    ;(11111110111) (3767) (2039) (7F7)   ;(11111001110) (3716) (1998) (7CE)   ;(11110110000) (3660) (1968) (7B0)   ;(11111001000) (3710) (1992) (7C8)   ;(00000100111) (47) (39) (27)   ;(11111001000) (3710) (1992) (7C8)   ;(11111111100) (3774) (2044) (7FC)   ;
;4864;(11111110101) (3765) (2037) (7F5)    ;(11111101000) (3750) (2024) (7E8)   ;(00000001011) (13) (11) (0B)   ;(11111001100) (3714) (1996) (7CC)   ;(11111010111) (3727) (2007) (7D7)   ;(11111101001) (3751) (2025) (7E9)   ;(11111010100) (3724) (2004) (7D4)   ;(11110110000) (3660) (1968) (7B0)   ;
;4872;(11111111010) (3772) (2042) (7FA)    ;(11111100111) (3747) (2023) (7E7)   ;(00000101100) (54) (44) (2C)   ;(11110101110) (3656) (1966) (7AE)   ;(00000000111) (7) (7) (07)   ;(11111000010) (3702) (1986) (7C2)   ;(11110110110) (3666) (1974) (7B6)   ;(11111101000) (3750) (2024) (7E8)   ;
;4880;(11110111110) (3676) (1982) (7BE)    ;(11111011101) (3735) (2013) (7DD)   ;(11111111111) (3777) (2047) (7FF)   ;(11111000110) (3706) (1990) (7C6)   ;(11111110011) (3763) (2035) (7F3)   ;(11111110110) (3766) (2038) (7F6)   ;(11111000000) (3700) (1984) (7C0)   ;(00000011001) (31) (25) (19)   ;
;4888;(00000010000) (20) (16) (10)    ;(11110110001) (3661) (1969) (7B1)   ;(11111100010) (3742) (2018) (7E2)   ;(11110111101) (3675) (1981) (7BD)   ;(11110011101) (3635) (1949) (79D)   ;(11111111110) (3776) (2046) (7FE)   ;(11111111011) (3773) (2043) (7FB)   ;(11111110010) (3762) (2034) (7F2)   ;
;4896;(11111001010) (3712) (1994) (7CA)    ;(11110100101) (3645) (1957) (7A5)   ;(00000010000) (20) (16) (10)   ;(11110100111) (3647) (1959) (7A7)   ;(00000100111) (47) (39) (27)   ;(11111110010) (3762) (2034) (7F2)   ;(11110101010) (3652) (1962) (7AA)   ;(11111111001) (3771) (2041) (7F9)   ;
;4904;(11111001101) (3715) (1997) (7CD)    ;(00000001001) (11) (9) (09)   ;(00000011011) (33) (27) (1B)   ;(00000100110) (46) (38) (26)   ;(11111010010) (3722) (2002) (7D2)   ;(00000110000) (60) (48) (30)   ;(11111111101) (3775) (2045) (7FD)   ;(00000001000) (10) (8) (08)   ;
;4912;(11110101100) (3654) (1964) (7AC)    ;(11111011110) (3736) (2014) (7DE)   ;(00000100010) (42) (34) (22)   ;(00000001011) (13) (11) (0B)   ;(00000100110) (46) (38) (26)   ;(00000010011) (23) (19) (13)   ;(11111000111) (3707) (1991) (7C7)   ;(00001000000) (100) (64) (40)   ;
;4920;(00000010110) (26) (22) (16)    ;(00000101101) (55) (45) (2D)   ;(11111000000) (3700) (1984) (7C0)   ;(11111001011) (3713) (1995) (7CB)   ;(11111011110) (3736) (2014) (7DE)   ;(00000000010) (2) (2) (02)   ;(00000001101) (15) (13) (0D)   ;(11111010111) (3727) (2007) (7D7)   ;
;4928;(11110111011) (3673) (1979) (7BB)    ;(11111001000) (3710) (1992) (7C8)   ;(11110100110) (3646) (1958) (7A6)   ;(00000001010) (12) (10) (0A)   ;(11111001111) (3717) (1999) (7CF)   ;(11111100111) (3747) (2023) (7E7)   ;(11110100011) (3643) (1955) (7A3)   ;(11110111001) (3671) (1977) (7B9)   ;
;4936;(00000010010) (22) (18) (12)    ;(11111000111) (3707) (1991) (7C7)   ;(00000010110) (26) (22) (16)   ;(11111101010) (3752) (2026) (7EA)   ;(00000010011) (23) (19) (13)   ;(11111001111) (3717) (1999) (7CF)   ;(00000001001) (11) (9) (09)   ;(00000100101) (45) (37) (25)   ;
;4944;(11111101000) (3750) (2024) (7E8)    ;(11110111001) (3671) (1977) (7B9)   ;(11111111101) (3775) (2045) (7FD)   ;(00000000011) (3) (3) (03)   ;(00000010110) (26) (22) (16)   ;(11111110000) (3760) (2032) (7F0)   ;(11110101111) (3657) (1967) (7AF)   ;(00000011111) (37) (31) (1F)   ;
;4952;(00000010001) (21) (17) (11)    ;(11111010111) (3727) (2007) (7D7)   ;(11111011000) (3730) (2008) (7D8)   ;(00000100110) (46) (38) (26)   ;(11110111011) (3673) (1979) (7BB)   ;(11111101101) (3755) (2029) (7ED)   ;(11111010110) (3726) (2006) (7D6)   ;(11111111001) (3771) (2041) (7F9)   ;
;4960;(11110111001) (3671) (1977) (7B9)    ;(11111111001) (3771) (2041) (7F9)   ;(00000100010) (42) (34) (22)   ;(11110111111) (3677) (1983) (7BF)   ;(11111100010) (3742) (2018) (7E2)   ;(11111111111) (3777) (2047) (7FF)   ;(00000100110) (46) (38) (26)   ;(11111100001) (3741) (2017) (7E1)   ;
;4968;(11111001010) (3712) (1994) (7CA)    ;(11111011000) (3730) (2008) (7D8)   ;(11111011101) (3735) (2013) (7DD)   ;(11111110011) (3763) (2035) (7F3)   ;(11111011010) (3732) (2010) (7DA)   ;(00000101101) (55) (45) (2D)   ;(11111001000) (3710) (1992) (7C8)   ;(11111000011) (3703) (1987) (7C3)   ;
;4976;(00000011110) (36) (30) (1E)    ;(11111110111) (3767) (2039) (7F7)   ;(11111001010) (3712) (1994) (7CA)   ;(00000100011) (43) (35) (23)   ;(11111111101) (3775) (2045) (7FD)   ;(00000100110) (46) (38) (26)   ;(11111000110) (3706) (1990) (7C6)   ;(11111000010) (3702) (1986) (7C2)   ;
;4984;(11111001000) (3710) (1992) (7C8)    ;(11111000101) (3705) (1989) (7C5)   ;(00000010000) (20) (16) (10)   ;(11111111110) (3776) (2046) (7FE)   ;(11111100010) (3742) (2018) (7E2)   ;(11111000101) (3705) (1989) (7C5)   ;(11111001101) (3715) (1997) (7CD)   ;(00000000111) (7) (7) (07)   ;
;4992;(00000001010) (12) (10) (0A)    ;(11110111101) (3675) (1981) (7BD)   ;(11110111100) (3674) (1980) (7BC)   ;(11111100111) (3747) (2023) (7E7)   ;(11110011100) (3634) (1948) (79C)   ;(00010000110) (206) (134) (86)   ;(00001101110) (156) (110) (6E)   ;(11110010100) (3624) (1940) (794)   ;
;5000;(00000100100) (44) (36) (24)    ;(00000011010) (32) (26) (1A)   ;(00000101100) (54) (44) (2C)   ;(00000101000) (50) (40) (28)   ;(00000000101) (5) (5) (05)   ;(11110101101) (3655) (1965) (7AD)   ;(11101111011) (3573) (1915) (77B)   ;(00000100000) (40) (32) (20)   ;
;5008;(11110000001) (3601) (1921) (781)    ;(11001100110) (3146) (1638) (666)   ;(11101110100) (3564) (1908) (774)   ;(11101111100) (3574) (1916) (77C)   ;(11110111010) (3672) (1978) (7BA)   ;(11100110110) (3466) (1846) (736)   ;(11110100101) (3645) (1957) (7A5)   ;(11101111011) (3573) (1915) (77B)   ;
;5016;(11110111111) (3677) (1983) (7BF)    ;(00000000001) (1) (1) (01)   ;(00000011110) (36) (30) (1E)   ;(00000001000) (10) (8) (08)   ;(00001101000) (150) (104) (68)   ;(00000010111) (27) (23) (17)   ;(11110101000) (3650) (1960) (7A8)   ;(11110111101) (3675) (1981) (7BD)   ;
;5024;(00000010100) (24) (20) (14)    ;(00001011101) (135) (93) (5D)   ;(11111110100) (3764) (2036) (7F4)   ;(11110001000) (3610) (1928) (788)   ;(11111110010) (3762) (2034) (7F2)   ;(11111100101) (3745) (2021) (7E5)   ;(00000011100) (34) (28) (1C)   ;(11110111001) (3671) (1977) (7B9)   ;
;5032;(11110001110) (3616) (1934) (78E)    ;(11110111110) (3676) (1982) (7BE)   ;(00010010001) (221) (145) (91)   ;(00001010000) (120) (80) (50)   ;(11111111001) (3771) (2041) (7F9)   ;(00000110100) (64) (52) (34)   ;(11110111111) (3677) (1983) (7BF)   ;(00001111111) (177) (127) (7F)   ;
;5040;(00001110100) (164) (116) (74)    ;(00001011100) (134) (92) (5C)   ;(00010100010) (242) (162) (A2)   ;(11110101101) (3655) (1965) (7AD)   ;(11110100001) (3641) (1953) (7A1)   ;(00000101000) (50) (40) (28)   ;(11100101110) (3456) (1838) (72E)   ;(11111111010) (3772) (2042) (7FA)   ;
;5048;(11101000111) (3507) (1863) (747)    ;(11100110001) (3461) (1841) (731)   ;(00000000110) (6) (6) (06)   ;(11111101111) (3757) (2031) (7EF)   ;(11111110110) (3766) (2038) (7F6)   ;(11110000010) (3602) (1922) (782)   ;(11111111111) (3777) (2047) (7FF)   ;(00000011001) (31) (25) (19)   ;
;5056;(11111001000) (3710) (1992) (7C8)    ;(00001001001) (111) (73) (49)   ;(11111011010) (3732) (2010) (7DA)   ;(11111001000) (3710) (1992) (7C8)   ;(00000100000) (40) (32) (20)   ;(11110110001) (3661) (1969) (7B1)   ;(11111101111) (3757) (2031) (7EF)   ;(00000010101) (25) (21) (15)   ;
;5064;(00000000010) (2) (2) (02)    ;(00001101001) (151) (105) (69)   ;(11110110111) (3667) (1975) (7B7)   ;(11110111001) (3671) (1977) (7B9)   ;(11110100110) (3646) (1958) (7A6)   ;(11110111101) (3675) (1981) (7BD)   ;(11100110101) (3465) (1845) (735)   ;(11111010100) (3724) (2004) (7D4)   ;
;5072;(00001010000) (120) (80) (50)    ;(00000010001) (21) (17) (11)   ;(11110111001) (3671) (1977) (7B9)   ;(11101100111) (3547) (1895) (767)   ;(11100110110) (3466) (1846) (736)   ;(11101010010) (3522) (1874) (752)   ;(11111101001) (3751) (2025) (7E9)   ;(11111111110) (3776) (2046) (7FE)   ;
;5080;(11100111101) (3475) (1853) (73D)    ;(11101010001) (3521) (1873) (751)   ;(11111000011) (3703) (1987) (7C3)   ;(11111100111) (3747) (2023) (7E7)   ;(00001101000) (150) (104) (68)   ;(11111101110) (3756) (2030) (7EE)   ;(00001100100) (144) (100) (64)   ;(00001001110) (116) (78) (4E)   ;
;5088;(11111100111) (3747) (2023) (7E7)    ;(00000011001) (31) (25) (19)   ;(00001010110) (126) (86) (56)   ;(00001010100) (124) (84) (54)   ;(11111010010) (3722) (2002) (7D2)   ;(11111100001) (3741) (2017) (7E1)   ;(11100011010) (3432) (1818) (71A)   ;(00000100000) (40) (32) (20)   ;
;5096;(11111100101) (3745) (2021) (7E5)    ;(00000101100) (54) (44) (2C)   ;(11110101101) (3655) (1965) (7AD)   ;(00000100010) (42) (34) (22)   ;(11110000111) (3607) (1927) (787)   ;(00010001111) (217) (143) (8F)   ;(11111110000) (3760) (2032) (7F0)   ;(00000010011) (23) (19) (13)   ;
;5104;(00011100011) (343) (227) (E3)    ;(00001101111) (157) (111) (6F)   ;(00000010111) (27) (23) (17)   ;(00010011011) (233) (155) (9B)   ;(11111110001) (3761) (2033) (7F1)   ;(11100011000) (3430) (1816) (718)   ;(00000010001) (21) (17) (11)   ;(00000011110) (36) (30) (1E)   ;
;5112;(00000011011) (33) (27) (1B)    ;(11110011010) (3632) (1946) (79A)   ;(00000011011) (33) (27) (1B)   ;(00001001000) (110) (72) (48)   ;(11110110010) (3662) (1970) (7B2)   ;(00000110010) (62) (50) (32)   ;(00000000001) (1) (1) (01)   ;(00000011110) (36) (30) (1E)   ;
;5120;(00010010011) (223) (147) (93)    ;(00001100000) (140) (96) (60)   ;(00001001100) (114) (76) (4C)   ;(00000011001) (31) (25) (19)   ;(11110100011) (3643) (1955) (7A3)   ;(00001000011) (103) (67) (43)   ;(00001001011) (113) (75) (4B)   ;(00001101001) (151) (105) (69)   ;
;5128;(11110001111) (3617) (1935) (78F)    ;(00000111010) (72) (58) (3A)   ;(00001110111) (167) (119) (77)   ;(00000010101) (25) (21) (15)   ;(11110101010) (3652) (1962) (7AA)   ;(11100001101) (3415) (1805) (70D)   ;(11111000000) (3700) (1984) (7C0)   ;(11110110011) (3663) (1971) (7B3)   ;
;5136;(11101110001) (3561) (1905) (771)    ;(11111000111) (3707) (1991) (7C7)   ;(11111101110) (3756) (2030) (7EE)   ;(00000010011) (23) (19) (13)   ;(11111110000) (3760) (2032) (7F0)   ;(11110010011) (3623) (1939) (793)   ;(11010011101) (3235) (1693) (69D)   ;(00000000101) (5) (5) (05)   ;
;5144;(11111000110) (3706) (1990) (7C6)    ;(11011110110) (3366) (1782) (6F6)   ;(11111111001) (3771) (2041) (7F9)   ;(11100000000) (3400) (1792) (700)   ;(11111011000) (3730) (2008) (7D8)   ;(00000010111) (27) (23) (17)   ;(11111101001) (3751) (2025) (7E9)   ;(11110000011) (3603) (1923) (783)   ;
;5152;(00000101110) (56) (46) (2E)    ;(11110111101) (3675) (1981) (7BD)   ;(11111001000) (3710) (1992) (7C8)   ;(11111110000) (3760) (2032) (7F0)   ;(11111110011) (3763) (2035) (7F3)   ;(11111111000) (3770) (2040) (7F8)   ;(00001101111) (157) (111) (6F)   ;(00011001111) (317) (207) (CF)   ;
;5160;(11101110010) (3562) (1906) (772)    ;(11110111110) (3676) (1982) (7BE)   ;(00001001111) (117) (79) (4F)   ;(11101001100) (3514) (1868) (74C)   ;(00000011110) (36) (30) (1E)   ;(11111001100) (3714) (1996) (7CC)   ;(11100100011) (3443) (1827) (723)   ;(00100101011) (453) (299) (12B)   ;
;5168;(00001101111) (157) (111) (6F)    ;(00000011010) (32) (26) (1A)   ;(00001001010) (112) (74) (4A)   ;(00001100110) (146) (102) (66)   ;(00001101010) (152) (106) (6A)   ;(00000010001) (21) (17) (11)   ;(00000101110) (56) (46) (2E)   ;(00001110101) (165) (117) (75)   ;
;5176;(11100111110) (3476) (1854) (73E)    ;(11101111000) (3570) (1912) (778)   ;(11111100000) (3740) (2016) (7E0)   ;(00000010000) (20) (16) (10)   ;(00000110000) (60) (48) (30)   ;(00000111011) (73) (59) (3B)   ;(11111111011) (3773) (2043) (7FB)   ;(00000101010) (52) (42) (2A)   ;
;5184;(00000110110) (66) (54) (36)    ;(11100010101) (3425) (1813) (715)   ;(11111111110) (3776) (2046) (7FE)   ;(00000010011) (23) (19) (13)   ;(11101111001) (3571) (1913) (779)   ;(00000000101) (5) (5) (05)   ;(00000001100) (14) (12) (0C)   ;(11111110000) (3760) (2032) (7F0)   ;
;5192;(00010001110) (216) (142) (8E)    ;(00001010100) (124) (84) (54)   ;(00001000101) (105) (69) (45)   ;(00001001000) (110) (72) (48)   ;(00001110000) (160) (112) (70)   ;(11111100100) (3744) (2020) (7E4)   ;(11111010011) (3723) (2003) (7D3)   ;(11101001101) (3515) (1869) (74D)   ;
;5200;(11111111010) (3772) (2042) (7FA)    ;(00000100101) (45) (37) (25)   ;(00000000000) (0) (0) (00)   ;(11101001011) (3513) (1867) (74B)   ;(11110110010) (3662) (1970) (7B2)   ;(11110101010) (3652) (1962) (7AA)   ;(00001001111) (117) (79) (4F)   ;(00010111010) (272) (186) (BA)   ;
;5208;(00001011101) (135) (93) (5D)    ;(11111001101) (3715) (1997) (7CD)   ;(11111100001) (3741) (2017) (7E1)   ;(00000011111) (37) (31) (1F)   ;(00001110000) (160) (112) (70)   ;(00001100101) (145) (101) (65)   ;(00001110011) (163) (115) (73)   ;(00001110011) (163) (115) (73)   ;
;5216;(00001111111) (177) (127) (7F)    ;(00001000011) (103) (67) (43)   ;(00001010100) (124) (84) (54)   ;(00001111110) (176) (126) (7E)   ;(00001010000) (120) (80) (50)   ;(00000111111) (77) (63) (3F)   ;(11111110110) (3766) (2038) (7F6)   ;(11111000101) (3705) (1989) (7C5)   ;
;5224;(00000100101) (45) (37) (25)    ;(00001110000) (160) (112) (70)   ;(11110110001) (3661) (1969) (7B1)   ;(00001001011) (113) (75) (4B)   ;(00001000101) (105) (69) (45)   ;(00001100001) (141) (97) (61)   ;(00000100000) (40) (32) (20)   ;(00001000011) (103) (67) (43)   ;
;5232;(00011110000) (360) (240) (F0)    ;(11101001010) (3512) (1866) (74A)   ;(11000111000) (3070) (1592) (638)   ;(11110000001) (3601) (1921) (781)   ;(00000010011) (23) (19) (13)   ;(11100010010) (3422) (1810) (712)   ;(00001101000) (150) (104) (68)   ;(11111010110) (3726) (2006) (7D6)   ;
;5240;(00000111011) (73) (59) (3B)    ;(11110111101) (3675) (1981) (7BD)   ;(11101001010) (3512) (1866) (74A)   ;(11110010110) (3626) (1942) (796)   ;(11101101101) (3555) (1901) (76D)   ;(11110010010) (3622) (1938) (792)   ;(00010000001) (201) (129) (81)   ;(00000111100) (74) (60) (3C)   ;
;5248;(11111001001) (3711) (1993) (7C9)    ;(00000100100) (44) (36) (24)   ;(00000110111) (67) (55) (37)   ;(11110111101) (3675) (1981) (7BD)   ;(00001111100) (174) (124) (7C)   ;(00010000111) (207) (135) (87)   ;(11111000101) (3705) (1989) (7C5)   ;(00000011011) (33) (27) (1B)   ;
;5256;(00000000100) (4) (4) (04)    ;(00001110011) (163) (115) (73)   ;(11111001100) (3714) (1996) (7CC)   ;(11111110001) (3761) (2033) (7F1)   ;(11110000000) (3600) (1920) (780)   ;(11011110010) (3362) (1778) (6F2)   ;(11101110110) (3566) (1910) (776)   ;(00000001111) (17) (15) (0F)   ;
;5264;(11110100100) (3644) (1956) (7A4)    ;(00001101110) (156) (110) (6E)   ;(00001011001) (131) (89) (59)   ;(00001011000) (130) (88) (58)   ;(11100001110) (3416) (1806) (70E)   ;(11111011000) (3730) (2008) (7D8)   ;(11111111010) (3772) (2042) (7FA)   ;(11100111011) (3473) (1851) (73B)   ;
;5272;(00000010010) (22) (18) (12)    ;(11110111001) (3671) (1977) (7B9)   ;(00001001001) (111) (73) (49)   ;(00000010110) (26) (22) (16)   ;(11110011000) (3630) (1944) (798)   ;(11110001010) (3612) (1930) (78A)   ;(00000011110) (36) (30) (1E)   ;(11111100001) (3741) (2017) (7E1)   ;
;5280;(00001001011) (113) (75) (4B)    ;(00000000110) (6) (6) (06)   ;(00000111000) (70) (56) (38)   ;(00000011110) (36) (30) (1E)   ;(00001001001) (111) (73) (49)   ;(00011101101) (355) (237) (ED)   ;(00001010101) (125) (85) (55)   ;(11111001101) (3715) (1997) (7CD)   ;
;5288;(11010011000) (3230) (1688) (698)    ;(11111101101) (3755) (2029) (7ED)   ;(11100001011) (3413) (1803) (70B)   ;(00011100001) (341) (225) (E1)   ;(00010011111) (237) (159) (9F)   ;(11110000000) (3600) (1920) (780)   ;(11111000001) (3701) (1985) (7C1)   ;(11101001111) (3517) (1871) (74F)   ;
;5296;(00100100000) (440) (288) (120)    ;(00100010100) (424) (276) (114)   ;(11111100110) (3746) (2022) (7E6)   ;(00010001001) (211) (137) (89)   ;(00010101011) (253) (171) (AB)   ;(00001001011) (113) (75) (4B)   ;(00011110101) (365) (245) (F5)   ;(00010011000) (230) (152) (98)   ;
;5304;(11111011000) (3730) (2008) (7D8)    ;(00010111111) (277) (191) (BF)   ;(00000110100) (64) (52) (34)   ;(00001010011) (123) (83) (53)   ;(11110001100) (3614) (1932) (78C)   ;(00000110100) (64) (52) (34)   ;(11001010001) (3121) (1617) (651)   ;(11101101010) (3552) (1898) (76A)   ;
;5312;(11110001110) (3616) (1934) (78E)    ;(00100100001) (441) (289) (121)   ;(11110111000) (3670) (1976) (7B8)   ;(11100001001) (3411) (1801) (709)   ;(00001110110) (166) (118) (76)   ;(11111101011) (3753) (2027) (7EB)   ;(11101101100) (3554) (1900) (76C)   ;(11111111101) (3775) (2045) (7FD)   ;
;5320;(00001110011) (163) (115) (73)    ;(11110110011) (3663) (1971) (7B3)   ;(00101000110) (506) (326) (146)   ;(11101000101) (3505) (1861) (745)   ;(00101110111) (567) (375) (177)   ;(11100111010) (3472) (1850) (73A)   ;(00000011111) (37) (31) (1F)   ;(11001100010) (3142) (1634) (662)   ;
;5328;(11111011100) (3734) (2012) (7DC)    ;(00010001101) (215) (141) (8D)   ;(11110111000) (3670) (1976) (7B8)   ;(11111110101) (3765) (2037) (7F5)   ;(00001011000) (130) (88) (58)   ;(11101011110) (3536) (1886) (75E)   ;(00011001010) (312) (202) (CA)   ;(00010001000) (210) (136) (88)   ;
;5336;(00000100000) (40) (32) (20)    ;(11010111110) (3276) (1726) (6BE)   ;(00001110111) (167) (119) (77)   ;(11010000011) (3203) (1667) (683)   ;(00010110111) (267) (183) (B7)   ;(00100001111) (417) (271) (10F)   ;(11111100000) (3740) (2016) (7E0)   ;(00010010000) (220) (144) (90)   ;
;5344;(00000010001) (21) (17) (11)    ;(11111110000) (3760) (2032) (7F0)   ;(00010011011) (233) (155) (9B)   ;(11101010100) (3524) (1876) (754)   ;(11110010110) (3626) (1942) (796)   ;(11001011111) (3137) (1631) (65F)   ;(11100110111) (3467) (1847) (737)   ;(11110110100) (3664) (1972) (7B4)   ;
;5352;(11100011001) (3431) (1817) (719)    ;(00010111010) (272) (186) (BA)   ;(00001110011) (163) (115) (73)   ;(11101011010) (3532) (1882) (75A)   ;(11111111010) (3772) (2042) (7FA)   ;(00010011101) (235) (157) (9D)   ;(11011010100) (3324) (1748) (6D4)   ;(00000100111) (47) (39) (27)   ;
;5360;(11010011110) (3236) (1694) (69E)    ;(11100011000) (3430) (1816) (718)   ;(11101100001) (3541) (1889) (761)   ;(00110010011) (623) (403) (193)   ;(11101101111) (3557) (1903) (76F)   ;(11110111010) (3672) (1978) (7BA)   ;(11110101011) (3653) (1963) (7AB)   ;(10111110110) (2766) (1526) (5F6)   ;
;5368;(11010110101) (3265) (1717) (6B5)    ;(11100110111) (3467) (1847) (737)   ;(11111010110) (3726) (2006) (7D6)   ;(00010111011) (273) (187) (BB)   ;(00100010100) (424) (276) (114)   ;(00101111010) (572) (378) (17A)   ;(11111010000) (3720) (2000) (7D0)   ;(00000111001) (71) (57) (39)   ;
;5376;(00000001100) (14) (12) (0C)    ;(11111011110) (3736) (2014) (7DE)   ;(00100010110) (426) (278) (116)   ;(11111110011) (3763) (2035) (7F3)   ;(00010111111) (277) (191) (BF)   ;(11110011000) (3630) (1944) (798)   ;(11111100101) (3745) (2021) (7E5)   ;(11011011000) (3330) (1752) (6D8)   ;
;5384;(11011010101) (3325) (1749) (6D5)    ;(11101000001) (3501) (1857) (741)   ;(00011101001) (351) (233) (E9)   ;(00011110000) (360) (240) (F0)   ;(11101001111) (3517) (1871) (74F)   ;(00010111110) (276) (190) (BE)   ;(00010110011) (263) (179) (B3)   ;(11010100101) (3245) (1701) (6A5)   ;
;5392;(00001100000) (140) (96) (60)    ;(11111110010) (3762) (2034) (7F2)   ;(00010111111) (277) (191) (BF)   ;(00001011011) (133) (91) (5B)   ;(11010000010) (3202) (1666) (682)   ;(11110000110) (3606) (1926) (786)   ;(00001111101) (175) (125) (7D)   ;(00001111010) (172) (122) (7A)   ;
;5400;(00001110011) (163) (115) (73)    ;(00010000000) (200) (128) (80)   ;(11111010000) (3720) (2000) (7D0)   ;(11111011001) (3731) (2009) (7D9)   ;(00011100100) (344) (228) (E4)   ;(11110101001) (3651) (1961) (7A9)   ;(00010011000) (230) (152) (98)   ;(00000111010) (72) (58) (3A)   ;
;5408;(11000011011) (3033) (1563) (61B)    ;(00010011111) (237) (159) (9F)   ;(11110010100) (3624) (1940) (794)   ;(11101111000) (3570) (1912) (778)   ;(11110010001) (3621) (1937) (791)   ;(11110100011) (3643) (1955) (7A3)   ;(11110011011) (3633) (1947) (79B)   ;(11101010011) (3523) (1875) (753)   ;
;5416;(00011001011) (313) (203) (CB)    ;(11110110101) (3665) (1973) (7B5)   ;(11111010111) (3727) (2007) (7D7)   ;(11111100000) (3740) (2016) (7E0)   ;(11110010001) (3621) (1937) (791)   ;(00011111110) (376) (254) (FE)   ;(11110011110) (3636) (1950) (79E)   ;(11011100110) (3346) (1766) (6E6)   ;
;5424;(00000011010) (32) (26) (1A)    ;(00011101110) (356) (238) (EE)   ;(00011010010) (322) (210) (D2)   ;(00001001011) (113) (75) (4B)   ;(11101000010) (3502) (1858) (742)   ;(00001000001) (101) (65) (41)   ;(11101100010) (3542) (1890) (762)   ;(11111011110) (3736) (2014) (7DE)   ;
;5432;(11100100111) (3447) (1831) (727)    ;(00001001001) (111) (73) (49)   ;(11100011110) (3436) (1822) (71E)   ;(11110111000) (3670) (1976) (7B8)   ;(00000010100) (24) (20) (14)   ;(00010111110) (276) (190) (BE)   ;(00001001010) (112) (74) (4A)   ;(00001101111) (157) (111) (6F)   ;
;5440;(11001111010) (3172) (1658) (67A)    ;(00001000101) (105) (69) (45)   ;(00000110010) (62) (50) (32)   ;(00100001100) (414) (268) (10C)   ;(11010110010) (3262) (1714) (6B2)   ;(11011111001) (3371) (1785) (6F9)   ;(11101100111) (3547) (1895) (767)   ;(10101110000) (2560) (1392) (570)   ;
;5448;(11101100000) (3540) (1888) (760)    ;(00111011101) (735) (477) (1DD)   ;(00101100001) (541) (353) (161)   ;(10001011101) (2135) (1117) (45D)   ;(00000111101) (75) (61) (3D)   ;(11111000001) (3701) (1985) (7C1)   ;(00001110010) (162) (114) (72)   ;(10101111010) (2572) (1402) (57A)   ;
;5456;(00000100011) (43) (35) (23)    ;(11101011011) (3533) (1883) (75B)   ;(01010101000) (1250) (680) (2A8)   ;(11101110011) (3563) (1907) (773)   ;


+-----------------------------------------------------------------------------------------------+
; Fitter DSP Block Usage Summary                                                                ;
+---------------------------------------+-------------+---------------------+-------------------+
; Statistic                             ; Number Used ; Available per Block ; Maximum Available ;
+---------------------------------------+-------------+---------------------+-------------------+
; Simple Multipliers (9-bit)            ; 1           ; 2                   ; 46                ;
; Simple Multipliers (18-bit)           ; 12          ; 1                   ; 23                ;
; Embedded Multiplier Blocks            ; 13          ; --                  ; 23                ;
; Embedded Multiplier 9-bit elements    ; 25          ; 2                   ; 46                ;
; Signed Embedded Multipliers           ; 9           ; --                  ; --                ;
; Unsigned Embedded Multipliers         ; 4           ; --                  ; --                ;
; Mixed Sign Embedded Multipliers       ; 0           ; --                  ; --                ;
; Variable Sign Embedded Multipliers    ; 0           ; --                  ; --                ;
; Dedicated Input Shift Register Chains ; 0           ; --                  ; --                ;
+---------------------------------------+-------------+---------------------+-------------------+


+---------------------------------------------------------------------------------------------------------------------------------------------------------------------------------------------------------------------------------------------------------------------------------+
; DSP Block Details                                                                                                                                                                                                                                                               ;
+----------------------------------------------------------------------------------+----------------------------+--------------------+---------------------+--------------------------------+-----------------------+-----------------------+-------------------+-----------------+
; Name                                                                             ; Mode                       ; Location           ; Sign Representation ; Has Input Shift Register Chain ; Data A Input Register ; Data B Input Register ; Pipeline Register ; Output Register ;
+----------------------------------------------------------------------------------+----------------------------+--------------------+---------------------+--------------------------------+-----------------------+-----------------------+-------------------+-----------------+
; TOP:neiroset|lpm_mult:Mult5|mult_gbt:auto_generated|mac_out2                     ; Simple Multiplier (18-bit) ; DSPOUT_X20_Y11_N2  ;                     ; No                             ;                       ;                       ;                   ; no              ;
;    TOP:neiroset|lpm_mult:Mult5|mult_gbt:auto_generated|mac_mult1                 ;                            ; DSPMULT_X20_Y11_N0 ; Unsigned            ;                                ; no                    ; yes                   ; no                ;                 ;
; TOP:neiroset|lpm_mult:Mult7|mult_u9t:auto_generated|mac_out2                     ; Simple Multiplier (9-bit)  ; DSPOUT_X20_Y14_N2  ;                     ; No                             ;                       ;                       ;                   ; no              ;
;    TOP:neiroset|lpm_mult:Mult7|mult_u9t:auto_generated|mac_mult1                 ;                            ; DSPMULT_X20_Y14_N0 ; Unsigned            ;                                ; no                    ; no                    ; no                ;                 ;
; TOP:neiroset|maxp:maxpooling|lpm_mult:Mult1|mult_ibt:auto_generated|mac_out2     ; Simple Multiplier (18-bit) ; DSPOUT_X20_Y8_N2   ;                     ; No                             ;                       ;                       ;                   ; no              ;
;    TOP:neiroset|maxp:maxpooling|lpm_mult:Mult1|mult_ibt:auto_generated|mac_mult1 ;                            ; DSPMULT_X20_Y8_N0  ; Unsigned            ;                                ; yes                   ; no                    ; no                ;                 ;
; TOP:neiroset|conv:conv1|lpm_mult:Mult1|mult_p5t:auto_generated|mac_out2          ; Simple Multiplier (18-bit) ; DSPOUT_X20_Y16_N2  ;                     ; No                             ;                       ;                       ;                   ; no              ;
;    TOP:neiroset|conv:conv1|lpm_mult:Mult1|mult_p5t:auto_generated|mac_mult1      ;                            ; DSPMULT_X20_Y16_N0 ; Signed              ;                                ; no                    ; no                    ; no                ;                 ;
; TOP:neiroset|conv:conv1|lpm_mult:Mult0|mult_p5t:auto_generated|mac_out2          ; Simple Multiplier (18-bit) ; DSPOUT_X20_Y15_N2  ;                     ; No                             ;                       ;                       ;                   ; no              ;
;    TOP:neiroset|conv:conv1|lpm_mult:Mult0|mult_p5t:auto_generated|mac_mult1      ;                            ; DSPMULT_X20_Y15_N0 ; Signed              ;                                ; no                    ; no                    ; no                ;                 ;
; TOP:neiroset|conv:conv1|lpm_mult:Mult2|mult_p5t:auto_generated|mac_out2          ; Simple Multiplier (18-bit) ; DSPOUT_X20_Y13_N2  ;                     ; No                             ;                       ;                       ;                   ; no              ;
;    TOP:neiroset|conv:conv1|lpm_mult:Mult2|mult_p5t:auto_generated|mac_mult1      ;                            ; DSPMULT_X20_Y13_N0 ; Signed              ;                                ; no                    ; no                    ; no                ;                 ;
; TOP:neiroset|conv:conv1|lpm_mult:Mult3|mult_p5t:auto_generated|mac_out2          ; Simple Multiplier (18-bit) ; DSPOUT_X20_Y19_N2  ;                     ; No                             ;                       ;                       ;                   ; no              ;
;    TOP:neiroset|conv:conv1|lpm_mult:Mult3|mult_p5t:auto_generated|mac_mult1      ;                            ; DSPMULT_X20_Y19_N0 ; Signed              ;                                ; no                    ; no                    ; no                ;                 ;
; TOP:neiroset|conv:conv1|lpm_mult:Mult4|mult_p5t:auto_generated|mac_out2          ; Simple Multiplier (18-bit) ; DSPOUT_X20_Y20_N2  ;                     ; No                             ;                       ;                       ;                   ; no              ;
;    TOP:neiroset|conv:conv1|lpm_mult:Mult4|mult_p5t:auto_generated|mac_mult1      ;                            ; DSPMULT_X20_Y20_N0 ; Signed              ;                                ; no                    ; no                    ; no                ;                 ;
; TOP:neiroset|conv:conv1|lpm_mult:Mult5|mult_p5t:auto_generated|mac_out2          ; Simple Multiplier (18-bit) ; DSPOUT_X20_Y21_N2  ;                     ; No                             ;                       ;                       ;                   ; no              ;
;    TOP:neiroset|conv:conv1|lpm_mult:Mult5|mult_p5t:auto_generated|mac_mult1      ;                            ; DSPMULT_X20_Y21_N0 ; Signed              ;                                ; no                    ; no                    ; no                ;                 ;
; TOP:neiroset|conv:conv1|lpm_mult:Mult6|mult_p5t:auto_generated|mac_out2          ; Simple Multiplier (18-bit) ; DSPOUT_X20_Y22_N2  ;                     ; No                             ;                       ;                       ;                   ; no              ;
;    TOP:neiroset|conv:conv1|lpm_mult:Mult6|mult_p5t:auto_generated|mac_mult1      ;                            ; DSPMULT_X20_Y22_N0 ; Signed              ;                                ; no                    ; no                    ; no                ;                 ;
; TOP:neiroset|conv:conv1|lpm_mult:Mult7|mult_p5t:auto_generated|mac_out2          ; Simple Multiplier (18-bit) ; DSPOUT_X20_Y18_N2  ;                     ; No                             ;                       ;                       ;                   ; no              ;
;    TOP:neiroset|conv:conv1|lpm_mult:Mult7|mult_p5t:auto_generated|mac_mult1      ;                            ; DSPMULT_X20_Y18_N0 ; Signed              ;                                ; no                    ; no                    ; no                ;                 ;
; TOP:neiroset|conv:conv1|lpm_mult:Mult8|mult_p5t:auto_generated|mac_out2          ; Simple Multiplier (18-bit) ; DSPOUT_X20_Y17_N2  ;                     ; No                             ;                       ;                       ;                   ; no              ;
;    TOP:neiroset|conv:conv1|lpm_mult:Mult8|mult_p5t:auto_generated|mac_mult1      ;                            ; DSPMULT_X20_Y17_N0 ; Signed              ;                                ; no                    ; no                    ; no                ;                 ;
; TOP:neiroset|conv_TOP:conv|lpm_mult:Mult1|mult_gbt:auto_generated|mac_out2       ; Simple Multiplier (18-bit) ; DSPOUT_X20_Y12_N2  ;                     ; No                             ;                       ;                       ;                   ; no              ;
;    TOP:neiroset|conv_TOP:conv|lpm_mult:Mult1|mult_gbt:auto_generated|mac_mult1   ;                            ; DSPMULT_X20_Y12_N0 ; Unsigned            ;                                ; no                    ; no                    ; no                ;                 ;
+----------------------------------------------------------------------------------+----------------------------+--------------------+---------------------+--------------------------------+-----------------------+-----------------------+-------------------+-----------------+


+-------------------------------------------------------+
; Other Routing Usage Summary                           ;
+-----------------------------+-------------------------+
; Other Routing Resource Type ; Usage                   ;
+-----------------------------+-------------------------+
; Block interconnects         ; 9,673 / 32,401 ( 30 % ) ;
; C16 interconnects           ; 83 / 1,326 ( 6 % )      ;
; C4 interconnects            ; 5,093 / 21,816 ( 23 % ) ;
; Direct links                ; 1,445 / 32,401 ( 4 % )  ;
; Global clocks               ; 10 / 10 ( 100 % )       ;
; Local interconnects         ; 2,738 / 10,320 ( 27 % ) ;
; R24 interconnects           ; 143 / 1,289 ( 11 % )    ;
; R4 interconnects            ; 6,000 / 28,186 ( 21 % ) ;
+-----------------------------+-------------------------+


+-----------------------------------------------------------------------------+
; LAB Logic Elements                                                          ;
+---------------------------------------------+-------------------------------+
; Number of Logic Elements  (Average = 13.81) ; Number of LABs  (Total = 425) ;
+---------------------------------------------+-------------------------------+
; 1                                           ; 8                             ;
; 2                                           ; 4                             ;
; 3                                           ; 6                             ;
; 4                                           ; 5                             ;
; 5                                           ; 5                             ;
; 6                                           ; 6                             ;
; 7                                           ; 2                             ;
; 8                                           ; 6                             ;
; 9                                           ; 8                             ;
; 10                                          ; 20                            ;
; 11                                          ; 11                            ;
; 12                                          ; 15                            ;
; 13                                          ; 18                            ;
; 14                                          ; 19                            ;
; 15                                          ; 51                            ;
; 16                                          ; 241                           ;
+---------------------------------------------+-------------------------------+


+--------------------------------------------------------------------+
; LAB-wide Signals                                                   ;
+------------------------------------+-------------------------------+
; LAB-wide Signals  (Average = 1.40) ; Number of LABs  (Total = 425) ;
+------------------------------------+-------------------------------+
; 1 Async. clear                     ; 65                            ;
; 1 Clock                            ; 248                           ;
; 1 Clock enable                     ; 155                           ;
; 1 Sync. clear                      ; 45                            ;
; 1 Sync. load                       ; 15                            ;
; 2 Clock enables                    ; 49                            ;
; 2 Clocks                           ; 20                            ;
+------------------------------------+-------------------------------+


+------------------------------------------------------------------------------+
; LAB Signals Sourced                                                          ;
+----------------------------------------------+-------------------------------+
; Number of Signals Sourced  (Average = 18.69) ; Number of LABs  (Total = 425) ;
+----------------------------------------------+-------------------------------+
; 0                                            ; 0                             ;
; 1                                            ; 7                             ;
; 2                                            ; 4                             ;
; 3                                            ; 3                             ;
; 4                                            ; 5                             ;
; 5                                            ; 4                             ;
; 6                                            ; 5                             ;
; 7                                            ; 2                             ;
; 8                                            ; 8                             ;
; 9                                            ; 10                            ;
; 10                                           ; 6                             ;
; 11                                           ; 17                            ;
; 12                                           ; 12                            ;
; 13                                           ; 12                            ;
; 14                                           ; 17                            ;
; 15                                           ; 22                            ;
; 16                                           ; 79                            ;
; 17                                           ; 17                            ;
; 18                                           ; 14                            ;
; 19                                           ; 14                            ;
; 20                                           ; 8                             ;
; 21                                           ; 13                            ;
; 22                                           ; 14                            ;
; 23                                           ; 10                            ;
; 24                                           ; 7                             ;
; 25                                           ; 10                            ;
; 26                                           ; 15                            ;
; 27                                           ; 12                            ;
; 28                                           ; 14                            ;
; 29                                           ; 9                             ;
; 30                                           ; 6                             ;
; 31                                           ; 7                             ;
; 32                                           ; 42                            ;
+----------------------------------------------+-------------------------------+


+---------------------------------------------------------------------------------+
; LAB Signals Sourced Out                                                         ;
+-------------------------------------------------+-------------------------------+
; Number of Signals Sourced Out  (Average = 9.49) ; Number of LABs  (Total = 425) ;
+-------------------------------------------------+-------------------------------+
; 0                                               ; 0                             ;
; 1                                               ; 22                            ;
; 2                                               ; 16                            ;
; 3                                               ; 13                            ;
; 4                                               ; 23                            ;
; 5                                               ; 20                            ;
; 6                                               ; 15                            ;
; 7                                               ; 14                            ;
; 8                                               ; 28                            ;
; 9                                               ; 25                            ;
; 10                                              ; 35                            ;
; 11                                              ; 68                            ;
; 12                                              ; 42                            ;
; 13                                              ; 43                            ;
; 14                                              ; 19                            ;
; 15                                              ; 13                            ;
; 16                                              ; 22                            ;
; 17                                              ; 1                             ;
; 18                                              ; 1                             ;
; 19                                              ; 2                             ;
; 20                                              ; 0                             ;
; 21                                              ; 1                             ;
; 22                                              ; 1                             ;
; 23                                              ; 1                             ;
+-------------------------------------------------+-------------------------------+


+------------------------------------------------------------------------------+
; LAB Distinct Inputs                                                          ;
+----------------------------------------------+-------------------------------+
; Number of Distinct Inputs  (Average = 17.99) ; Number of LABs  (Total = 425) ;
+----------------------------------------------+-------------------------------+
; 0                                            ; 0                             ;
; 1                                            ; 0                             ;
; 2                                            ; 5                             ;
; 3                                            ; 5                             ;
; 4                                            ; 6                             ;
; 5                                            ; 7                             ;
; 6                                            ; 11                            ;
; 7                                            ; 11                            ;
; 8                                            ; 13                            ;
; 9                                            ; 10                            ;
; 10                                           ; 11                            ;
; 11                                           ; 15                            ;
; 12                                           ; 11                            ;
; 13                                           ; 45                            ;
; 14                                           ; 14                            ;
; 15                                           ; 19                            ;
; 16                                           ; 13                            ;
; 17                                           ; 22                            ;
; 18                                           ; 17                            ;
; 19                                           ; 17                            ;
; 20                                           ; 13                            ;
; 21                                           ; 13                            ;
; 22                                           ; 11                            ;
; 23                                           ; 14                            ;
; 24                                           ; 16                            ;
; 25                                           ; 17                            ;
; 26                                           ; 16                            ;
; 27                                           ; 10                            ;
; 28                                           ; 10                            ;
; 29                                           ; 7                             ;
; 30                                           ; 9                             ;
; 31                                           ; 6                             ;
; 32                                           ; 13                            ;
; 33                                           ; 17                            ;
; 34                                           ; 1                             ;
+----------------------------------------------+-------------------------------+


+------------------------------------------+
; I/O Rules Summary                        ;
+----------------------------------+-------+
; I/O Rules Statistic              ; Total ;
+----------------------------------+-------+
; Total I/O Rules                  ; 30    ;
; Number of I/O Rules Passed       ; 9     ;
; Number of I/O Rules Failed       ; 0     ;
; Number of I/O Rules Unchecked    ; 0     ;
; Number of I/O Rules Inapplicable ; 21    ;
+----------------------------------+-------+


+-------------------------------------------------------------------------------------------------------------------------------------------------------------------------------------------------------------------------------------------------------------------+
; I/O Rules Details                                                                                                                                                                                                                                                 ;
+--------------+-----------+-----------------------------------+------------------------------------------------------------------------------------------------------+----------+-------------------------------------------------------+------+-------------------+
; Status       ; ID        ; Category                          ; Rule Description                                                                                     ; Severity ; Information                                           ; Area ; Extra Information ;
+--------------+-----------+-----------------------------------+------------------------------------------------------------------------------------------------------+----------+-------------------------------------------------------+------+-------------------+
; Inapplicable ; IO_000001 ; Capacity Checks                   ; Number of pins in an I/O bank should not exceed the number of locations available.                   ; Critical ; No Location assignments found.                        ; I/O  ;                   ;
; Inapplicable ; IO_000002 ; Capacity Checks                   ; Number of clocks in an I/O bank should not exceed the number of clocks available.                    ; Critical ; No Global Signal assignments found.                   ; I/O  ;                   ;
; Inapplicable ; IO_000003 ; Capacity Checks                   ; Number of pins in a Vrefgroup should not exceed the number of locations available.                   ; Critical ; No Location assignments found.                        ; I/O  ;                   ;
; Inapplicable ; IO_000004 ; Voltage Compatibility Checks      ; The I/O bank should support the requested VCCIO.                                                     ; Critical ; No IOBANK_VCCIO assignments found.                    ; I/O  ;                   ;
; Inapplicable ; IO_000005 ; Voltage Compatibility Checks      ; The I/O bank should not have competing VREF values.                                                  ; Critical ; No VREF I/O Standard assignments found.               ; I/O  ;                   ;
; Pass         ; IO_000006 ; Voltage Compatibility Checks      ; The I/O bank should not have competing VCCIO values.                                                 ; Critical ; 0 such failures found.                                ; I/O  ;                   ;
; Inapplicable ; IO_000007 ; Valid Location Checks             ; Checks for unavailable locations.                                                                    ; Critical ; No Location assignments found.                        ; I/O  ;                   ;
; Inapplicable ; IO_000008 ; Valid Location Checks             ; Checks for reserved locations.                                                                       ; Critical ; No reserved LogicLock region found.                   ; I/O  ;                   ;
; Pass         ; IO_000009 ; I/O Properties Checks for One I/O ; The location should support the requested I/O standard.                                              ; Critical ; 0 such failures found.                                ; I/O  ;                   ;
; Pass         ; IO_000010 ; I/O Properties Checks for One I/O ; The location should support the requested I/O direction.                                             ; Critical ; 0 such failures found.                                ; I/O  ;                   ;
; Inapplicable ; IO_000011 ; I/O Properties Checks for One I/O ; The location should support the requested Current Strength.                                          ; Critical ; No Current Strength assignments found.                ; I/O  ;                   ;
; Inapplicable ; IO_000012 ; I/O Properties Checks for One I/O ; The location should support the requested On Chip Termination value.                                 ; Critical ; No Termination assignments found.                     ; I/O  ;                   ;
; Inapplicable ; IO_000013 ; I/O Properties Checks for One I/O ; The location should support the requested Bus Hold value.                                            ; Critical ; No Enable Bus-Hold Circuitry assignments found.       ; I/O  ;                   ;
; Pass         ; IO_000014 ; I/O Properties Checks for One I/O ; The location should support the requested Weak Pull Up value.                                        ; Critical ; 0 such failures found.                                ; I/O  ;                   ;
; Pass         ; IO_000015 ; I/O Properties Checks for One I/O ; The location should support the requested PCI Clamp Diode.                                           ; Critical ; 0 such failures found.                                ; I/O  ;                   ;
; Inapplicable ; IO_000018 ; I/O Properties Checks for One I/O ; The I/O standard should support the requested Current Strength.                                      ; Critical ; No Current Strength assignments found.                ; I/O  ;                   ;
; Inapplicable ; IO_000019 ; I/O Properties Checks for One I/O ; The I/O standard should support the requested On Chip Termination value.                             ; Critical ; No Termination assignments found.                     ; I/O  ;                   ;
; Pass         ; IO_000020 ; I/O Properties Checks for One I/O ; The I/O standard should support the requested PCI Clamp Diode.                                       ; Critical ; 0 such failures found.                                ; I/O  ;                   ;
; Pass         ; IO_000021 ; I/O Properties Checks for One I/O ; The I/O standard should support the requested Weak Pull Up value.                                    ; Critical ; 0 such failures found.                                ; I/O  ;                   ;
; Inapplicable ; IO_000022 ; I/O Properties Checks for One I/O ; The I/O standard should support the requested Bus Hold value.                                        ; Critical ; No Enable Bus-Hold Circuitry assignments found.       ; I/O  ;                   ;
; Pass         ; IO_000023 ; I/O Properties Checks for One I/O ; The I/O standard should support the Open Drain value.                                                ; Critical ; 0 such failures found.                                ; I/O  ;                   ;
; Inapplicable ; IO_000024 ; I/O Properties Checks for One I/O ; The I/O direction should support the On Chip Termination value.                                      ; Critical ; No Termination assignments found.                     ; I/O  ;                   ;
; Inapplicable ; IO_000026 ; I/O Properties Checks for One I/O ; On Chip Termination and Current Strength should not be used at the same time.                        ; Critical ; No Current Strength or Termination assignments found. ; I/O  ;                   ;
; Inapplicable ; IO_000027 ; I/O Properties Checks for One I/O ; Weak Pull Up and Bus Hold should not be used at the same time.                                       ; Critical ; No Enable Bus-Hold Circuitry assignments found.       ; I/O  ;                   ;
; Inapplicable ; IO_000045 ; I/O Properties Checks for One I/O ; The I/O standard should support the requested Slew Rate value.                                       ; Critical ; No Slew Rate assignments found.                       ; I/O  ;                   ;
; Inapplicable ; IO_000046 ; I/O Properties Checks for One I/O ; The location should support the requested Slew Rate value.                                           ; Critical ; No Slew Rate assignments found.                       ; I/O  ;                   ;
; Inapplicable ; IO_000047 ; I/O Properties Checks for One I/O ; On Chip Termination and Slew Rate should not be used at the same time.                               ; Critical ; No Slew Rate assignments found.                       ; I/O  ;                   ;
; Pass         ; IO_000033 ; Electromigration Checks           ; Current density for consecutive I/Os should not exceed 240mA for row I/Os and 240mA for column I/Os. ; Critical ; 0 such failures found.                                ; I/O  ;                   ;
; Inapplicable ; IO_000034 ; SI Related Distance Checks        ; Single-ended outputs should be 5 LAB row(s) away from a differential I/O.                            ; High     ; No Differential I/O Standard assignments found.       ; I/O  ;                   ;
; Inapplicable ; IO_000042 ; SI Related SSO Limit Checks       ; No more than 20 outputs are allowed in a VREF group when VREF is being read from.                    ; High     ; No VREF I/O Standard assignments found.               ; I/O  ;                   ;
+--------------+-----------+-----------------------------------+------------------------------------------------------------------------------------------------------+----------+-------------------------------------------------------+------+-------------------+


+--------------------------------------------------------------------------------------------------------------------------------------------------------------------------------------------------------------------------------------------------------------------------------------------------------------------------------------------------------------------------------------------------------------------------------------------------------------------------+
; I/O Rules Matrix                                                                                                                                                                                                                                                                                                                                                                                                                                                         ;
+--------------------+--------------+--------------+--------------+--------------+--------------+-----------+--------------+--------------+-----------+-----------+--------------+--------------+--------------+--------------+--------------+--------------+--------------+--------------+--------------+--------------+--------------+--------------+--------------+--------------+--------------+--------------+--------------+-----------+--------------+--------------+
; Pin/Rules          ; IO_000001    ; IO_000002    ; IO_000003    ; IO_000004    ; IO_000005    ; IO_000006 ; IO_000007    ; IO_000008    ; IO_000009 ; IO_000010 ; IO_000011    ; IO_000012    ; IO_000013    ; IO_000014    ; IO_000015    ; IO_000018    ; IO_000019    ; IO_000020    ; IO_000021    ; IO_000022    ; IO_000023    ; IO_000024    ; IO_000026    ; IO_000027    ; IO_000045    ; IO_000046    ; IO_000047    ; IO_000033 ; IO_000034    ; IO_000042    ;
+--------------------+--------------+--------------+--------------+--------------+--------------+-----------+--------------+--------------+-----------+-----------+--------------+--------------+--------------+--------------+--------------+--------------+--------------+--------------+--------------+--------------+--------------+--------------+--------------+--------------+--------------+--------------+--------------+-----------+--------------+--------------+
; Total Pass         ; 0            ; 0            ; 0            ; 0            ; 0            ; 87        ; 0            ; 0            ; 87        ; 87        ; 0            ; 0            ; 0            ; 2            ; 31           ; 0            ; 0            ; 31           ; 2            ; 0            ; 2            ; 0            ; 0            ; 0            ; 0            ; 0            ; 0            ; 87        ; 0            ; 0            ;
; Total Unchecked    ; 0            ; 0            ; 0            ; 0            ; 0            ; 0         ; 0            ; 0            ; 0         ; 0         ; 0            ; 0            ; 0            ; 0            ; 0            ; 0            ; 0            ; 0            ; 0            ; 0            ; 0            ; 0            ; 0            ; 0            ; 0            ; 0            ; 0            ; 0         ; 0            ; 0            ;
; Total Inapplicable ; 87           ; 87           ; 87           ; 87           ; 87           ; 0         ; 87           ; 87           ; 0         ; 0         ; 87           ; 87           ; 87           ; 85           ; 56           ; 87           ; 87           ; 56           ; 85           ; 87           ; 85           ; 87           ; 87           ; 87           ; 87           ; 87           ; 87           ; 0         ; 87           ; 87           ;
; Total Fail         ; 0            ; 0            ; 0            ; 0            ; 0            ; 0         ; 0            ; 0            ; 0         ; 0         ; 0            ; 0            ; 0            ; 0            ; 0            ; 0            ; 0            ; 0            ; 0            ; 0            ; 0            ; 0            ; 0            ; 0            ; 0            ; 0            ; 0            ; 0         ; 0            ; 0            ;
; start_gray_kn      ; Inapplicable ; Inapplicable ; Inapplicable ; Inapplicable ; Inapplicable ; Pass      ; Inapplicable ; Inapplicable ; Pass      ; Pass      ; Inapplicable ; Inapplicable ; Inapplicable ; Inapplicable ; Pass         ; Inapplicable ; Inapplicable ; Pass         ; Inapplicable ; Inapplicable ; Inapplicable ; Inapplicable ; Inapplicable ; Inapplicable ; Inapplicable ; Inapplicable ; Inapplicable ; Pass      ; Inapplicable ; Inapplicable ;
; VSYNC_cam          ; Inapplicable ; Inapplicable ; Inapplicable ; Inapplicable ; Inapplicable ; Pass      ; Inapplicable ; Inapplicable ; Pass      ; Pass      ; Inapplicable ; Inapplicable ; Inapplicable ; Inapplicable ; Pass         ; Inapplicable ; Inapplicable ; Pass         ; Inapplicable ; Inapplicable ; Inapplicable ; Inapplicable ; Inapplicable ; Inapplicable ; Inapplicable ; Inapplicable ; Inapplicable ; Pass      ; Inapplicable ; Inapplicable ;
; XCLK_cam           ; Inapplicable ; Inapplicable ; Inapplicable ; Inapplicable ; Inapplicable ; Pass      ; Inapplicable ; Inapplicable ; Pass      ; Pass      ; Inapplicable ; Inapplicable ; Inapplicable ; Inapplicable ; Inapplicable ; Inapplicable ; Inapplicable ; Inapplicable ; Inapplicable ; Inapplicable ; Inapplicable ; Inapplicable ; Inapplicable ; Inapplicable ; Inapplicable ; Inapplicable ; Inapplicable ; Pass      ; Inapplicable ; Inapplicable ;
; res_cam            ; Inapplicable ; Inapplicable ; Inapplicable ; Inapplicable ; Inapplicable ; Pass      ; Inapplicable ; Inapplicable ; Pass      ; Pass      ; Inapplicable ; Inapplicable ; Inapplicable ; Inapplicable ; Inapplicable ; Inapplicable ; Inapplicable ; Inapplicable ; Inapplicable ; Inapplicable ; Inapplicable ; Inapplicable ; Inapplicable ; Inapplicable ; Inapplicable ; Inapplicable ; Inapplicable ; Pass      ; Inapplicable ; Inapplicable ;
; on_off_cam         ; Inapplicable ; Inapplicable ; Inapplicable ; Inapplicable ; Inapplicable ; Pass      ; Inapplicable ; Inapplicable ; Pass      ; Pass      ; Inapplicable ; Inapplicable ; Inapplicable ; Inapplicable ; Inapplicable ; Inapplicable ; Inapplicable ; Inapplicable ; Inapplicable ; Inapplicable ; Inapplicable ; Inapplicable ; Inapplicable ; Inapplicable ; Inapplicable ; Inapplicable ; Inapplicable ; Pass      ; Inapplicable ; Inapplicable ;
; sioc               ; Inapplicable ; Inapplicable ; Inapplicable ; Inapplicable ; Inapplicable ; Pass      ; Inapplicable ; Inapplicable ; Pass      ; Pass      ; Inapplicable ; Inapplicable ; Inapplicable ; Pass         ; Inapplicable ; Inapplicable ; Inapplicable ; Inapplicable ; Pass         ; Inapplicable ; Pass         ; Inapplicable ; Inapplicable ; Inapplicable ; Inapplicable ; Inapplicable ; Inapplicable ; Pass      ; Inapplicable ; Inapplicable ;
; siod               ; Inapplicable ; Inapplicable ; Inapplicable ; Inapplicable ; Inapplicable ; Pass      ; Inapplicable ; Inapplicable ; Pass      ; Pass      ; Inapplicable ; Inapplicable ; Inapplicable ; Pass         ; Inapplicable ; Inapplicable ; Inapplicable ; Inapplicable ; Pass         ; Inapplicable ; Pass         ; Inapplicable ; Inapplicable ; Inapplicable ; Inapplicable ; Inapplicable ; Inapplicable ; Pass      ; Inapplicable ; Inapplicable ;
; r[0]               ; Inapplicable ; Inapplicable ; Inapplicable ; Inapplicable ; Inapplicable ; Pass      ; Inapplicable ; Inapplicable ; Pass      ; Pass      ; Inapplicable ; Inapplicable ; Inapplicable ; Inapplicable ; Inapplicable ; Inapplicable ; Inapplicable ; Inapplicable ; Inapplicable ; Inapplicable ; Inapplicable ; Inapplicable ; Inapplicable ; Inapplicable ; Inapplicable ; Inapplicable ; Inapplicable ; Pass      ; Inapplicable ; Inapplicable ;
; r[1]               ; Inapplicable ; Inapplicable ; Inapplicable ; Inapplicable ; Inapplicable ; Pass      ; Inapplicable ; Inapplicable ; Pass      ; Pass      ; Inapplicable ; Inapplicable ; Inapplicable ; Inapplicable ; Inapplicable ; Inapplicable ; Inapplicable ; Inapplicable ; Inapplicable ; Inapplicable ; Inapplicable ; Inapplicable ; Inapplicable ; Inapplicable ; Inapplicable ; Inapplicable ; Inapplicable ; Pass      ; Inapplicable ; Inapplicable ;
; r[2]               ; Inapplicable ; Inapplicable ; Inapplicable ; Inapplicable ; Inapplicable ; Pass      ; Inapplicable ; Inapplicable ; Pass      ; Pass      ; Inapplicable ; Inapplicable ; Inapplicable ; Inapplicable ; Inapplicable ; Inapplicable ; Inapplicable ; Inapplicable ; Inapplicable ; Inapplicable ; Inapplicable ; Inapplicable ; Inapplicable ; Inapplicable ; Inapplicable ; Inapplicable ; Inapplicable ; Pass      ; Inapplicable ; Inapplicable ;
; r[3]               ; Inapplicable ; Inapplicable ; Inapplicable ; Inapplicable ; Inapplicable ; Pass      ; Inapplicable ; Inapplicable ; Pass      ; Pass      ; Inapplicable ; Inapplicable ; Inapplicable ; Inapplicable ; Inapplicable ; Inapplicable ; Inapplicable ; Inapplicable ; Inapplicable ; Inapplicable ; Inapplicable ; Inapplicable ; Inapplicable ; Inapplicable ; Inapplicable ; Inapplicable ; Inapplicable ; Pass      ; Inapplicable ; Inapplicable ;
; r[4]               ; Inapplicable ; Inapplicable ; Inapplicable ; Inapplicable ; Inapplicable ; Pass      ; Inapplicable ; Inapplicable ; Pass      ; Pass      ; Inapplicable ; Inapplicable ; Inapplicable ; Inapplicable ; Inapplicable ; Inapplicable ; Inapplicable ; Inapplicable ; Inapplicable ; Inapplicable ; Inapplicable ; Inapplicable ; Inapplicable ; Inapplicable ; Inapplicable ; Inapplicable ; Inapplicable ; Pass      ; Inapplicable ; Inapplicable ;
; g[0]               ; Inapplicable ; Inapplicable ; Inapplicable ; Inapplicable ; Inapplicable ; Pass      ; Inapplicable ; Inapplicable ; Pass      ; Pass      ; Inapplicable ; Inapplicable ; Inapplicable ; Inapplicable ; Inapplicable ; Inapplicable ; Inapplicable ; Inapplicable ; Inapplicable ; Inapplicable ; Inapplicable ; Inapplicable ; Inapplicable ; Inapplicable ; Inapplicable ; Inapplicable ; Inapplicable ; Pass      ; Inapplicable ; Inapplicable ;
; g[1]               ; Inapplicable ; Inapplicable ; Inapplicable ; Inapplicable ; Inapplicable ; Pass      ; Inapplicable ; Inapplicable ; Pass      ; Pass      ; Inapplicable ; Inapplicable ; Inapplicable ; Inapplicable ; Inapplicable ; Inapplicable ; Inapplicable ; Inapplicable ; Inapplicable ; Inapplicable ; Inapplicable ; Inapplicable ; Inapplicable ; Inapplicable ; Inapplicable ; Inapplicable ; Inapplicable ; Pass      ; Inapplicable ; Inapplicable ;
; g[2]               ; Inapplicable ; Inapplicable ; Inapplicable ; Inapplicable ; Inapplicable ; Pass      ; Inapplicable ; Inapplicable ; Pass      ; Pass      ; Inapplicable ; Inapplicable ; Inapplicable ; Inapplicable ; Inapplicable ; Inapplicable ; Inapplicable ; Inapplicable ; Inapplicable ; Inapplicable ; Inapplicable ; Inapplicable ; Inapplicable ; Inapplicable ; Inapplicable ; Inapplicable ; Inapplicable ; Pass      ; Inapplicable ; Inapplicable ;
; g[3]               ; Inapplicable ; Inapplicable ; Inapplicable ; Inapplicable ; Inapplicable ; Pass      ; Inapplicable ; Inapplicable ; Pass      ; Pass      ; Inapplicable ; Inapplicable ; Inapplicable ; Inapplicable ; Inapplicable ; Inapplicable ; Inapplicable ; Inapplicable ; Inapplicable ; Inapplicable ; Inapplicable ; Inapplicable ; Inapplicable ; Inapplicable ; Inapplicable ; Inapplicable ; Inapplicable ; Pass      ; Inapplicable ; Inapplicable ;
; g[4]               ; Inapplicable ; Inapplicable ; Inapplicable ; Inapplicable ; Inapplicable ; Pass      ; Inapplicable ; Inapplicable ; Pass      ; Pass      ; Inapplicable ; Inapplicable ; Inapplicable ; Inapplicable ; Inapplicable ; Inapplicable ; Inapplicable ; Inapplicable ; Inapplicable ; Inapplicable ; Inapplicable ; Inapplicable ; Inapplicable ; Inapplicable ; Inapplicable ; Inapplicable ; Inapplicable ; Pass      ; Inapplicable ; Inapplicable ;
; g[5]               ; Inapplicable ; Inapplicable ; Inapplicable ; Inapplicable ; Inapplicable ; Pass      ; Inapplicable ; Inapplicable ; Pass      ; Pass      ; Inapplicable ; Inapplicable ; Inapplicable ; Inapplicable ; Inapplicable ; Inapplicable ; Inapplicable ; Inapplicable ; Inapplicable ; Inapplicable ; Inapplicable ; Inapplicable ; Inapplicable ; Inapplicable ; Inapplicable ; Inapplicable ; Inapplicable ; Pass      ; Inapplicable ; Inapplicable ;
; b[0]               ; Inapplicable ; Inapplicable ; Inapplicable ; Inapplicable ; Inapplicable ; Pass      ; Inapplicable ; Inapplicable ; Pass      ; Pass      ; Inapplicable ; Inapplicable ; Inapplicable ; Inapplicable ; Inapplicable ; Inapplicable ; Inapplicable ; Inapplicable ; Inapplicable ; Inapplicable ; Inapplicable ; Inapplicable ; Inapplicable ; Inapplicable ; Inapplicable ; Inapplicable ; Inapplicable ; Pass      ; Inapplicable ; Inapplicable ;
; b[1]               ; Inapplicable ; Inapplicable ; Inapplicable ; Inapplicable ; Inapplicable ; Pass      ; Inapplicable ; Inapplicable ; Pass      ; Pass      ; Inapplicable ; Inapplicable ; Inapplicable ; Inapplicable ; Inapplicable ; Inapplicable ; Inapplicable ; Inapplicable ; Inapplicable ; Inapplicable ; Inapplicable ; Inapplicable ; Inapplicable ; Inapplicable ; Inapplicable ; Inapplicable ; Inapplicable ; Pass      ; Inapplicable ; Inapplicable ;
; b[2]               ; Inapplicable ; Inapplicable ; Inapplicable ; Inapplicable ; Inapplicable ; Pass      ; Inapplicable ; Inapplicable ; Pass      ; Pass      ; Inapplicable ; Inapplicable ; Inapplicable ; Inapplicable ; Inapplicable ; Inapplicable ; Inapplicable ; Inapplicable ; Inapplicable ; Inapplicable ; Inapplicable ; Inapplicable ; Inapplicable ; Inapplicable ; Inapplicable ; Inapplicable ; Inapplicable ; Pass      ; Inapplicable ; Inapplicable ;
; b[3]               ; Inapplicable ; Inapplicable ; Inapplicable ; Inapplicable ; Inapplicable ; Pass      ; Inapplicable ; Inapplicable ; Pass      ; Pass      ; Inapplicable ; Inapplicable ; Inapplicable ; Inapplicable ; Inapplicable ; Inapplicable ; Inapplicable ; Inapplicable ; Inapplicable ; Inapplicable ; Inapplicable ; Inapplicable ; Inapplicable ; Inapplicable ; Inapplicable ; Inapplicable ; Inapplicable ; Pass      ; Inapplicable ; Inapplicable ;
; b[4]               ; Inapplicable ; Inapplicable ; Inapplicable ; Inapplicable ; Inapplicable ; Pass      ; Inapplicable ; Inapplicable ; Pass      ; Pass      ; Inapplicable ; Inapplicable ; Inapplicable ; Inapplicable ; Inapplicable ; Inapplicable ; Inapplicable ; Inapplicable ; Inapplicable ; Inapplicable ; Inapplicable ; Inapplicable ; Inapplicable ; Inapplicable ; Inapplicable ; Inapplicable ; Inapplicable ; Pass      ; Inapplicable ; Inapplicable ;
; cs_n               ; Inapplicable ; Inapplicable ; Inapplicable ; Inapplicable ; Inapplicable ; Pass      ; Inapplicable ; Inapplicable ; Pass      ; Pass      ; Inapplicable ; Inapplicable ; Inapplicable ; Inapplicable ; Inapplicable ; Inapplicable ; Inapplicable ; Inapplicable ; Inapplicable ; Inapplicable ; Inapplicable ; Inapplicable ; Inapplicable ; Inapplicable ; Inapplicable ; Inapplicable ; Inapplicable ; Pass      ; Inapplicable ; Inapplicable ;
; ras_n              ; Inapplicable ; Inapplicable ; Inapplicable ; Inapplicable ; Inapplicable ; Pass      ; Inapplicable ; Inapplicable ; Pass      ; Pass      ; Inapplicable ; Inapplicable ; Inapplicable ; Inapplicable ; Inapplicable ; Inapplicable ; Inapplicable ; Inapplicable ; Inapplicable ; Inapplicable ; Inapplicable ; Inapplicable ; Inapplicable ; Inapplicable ; Inapplicable ; Inapplicable ; Inapplicable ; Pass      ; Inapplicable ; Inapplicable ;
; cas_n              ; Inapplicable ; Inapplicable ; Inapplicable ; Inapplicable ; Inapplicable ; Pass      ; Inapplicable ; Inapplicable ; Pass      ; Pass      ; Inapplicable ; Inapplicable ; Inapplicable ; Inapplicable ; Inapplicable ; Inapplicable ; Inapplicable ; Inapplicable ; Inapplicable ; Inapplicable ; Inapplicable ; Inapplicable ; Inapplicable ; Inapplicable ; Inapplicable ; Inapplicable ; Inapplicable ; Pass      ; Inapplicable ; Inapplicable ;
; we_n               ; Inapplicable ; Inapplicable ; Inapplicable ; Inapplicable ; Inapplicable ; Pass      ; Inapplicable ; Inapplicable ; Pass      ; Pass      ; Inapplicable ; Inapplicable ; Inapplicable ; Inapplicable ; Inapplicable ; Inapplicable ; Inapplicable ; Inapplicable ; Inapplicable ; Inapplicable ; Inapplicable ; Inapplicable ; Inapplicable ; Inapplicable ; Inapplicable ; Inapplicable ; Inapplicable ; Pass      ; Inapplicable ; Inapplicable ;
; dqm[0]             ; Inapplicable ; Inapplicable ; Inapplicable ; Inapplicable ; Inapplicable ; Pass      ; Inapplicable ; Inapplicable ; Pass      ; Pass      ; Inapplicable ; Inapplicable ; Inapplicable ; Inapplicable ; Inapplicable ; Inapplicable ; Inapplicable ; Inapplicable ; Inapplicable ; Inapplicable ; Inapplicable ; Inapplicable ; Inapplicable ; Inapplicable ; Inapplicable ; Inapplicable ; Inapplicable ; Pass      ; Inapplicable ; Inapplicable ;
; dqm[1]             ; Inapplicable ; Inapplicable ; Inapplicable ; Inapplicable ; Inapplicable ; Pass      ; Inapplicable ; Inapplicable ; Pass      ; Pass      ; Inapplicable ; Inapplicable ; Inapplicable ; Inapplicable ; Inapplicable ; Inapplicable ; Inapplicable ; Inapplicable ; Inapplicable ; Inapplicable ; Inapplicable ; Inapplicable ; Inapplicable ; Inapplicable ; Inapplicable ; Inapplicable ; Inapplicable ; Pass      ; Inapplicable ; Inapplicable ;
; sd_addr[0]         ; Inapplicable ; Inapplicable ; Inapplicable ; Inapplicable ; Inapplicable ; Pass      ; Inapplicable ; Inapplicable ; Pass      ; Pass      ; Inapplicable ; Inapplicable ; Inapplicable ; Inapplicable ; Inapplicable ; Inapplicable ; Inapplicable ; Inapplicable ; Inapplicable ; Inapplicable ; Inapplicable ; Inapplicable ; Inapplicable ; Inapplicable ; Inapplicable ; Inapplicable ; Inapplicable ; Pass      ; Inapplicable ; Inapplicable ;
; sd_addr[1]         ; Inapplicable ; Inapplicable ; Inapplicable ; Inapplicable ; Inapplicable ; Pass      ; Inapplicable ; Inapplicable ; Pass      ; Pass      ; Inapplicable ; Inapplicable ; Inapplicable ; Inapplicable ; Inapplicable ; Inapplicable ; Inapplicable ; Inapplicable ; Inapplicable ; Inapplicable ; Inapplicable ; Inapplicable ; Inapplicable ; Inapplicable ; Inapplicable ; Inapplicable ; Inapplicable ; Pass      ; Inapplicable ; Inapplicable ;
; sd_addr[2]         ; Inapplicable ; Inapplicable ; Inapplicable ; Inapplicable ; Inapplicable ; Pass      ; Inapplicable ; Inapplicable ; Pass      ; Pass      ; Inapplicable ; Inapplicable ; Inapplicable ; Inapplicable ; Inapplicable ; Inapplicable ; Inapplicable ; Inapplicable ; Inapplicable ; Inapplicable ; Inapplicable ; Inapplicable ; Inapplicable ; Inapplicable ; Inapplicable ; Inapplicable ; Inapplicable ; Pass      ; Inapplicable ; Inapplicable ;
; sd_addr[3]         ; Inapplicable ; Inapplicable ; Inapplicable ; Inapplicable ; Inapplicable ; Pass      ; Inapplicable ; Inapplicable ; Pass      ; Pass      ; Inapplicable ; Inapplicable ; Inapplicable ; Inapplicable ; Inapplicable ; Inapplicable ; Inapplicable ; Inapplicable ; Inapplicable ; Inapplicable ; Inapplicable ; Inapplicable ; Inapplicable ; Inapplicable ; Inapplicable ; Inapplicable ; Inapplicable ; Pass      ; Inapplicable ; Inapplicable ;
; sd_addr[4]         ; Inapplicable ; Inapplicable ; Inapplicable ; Inapplicable ; Inapplicable ; Pass      ; Inapplicable ; Inapplicable ; Pass      ; Pass      ; Inapplicable ; Inapplicable ; Inapplicable ; Inapplicable ; Inapplicable ; Inapplicable ; Inapplicable ; Inapplicable ; Inapplicable ; Inapplicable ; Inapplicable ; Inapplicable ; Inapplicable ; Inapplicable ; Inapplicable ; Inapplicable ; Inapplicable ; Pass      ; Inapplicable ; Inapplicable ;
; sd_addr[5]         ; Inapplicable ; Inapplicable ; Inapplicable ; Inapplicable ; Inapplicable ; Pass      ; Inapplicable ; Inapplicable ; Pass      ; Pass      ; Inapplicable ; Inapplicable ; Inapplicable ; Inapplicable ; Inapplicable ; Inapplicable ; Inapplicable ; Inapplicable ; Inapplicable ; Inapplicable ; Inapplicable ; Inapplicable ; Inapplicable ; Inapplicable ; Inapplicable ; Inapplicable ; Inapplicable ; Pass      ; Inapplicable ; Inapplicable ;
; sd_addr[6]         ; Inapplicable ; Inapplicable ; Inapplicable ; Inapplicable ; Inapplicable ; Pass      ; Inapplicable ; Inapplicable ; Pass      ; Pass      ; Inapplicable ; Inapplicable ; Inapplicable ; Inapplicable ; Inapplicable ; Inapplicable ; Inapplicable ; Inapplicable ; Inapplicable ; Inapplicable ; Inapplicable ; Inapplicable ; Inapplicable ; Inapplicable ; Inapplicable ; Inapplicable ; Inapplicable ; Pass      ; Inapplicable ; Inapplicable ;
; sd_addr[7]         ; Inapplicable ; Inapplicable ; Inapplicable ; Inapplicable ; Inapplicable ; Pass      ; Inapplicable ; Inapplicable ; Pass      ; Pass      ; Inapplicable ; Inapplicable ; Inapplicable ; Inapplicable ; Inapplicable ; Inapplicable ; Inapplicable ; Inapplicable ; Inapplicable ; Inapplicable ; Inapplicable ; Inapplicable ; Inapplicable ; Inapplicable ; Inapplicable ; Inapplicable ; Inapplicable ; Pass      ; Inapplicable ; Inapplicable ;
; sd_addr[8]         ; Inapplicable ; Inapplicable ; Inapplicable ; Inapplicable ; Inapplicable ; Pass      ; Inapplicable ; Inapplicable ; Pass      ; Pass      ; Inapplicable ; Inapplicable ; Inapplicable ; Inapplicable ; Inapplicable ; Inapplicable ; Inapplicable ; Inapplicable ; Inapplicable ; Inapplicable ; Inapplicable ; Inapplicable ; Inapplicable ; Inapplicable ; Inapplicable ; Inapplicable ; Inapplicable ; Pass      ; Inapplicable ; Inapplicable ;
; sd_addr[9]         ; Inapplicable ; Inapplicable ; Inapplicable ; Inapplicable ; Inapplicable ; Pass      ; Inapplicable ; Inapplicable ; Pass      ; Pass      ; Inapplicable ; Inapplicable ; Inapplicable ; Inapplicable ; Inapplicable ; Inapplicable ; Inapplicable ; Inapplicable ; Inapplicable ; Inapplicable ; Inapplicable ; Inapplicable ; Inapplicable ; Inapplicable ; Inapplicable ; Inapplicable ; Inapplicable ; Pass      ; Inapplicable ; Inapplicable ;
; sd_addr[10]        ; Inapplicable ; Inapplicable ; Inapplicable ; Inapplicable ; Inapplicable ; Pass      ; Inapplicable ; Inapplicable ; Pass      ; Pass      ; Inapplicable ; Inapplicable ; Inapplicable ; Inapplicable ; Inapplicable ; Inapplicable ; Inapplicable ; Inapplicable ; Inapplicable ; Inapplicable ; Inapplicable ; Inapplicable ; Inapplicable ; Inapplicable ; Inapplicable ; Inapplicable ; Inapplicable ; Pass      ; Inapplicable ; Inapplicable ;
; sd_addr[11]        ; Inapplicable ; Inapplicable ; Inapplicable ; Inapplicable ; Inapplicable ; Pass      ; Inapplicable ; Inapplicable ; Pass      ; Pass      ; Inapplicable ; Inapplicable ; Inapplicable ; Inapplicable ; Inapplicable ; Inapplicable ; Inapplicable ; Inapplicable ; Inapplicable ; Inapplicable ; Inapplicable ; Inapplicable ; Inapplicable ; Inapplicable ; Inapplicable ; Inapplicable ; Inapplicable ; Pass      ; Inapplicable ; Inapplicable ;
; ba[0]              ; Inapplicable ; Inapplicable ; Inapplicable ; Inapplicable ; Inapplicable ; Pass      ; Inapplicable ; Inapplicable ; Pass      ; Pass      ; Inapplicable ; Inapplicable ; Inapplicable ; Inapplicable ; Inapplicable ; Inapplicable ; Inapplicable ; Inapplicable ; Inapplicable ; Inapplicable ; Inapplicable ; Inapplicable ; Inapplicable ; Inapplicable ; Inapplicable ; Inapplicable ; Inapplicable ; Pass      ; Inapplicable ; Inapplicable ;
; ba[1]              ; Inapplicable ; Inapplicable ; Inapplicable ; Inapplicable ; Inapplicable ; Pass      ; Inapplicable ; Inapplicable ; Pass      ; Pass      ; Inapplicable ; Inapplicable ; Inapplicable ; Inapplicable ; Inapplicable ; Inapplicable ; Inapplicable ; Inapplicable ; Inapplicable ; Inapplicable ; Inapplicable ; Inapplicable ; Inapplicable ; Inapplicable ; Inapplicable ; Inapplicable ; Inapplicable ; Pass      ; Inapplicable ; Inapplicable ;
; Cke                ; Inapplicable ; Inapplicable ; Inapplicable ; Inapplicable ; Inapplicable ; Pass      ; Inapplicable ; Inapplicable ; Pass      ; Pass      ; Inapplicable ; Inapplicable ; Inapplicable ; Inapplicable ; Inapplicable ; Inapplicable ; Inapplicable ; Inapplicable ; Inapplicable ; Inapplicable ; Inapplicable ; Inapplicable ; Inapplicable ; Inapplicable ; Inapplicable ; Inapplicable ; Inapplicable ; Pass      ; Inapplicable ; Inapplicable ;
; sdram_clk          ; Inapplicable ; Inapplicable ; Inapplicable ; Inapplicable ; Inapplicable ; Pass      ; Inapplicable ; Inapplicable ; Pass      ; Pass      ; Inapplicable ; Inapplicable ; Inapplicable ; Inapplicable ; Inapplicable ; Inapplicable ; Inapplicable ; Inapplicable ; Inapplicable ; Inapplicable ; Inapplicable ; Inapplicable ; Inapplicable ; Inapplicable ; Inapplicable ; Inapplicable ; Inapplicable ; Pass      ; Inapplicable ; Inapplicable ;
; tft_sdo            ; Inapplicable ; Inapplicable ; Inapplicable ; Inapplicable ; Inapplicable ; Pass      ; Inapplicable ; Inapplicable ; Pass      ; Pass      ; Inapplicable ; Inapplicable ; Inapplicable ; Inapplicable ; Pass         ; Inapplicable ; Inapplicable ; Pass         ; Inapplicable ; Inapplicable ; Inapplicable ; Inapplicable ; Inapplicable ; Inapplicable ; Inapplicable ; Inapplicable ; Inapplicable ; Pass      ; Inapplicable ; Inapplicable ;
; tft_sck            ; Inapplicable ; Inapplicable ; Inapplicable ; Inapplicable ; Inapplicable ; Pass      ; Inapplicable ; Inapplicable ; Pass      ; Pass      ; Inapplicable ; Inapplicable ; Inapplicable ; Inapplicable ; Inapplicable ; Inapplicable ; Inapplicable ; Inapplicable ; Inapplicable ; Inapplicable ; Inapplicable ; Inapplicable ; Inapplicable ; Inapplicable ; Inapplicable ; Inapplicable ; Inapplicable ; Pass      ; Inapplicable ; Inapplicable ;
; tft_sdi            ; Inapplicable ; Inapplicable ; Inapplicable ; Inapplicable ; Inapplicable ; Pass      ; Inapplicable ; Inapplicable ; Pass      ; Pass      ; Inapplicable ; Inapplicable ; Inapplicable ; Inapplicable ; Inapplicable ; Inapplicable ; Inapplicable ; Inapplicable ; Inapplicable ; Inapplicable ; Inapplicable ; Inapplicable ; Inapplicable ; Inapplicable ; Inapplicable ; Inapplicable ; Inapplicable ; Pass      ; Inapplicable ; Inapplicable ;
; tft_dc             ; Inapplicable ; Inapplicable ; Inapplicable ; Inapplicable ; Inapplicable ; Pass      ; Inapplicable ; Inapplicable ; Pass      ; Pass      ; Inapplicable ; Inapplicable ; Inapplicable ; Inapplicable ; Inapplicable ; Inapplicable ; Inapplicable ; Inapplicable ; Inapplicable ; Inapplicable ; Inapplicable ; Inapplicable ; Inapplicable ; Inapplicable ; Inapplicable ; Inapplicable ; Inapplicable ; Pass      ; Inapplicable ; Inapplicable ;
; tft_reset          ; Inapplicable ; Inapplicable ; Inapplicable ; Inapplicable ; Inapplicable ; Pass      ; Inapplicable ; Inapplicable ; Pass      ; Pass      ; Inapplicable ; Inapplicable ; Inapplicable ; Inapplicable ; Inapplicable ; Inapplicable ; Inapplicable ; Inapplicable ; Inapplicable ; Inapplicable ; Inapplicable ; Inapplicable ; Inapplicable ; Inapplicable ; Inapplicable ; Inapplicable ; Inapplicable ; Pass      ; Inapplicable ; Inapplicable ;
; tft_cs             ; Inapplicable ; Inapplicable ; Inapplicable ; Inapplicable ; Inapplicable ; Pass      ; Inapplicable ; Inapplicable ; Pass      ; Pass      ; Inapplicable ; Inapplicable ; Inapplicable ; Inapplicable ; Inapplicable ; Inapplicable ; Inapplicable ; Inapplicable ; Inapplicable ; Inapplicable ; Inapplicable ; Inapplicable ; Inapplicable ; Inapplicable ; Inapplicable ; Inapplicable ; Inapplicable ; Pass      ; Inapplicable ; Inapplicable ;
; LED[0]             ; Inapplicable ; Inapplicable ; Inapplicable ; Inapplicable ; Inapplicable ; Pass      ; Inapplicable ; Inapplicable ; Pass      ; Pass      ; Inapplicable ; Inapplicable ; Inapplicable ; Inapplicable ; Inapplicable ; Inapplicable ; Inapplicable ; Inapplicable ; Inapplicable ; Inapplicable ; Inapplicable ; Inapplicable ; Inapplicable ; Inapplicable ; Inapplicable ; Inapplicable ; Inapplicable ; Pass      ; Inapplicable ; Inapplicable ;
; LED[1]             ; Inapplicable ; Inapplicable ; Inapplicable ; Inapplicable ; Inapplicable ; Pass      ; Inapplicable ; Inapplicable ; Pass      ; Pass      ; Inapplicable ; Inapplicable ; Inapplicable ; Inapplicable ; Inapplicable ; Inapplicable ; Inapplicable ; Inapplicable ; Inapplicable ; Inapplicable ; Inapplicable ; Inapplicable ; Inapplicable ; Inapplicable ; Inapplicable ; Inapplicable ; Inapplicable ; Pass      ; Inapplicable ; Inapplicable ;
; LED[2]             ; Inapplicable ; Inapplicable ; Inapplicable ; Inapplicable ; Inapplicable ; Pass      ; Inapplicable ; Inapplicable ; Pass      ; Pass      ; Inapplicable ; Inapplicable ; Inapplicable ; Inapplicable ; Inapplicable ; Inapplicable ; Inapplicable ; Inapplicable ; Inapplicable ; Inapplicable ; Inapplicable ; Inapplicable ; Inapplicable ; Inapplicable ; Inapplicable ; Inapplicable ; Inapplicable ; Pass      ; Inapplicable ; Inapplicable ;
; LED[3]             ; Inapplicable ; Inapplicable ; Inapplicable ; Inapplicable ; Inapplicable ; Pass      ; Inapplicable ; Inapplicable ; Pass      ; Pass      ; Inapplicable ; Inapplicable ; Inapplicable ; Inapplicable ; Inapplicable ; Inapplicable ; Inapplicable ; Inapplicable ; Inapplicable ; Inapplicable ; Inapplicable ; Inapplicable ; Inapplicable ; Inapplicable ; Inapplicable ; Inapplicable ; Inapplicable ; Pass      ; Inapplicable ; Inapplicable ;
; LED[4]             ; Inapplicable ; Inapplicable ; Inapplicable ; Inapplicable ; Inapplicable ; Pass      ; Inapplicable ; Inapplicable ; Pass      ; Pass      ; Inapplicable ; Inapplicable ; Inapplicable ; Inapplicable ; Inapplicable ; Inapplicable ; Inapplicable ; Inapplicable ; Inapplicable ; Inapplicable ; Inapplicable ; Inapplicable ; Inapplicable ; Inapplicable ; Inapplicable ; Inapplicable ; Inapplicable ; Pass      ; Inapplicable ; Inapplicable ;
; LED[5]             ; Inapplicable ; Inapplicable ; Inapplicable ; Inapplicable ; Inapplicable ; Pass      ; Inapplicable ; Inapplicable ; Pass      ; Pass      ; Inapplicable ; Inapplicable ; Inapplicable ; Inapplicable ; Inapplicable ; Inapplicable ; Inapplicable ; Inapplicable ; Inapplicable ; Inapplicable ; Inapplicable ; Inapplicable ; Inapplicable ; Inapplicable ; Inapplicable ; Inapplicable ; Inapplicable ; Pass      ; Inapplicable ; Inapplicable ;
; LED[6]             ; Inapplicable ; Inapplicable ; Inapplicable ; Inapplicable ; Inapplicable ; Pass      ; Inapplicable ; Inapplicable ; Pass      ; Pass      ; Inapplicable ; Inapplicable ; Inapplicable ; Inapplicable ; Inapplicable ; Inapplicable ; Inapplicable ; Inapplicable ; Inapplicable ; Inapplicable ; Inapplicable ; Inapplicable ; Inapplicable ; Inapplicable ; Inapplicable ; Inapplicable ; Inapplicable ; Pass      ; Inapplicable ; Inapplicable ;
; LED[7]             ; Inapplicable ; Inapplicable ; Inapplicable ; Inapplicable ; Inapplicable ; Pass      ; Inapplicable ; Inapplicable ; Pass      ; Pass      ; Inapplicable ; Inapplicable ; Inapplicable ; Inapplicable ; Inapplicable ; Inapplicable ; Inapplicable ; Inapplicable ; Inapplicable ; Inapplicable ; Inapplicable ; Inapplicable ; Inapplicable ; Inapplicable ; Inapplicable ; Inapplicable ; Inapplicable ; Pass      ; Inapplicable ; Inapplicable ;
; sd_data[0]         ; Inapplicable ; Inapplicable ; Inapplicable ; Inapplicable ; Inapplicable ; Pass      ; Inapplicable ; Inapplicable ; Pass      ; Pass      ; Inapplicable ; Inapplicable ; Inapplicable ; Inapplicable ; Pass         ; Inapplicable ; Inapplicable ; Pass         ; Inapplicable ; Inapplicable ; Inapplicable ; Inapplicable ; Inapplicable ; Inapplicable ; Inapplicable ; Inapplicable ; Inapplicable ; Pass      ; Inapplicable ; Inapplicable ;
; sd_data[1]         ; Inapplicable ; Inapplicable ; Inapplicable ; Inapplicable ; Inapplicable ; Pass      ; Inapplicable ; Inapplicable ; Pass      ; Pass      ; Inapplicable ; Inapplicable ; Inapplicable ; Inapplicable ; Pass         ; Inapplicable ; Inapplicable ; Pass         ; Inapplicable ; Inapplicable ; Inapplicable ; Inapplicable ; Inapplicable ; Inapplicable ; Inapplicable ; Inapplicable ; Inapplicable ; Pass      ; Inapplicable ; Inapplicable ;
; sd_data[2]         ; Inapplicable ; Inapplicable ; Inapplicable ; Inapplicable ; Inapplicable ; Pass      ; Inapplicable ; Inapplicable ; Pass      ; Pass      ; Inapplicable ; Inapplicable ; Inapplicable ; Inapplicable ; Pass         ; Inapplicable ; Inapplicable ; Pass         ; Inapplicable ; Inapplicable ; Inapplicable ; Inapplicable ; Inapplicable ; Inapplicable ; Inapplicable ; Inapplicable ; Inapplicable ; Pass      ; Inapplicable ; Inapplicable ;
; sd_data[3]         ; Inapplicable ; Inapplicable ; Inapplicable ; Inapplicable ; Inapplicable ; Pass      ; Inapplicable ; Inapplicable ; Pass      ; Pass      ; Inapplicable ; Inapplicable ; Inapplicable ; Inapplicable ; Pass         ; Inapplicable ; Inapplicable ; Pass         ; Inapplicable ; Inapplicable ; Inapplicable ; Inapplicable ; Inapplicable ; Inapplicable ; Inapplicable ; Inapplicable ; Inapplicable ; Pass      ; Inapplicable ; Inapplicable ;
; sd_data[4]         ; Inapplicable ; Inapplicable ; Inapplicable ; Inapplicable ; Inapplicable ; Pass      ; Inapplicable ; Inapplicable ; Pass      ; Pass      ; Inapplicable ; Inapplicable ; Inapplicable ; Inapplicable ; Pass         ; Inapplicable ; Inapplicable ; Pass         ; Inapplicable ; Inapplicable ; Inapplicable ; Inapplicable ; Inapplicable ; Inapplicable ; Inapplicable ; Inapplicable ; Inapplicable ; Pass      ; Inapplicable ; Inapplicable ;
; sd_data[5]         ; Inapplicable ; Inapplicable ; Inapplicable ; Inapplicable ; Inapplicable ; Pass      ; Inapplicable ; Inapplicable ; Pass      ; Pass      ; Inapplicable ; Inapplicable ; Inapplicable ; Inapplicable ; Pass         ; Inapplicable ; Inapplicable ; Pass         ; Inapplicable ; Inapplicable ; Inapplicable ; Inapplicable ; Inapplicable ; Inapplicable ; Inapplicable ; Inapplicable ; Inapplicable ; Pass      ; Inapplicable ; Inapplicable ;
; sd_data[6]         ; Inapplicable ; Inapplicable ; Inapplicable ; Inapplicable ; Inapplicable ; Pass      ; Inapplicable ; Inapplicable ; Pass      ; Pass      ; Inapplicable ; Inapplicable ; Inapplicable ; Inapplicable ; Pass         ; Inapplicable ; Inapplicable ; Pass         ; Inapplicable ; Inapplicable ; Inapplicable ; Inapplicable ; Inapplicable ; Inapplicable ; Inapplicable ; Inapplicable ; Inapplicable ; Pass      ; Inapplicable ; Inapplicable ;
; sd_data[7]         ; Inapplicable ; Inapplicable ; Inapplicable ; Inapplicable ; Inapplicable ; Pass      ; Inapplicable ; Inapplicable ; Pass      ; Pass      ; Inapplicable ; Inapplicable ; Inapplicable ; Inapplicable ; Pass         ; Inapplicable ; Inapplicable ; Pass         ; Inapplicable ; Inapplicable ; Inapplicable ; Inapplicable ; Inapplicable ; Inapplicable ; Inapplicable ; Inapplicable ; Inapplicable ; Pass      ; Inapplicable ; Inapplicable ;
; sd_data[8]         ; Inapplicable ; Inapplicable ; Inapplicable ; Inapplicable ; Inapplicable ; Pass      ; Inapplicable ; Inapplicable ; Pass      ; Pass      ; Inapplicable ; Inapplicable ; Inapplicable ; Inapplicable ; Pass         ; Inapplicable ; Inapplicable ; Pass         ; Inapplicable ; Inapplicable ; Inapplicable ; Inapplicable ; Inapplicable ; Inapplicable ; Inapplicable ; Inapplicable ; Inapplicable ; Pass      ; Inapplicable ; Inapplicable ;
; sd_data[9]         ; Inapplicable ; Inapplicable ; Inapplicable ; Inapplicable ; Inapplicable ; Pass      ; Inapplicable ; Inapplicable ; Pass      ; Pass      ; Inapplicable ; Inapplicable ; Inapplicable ; Inapplicable ; Pass         ; Inapplicable ; Inapplicable ; Pass         ; Inapplicable ; Inapplicable ; Inapplicable ; Inapplicable ; Inapplicable ; Inapplicable ; Inapplicable ; Inapplicable ; Inapplicable ; Pass      ; Inapplicable ; Inapplicable ;
; sd_data[10]        ; Inapplicable ; Inapplicable ; Inapplicable ; Inapplicable ; Inapplicable ; Pass      ; Inapplicable ; Inapplicable ; Pass      ; Pass      ; Inapplicable ; Inapplicable ; Inapplicable ; Inapplicable ; Pass         ; Inapplicable ; Inapplicable ; Pass         ; Inapplicable ; Inapplicable ; Inapplicable ; Inapplicable ; Inapplicable ; Inapplicable ; Inapplicable ; Inapplicable ; Inapplicable ; Pass      ; Inapplicable ; Inapplicable ;
; sd_data[11]        ; Inapplicable ; Inapplicable ; Inapplicable ; Inapplicable ; Inapplicable ; Pass      ; Inapplicable ; Inapplicable ; Pass      ; Pass      ; Inapplicable ; Inapplicable ; Inapplicable ; Inapplicable ; Pass         ; Inapplicable ; Inapplicable ; Pass         ; Inapplicable ; Inapplicable ; Inapplicable ; Inapplicable ; Inapplicable ; Inapplicable ; Inapplicable ; Inapplicable ; Inapplicable ; Pass      ; Inapplicable ; Inapplicable ;
; sd_data[12]        ; Inapplicable ; Inapplicable ; Inapplicable ; Inapplicable ; Inapplicable ; Pass      ; Inapplicable ; Inapplicable ; Pass      ; Pass      ; Inapplicable ; Inapplicable ; Inapplicable ; Inapplicable ; Pass         ; Inapplicable ; Inapplicable ; Pass         ; Inapplicable ; Inapplicable ; Inapplicable ; Inapplicable ; Inapplicable ; Inapplicable ; Inapplicable ; Inapplicable ; Inapplicable ; Pass      ; Inapplicable ; Inapplicable ;
; sd_data[13]        ; Inapplicable ; Inapplicable ; Inapplicable ; Inapplicable ; Inapplicable ; Pass      ; Inapplicable ; Inapplicable ; Pass      ; Pass      ; Inapplicable ; Inapplicable ; Inapplicable ; Inapplicable ; Pass         ; Inapplicable ; Inapplicable ; Pass         ; Inapplicable ; Inapplicable ; Inapplicable ; Inapplicable ; Inapplicable ; Inapplicable ; Inapplicable ; Inapplicable ; Inapplicable ; Pass      ; Inapplicable ; Inapplicable ;
; sd_data[14]        ; Inapplicable ; Inapplicable ; Inapplicable ; Inapplicable ; Inapplicable ; Pass      ; Inapplicable ; Inapplicable ; Pass      ; Pass      ; Inapplicable ; Inapplicable ; Inapplicable ; Inapplicable ; Pass         ; Inapplicable ; Inapplicable ; Pass         ; Inapplicable ; Inapplicable ; Inapplicable ; Inapplicable ; Inapplicable ; Inapplicable ; Inapplicable ; Inapplicable ; Inapplicable ; Pass      ; Inapplicable ; Inapplicable ;
; sd_data[15]        ; Inapplicable ; Inapplicable ; Inapplicable ; Inapplicable ; Inapplicable ; Pass      ; Inapplicable ; Inapplicable ; Pass      ; Pass      ; Inapplicable ; Inapplicable ; Inapplicable ; Inapplicable ; Pass         ; Inapplicable ; Inapplicable ; Pass         ; Inapplicable ; Inapplicable ; Inapplicable ; Inapplicable ; Inapplicable ; Inapplicable ; Inapplicable ; Inapplicable ; Inapplicable ; Pass      ; Inapplicable ; Inapplicable ;
; rst                ; Inapplicable ; Inapplicable ; Inapplicable ; Inapplicable ; Inapplicable ; Pass      ; Inapplicable ; Inapplicable ; Pass      ; Pass      ; Inapplicable ; Inapplicable ; Inapplicable ; Inapplicable ; Pass         ; Inapplicable ; Inapplicable ; Pass         ; Inapplicable ; Inapplicable ; Inapplicable ; Inapplicable ; Inapplicable ; Inapplicable ; Inapplicable ; Inapplicable ; Inapplicable ; Pass      ; Inapplicable ; Inapplicable ;
; clk50              ; Inapplicable ; Inapplicable ; Inapplicable ; Inapplicable ; Inapplicable ; Pass      ; Inapplicable ; Inapplicable ; Pass      ; Pass      ; Inapplicable ; Inapplicable ; Inapplicable ; Inapplicable ; Pass         ; Inapplicable ; Inapplicable ; Pass         ; Inapplicable ; Inapplicable ; Inapplicable ; Inapplicable ; Inapplicable ; Inapplicable ; Inapplicable ; Inapplicable ; Inapplicable ; Pass      ; Inapplicable ; Inapplicable ;
; PCLK_cam           ; Inapplicable ; Inapplicable ; Inapplicable ; Inapplicable ; Inapplicable ; Pass      ; Inapplicable ; Inapplicable ; Pass      ; Pass      ; Inapplicable ; Inapplicable ; Inapplicable ; Inapplicable ; Pass         ; Inapplicable ; Inapplicable ; Pass         ; Inapplicable ; Inapplicable ; Inapplicable ; Inapplicable ; Inapplicable ; Inapplicable ; Inapplicable ; Inapplicable ; Inapplicable ; Pass      ; Inapplicable ; Inapplicable ;
; HREF_cam           ; Inapplicable ; Inapplicable ; Inapplicable ; Inapplicable ; Inapplicable ; Pass      ; Inapplicable ; Inapplicable ; Pass      ; Pass      ; Inapplicable ; Inapplicable ; Inapplicable ; Inapplicable ; Pass         ; Inapplicable ; Inapplicable ; Pass         ; Inapplicable ; Inapplicable ; Inapplicable ; Inapplicable ; Inapplicable ; Inapplicable ; Inapplicable ; Inapplicable ; Inapplicable ; Pass      ; Inapplicable ; Inapplicable ;
; data_cam[0]        ; Inapplicable ; Inapplicable ; Inapplicable ; Inapplicable ; Inapplicable ; Pass      ; Inapplicable ; Inapplicable ; Pass      ; Pass      ; Inapplicable ; Inapplicable ; Inapplicable ; Inapplicable ; Pass         ; Inapplicable ; Inapplicable ; Pass         ; Inapplicable ; Inapplicable ; Inapplicable ; Inapplicable ; Inapplicable ; Inapplicable ; Inapplicable ; Inapplicable ; Inapplicable ; Pass      ; Inapplicable ; Inapplicable ;
; data_cam[1]        ; Inapplicable ; Inapplicable ; Inapplicable ; Inapplicable ; Inapplicable ; Pass      ; Inapplicable ; Inapplicable ; Pass      ; Pass      ; Inapplicable ; Inapplicable ; Inapplicable ; Inapplicable ; Pass         ; Inapplicable ; Inapplicable ; Pass         ; Inapplicable ; Inapplicable ; Inapplicable ; Inapplicable ; Inapplicable ; Inapplicable ; Inapplicable ; Inapplicable ; Inapplicable ; Pass      ; Inapplicable ; Inapplicable ;
; data_cam[2]        ; Inapplicable ; Inapplicable ; Inapplicable ; Inapplicable ; Inapplicable ; Pass      ; Inapplicable ; Inapplicable ; Pass      ; Pass      ; Inapplicable ; Inapplicable ; Inapplicable ; Inapplicable ; Pass         ; Inapplicable ; Inapplicable ; Pass         ; Inapplicable ; Inapplicable ; Inapplicable ; Inapplicable ; Inapplicable ; Inapplicable ; Inapplicable ; Inapplicable ; Inapplicable ; Pass      ; Inapplicable ; Inapplicable ;
; data_cam[3]        ; Inapplicable ; Inapplicable ; Inapplicable ; Inapplicable ; Inapplicable ; Pass      ; Inapplicable ; Inapplicable ; Pass      ; Pass      ; Inapplicable ; Inapplicable ; Inapplicable ; Inapplicable ; Pass         ; Inapplicable ; Inapplicable ; Pass         ; Inapplicable ; Inapplicable ; Inapplicable ; Inapplicable ; Inapplicable ; Inapplicable ; Inapplicable ; Inapplicable ; Inapplicable ; Pass      ; Inapplicable ; Inapplicable ;
; data_cam[4]        ; Inapplicable ; Inapplicable ; Inapplicable ; Inapplicable ; Inapplicable ; Pass      ; Inapplicable ; Inapplicable ; Pass      ; Pass      ; Inapplicable ; Inapplicable ; Inapplicable ; Inapplicable ; Pass         ; Inapplicable ; Inapplicable ; Pass         ; Inapplicable ; Inapplicable ; Inapplicable ; Inapplicable ; Inapplicable ; Inapplicable ; Inapplicable ; Inapplicable ; Inapplicable ; Pass      ; Inapplicable ; Inapplicable ;
; data_cam[5]        ; Inapplicable ; Inapplicable ; Inapplicable ; Inapplicable ; Inapplicable ; Pass      ; Inapplicable ; Inapplicable ; Pass      ; Pass      ; Inapplicable ; Inapplicable ; Inapplicable ; Inapplicable ; Pass         ; Inapplicable ; Inapplicable ; Pass         ; Inapplicable ; Inapplicable ; Inapplicable ; Inapplicable ; Inapplicable ; Inapplicable ; Inapplicable ; Inapplicable ; Inapplicable ; Pass      ; Inapplicable ; Inapplicable ;
; data_cam[6]        ; Inapplicable ; Inapplicable ; Inapplicable ; Inapplicable ; Inapplicable ; Pass      ; Inapplicable ; Inapplicable ; Pass      ; Pass      ; Inapplicable ; Inapplicable ; Inapplicable ; Inapplicable ; Pass         ; Inapplicable ; Inapplicable ; Pass         ; Inapplicable ; Inapplicable ; Inapplicable ; Inapplicable ; Inapplicable ; Inapplicable ; Inapplicable ; Inapplicable ; Inapplicable ; Pass      ; Inapplicable ; Inapplicable ;
; data_cam[7]        ; Inapplicable ; Inapplicable ; Inapplicable ; Inapplicable ; Inapplicable ; Pass      ; Inapplicable ; Inapplicable ; Pass      ; Pass      ; Inapplicable ; Inapplicable ; Inapplicable ; Inapplicable ; Pass         ; Inapplicable ; Inapplicable ; Pass         ; Inapplicable ; Inapplicable ; Inapplicable ; Inapplicable ; Inapplicable ; Inapplicable ; Inapplicable ; Inapplicable ; Inapplicable ; Pass      ; Inapplicable ; Inapplicable ;
+--------------------+--------------+--------------+--------------+--------------+--------------+-----------+--------------+--------------+-----------+-----------+--------------+--------------+--------------+--------------+--------------+--------------+--------------+--------------+--------------+--------------+--------------+--------------+--------------+--------------+--------------+--------------+--------------+-----------+--------------+--------------+


+---------------------------------------------------------------------------------------------+
; Fitter Device Options                                                                       ;
+------------------------------------------------------------------+--------------------------+
; Option                                                           ; Setting                  ;
+------------------------------------------------------------------+--------------------------+
; Enable user-supplied start-up clock (CLKUSR)                     ; Off                      ;
; Enable device-wide reset (DEV_CLRn)                              ; Off                      ;
; Enable device-wide output enable (DEV_OE)                        ; Off                      ;
; Enable INIT_DONE output                                          ; Off                      ;
; Configuration scheme                                             ; Active Serial            ;
; Error detection CRC                                              ; Off                      ;
; Enable open drain on CRC_ERROR pin                               ; Off                      ;
; Enable input tri-state on active configuration pins in user mode ; Off                      ;
; Configuration Voltage Level                                      ; Auto                     ;
; Force Configuration Voltage Level                                ; Off                      ;
; nCEO                                                             ; Unreserved               ;
; Data[0]                                                          ; As input tri-stated      ;
; Data[1]/ASDO                                                     ; As input tri-stated      ;
; Data[7..2]                                                       ; Unreserved               ;
; FLASH_nCE/nCSO                                                   ; As input tri-stated      ;
; Other Active Parallel pins                                       ; Unreserved               ;
; DCLK                                                             ; As output driving ground ;
; Base pin-out file on sameframe device                            ; Off                      ;
+------------------------------------------------------------------+--------------------------+


+------------------------------------+
; Operating Settings and Conditions  ;
+---------------------------+--------+
; Setting                   ; Value  ;
+---------------------------+--------+
; Nominal Core Voltage      ; 1.20 V ;
; Low Junction Temperature  ; 0 °C   ;
; High Junction Temperature ; 85 °C  ;
+---------------------------+--------+


+-----------------------------------------------------------------------------------------------------------------------------------------------------+
; Estimated Delay Added for Hold Timing Summary                                                                                                       ;
+-------------------------------------------------------------------+-------------------------------------------------------------+-------------------+
; Source Clock(s)                                                   ; Destination Clock(s)                                        ; Delay Added in ns ;
+-------------------------------------------------------------------+-------------------------------------------------------------+-------------------+
; clk50,TOP:neiroset|nextstep                                       ; TOP:neiroset|memorywork:block|step[0]                       ; 18.6              ;
; clk50                                                             ; clk50                                                       ; 11.7              ;
; pll2|altpll_component|auto_generated|pll1|clk[0]                  ; sdram_controller:SDRAM|rd_ready_r                           ; 6.7               ;
; pll_for_sdram_0|altpll_component|auto_generated|pll1|clk[0]       ; pll_for_sdram_0|altpll_component|auto_generated|pll1|clk[0] ; 2.7               ;
; sdram_controller:SDRAM|rd_ready_r,sdram_controller:SDRAM|busy     ; sdram_controller:SDRAM|rd_ready_r                           ; 1.6               ;
; PCLK_cam                                                          ; PCLK_cam                                                    ; 1.4               ;
; clk50,TOP:neiroset|nextstep,TOP:neiroset|memorywork:block|step[0] ; clk50                                                       ; 1.2               ;
; sdram_controller:SDRAM|busy                                       ; sdram_controller:SDRAM|rd_ready_r                           ; 1.2               ;
; clk50,TOP:neiroset|nextstep                                       ; clk50                                                       ; 1.0               ;
+-------------------------------------------------------------------+-------------------------------------------------------------+-------------------+
Note: For more information on problematic transfers, consider running the Fitter again with the Optimize hold timing option (Settings Menu) turned off.
This will disable optimization of problematic paths and expose them for further analysis using either the TimeQuest Timing Analyzer or the Classic Timing Analyzer.


+-----------------------------------------------------------------------------------------------------------------------------------------------------------------------------------------------------------------------------------------------------------------------------------------------------------+
; Estimated Delay Added for Hold Timing Details                                                                                                                                                                                                                                                             ;
+-------------------------------------------------------------------------------------------------------------------------------------+-------------------------------------------------------------------------------------------------------------------------------------------------+-------------------+
; Source Register                                                                                                                     ; Destination Register                                                                                                                            ; Delay Added in ns ;
+-------------------------------------------------------------------------------------------------------------------------------------+-------------------------------------------------------------------------------------------------------------------------------------------------+-------------------+
; TOP:neiroset|conv_TOP:conv|STOP                                                                                                     ; TOP:neiroset|conv_TOP:conv|STOP                                                                                                                 ; 2.695             ;
; TOP:neiroset|matrix[1]                                                                                                              ; TOP:neiroset|conv_TOP:conv|STOP                                                                                                                 ; 2.010             ;
; TOP:neiroset|matrix[4]                                                                                                              ; TOP:neiroset|conv_TOP:conv|STOP                                                                                                                 ; 2.010             ;
; TOP:neiroset|matrix[0]                                                                                                              ; TOP:neiroset|conv_TOP:conv|STOP                                                                                                                 ; 2.010             ;
; TOP:neiroset|conv_TOP:conv|i[8]                                                                                                     ; TOP:neiroset|conv_TOP:conv|STOP                                                                                                                 ; 2.010             ;
; TOP:neiroset|conv_TOP:conv|i[7]                                                                                                     ; TOP:neiroset|conv_TOP:conv|STOP                                                                                                                 ; 2.010             ;
; TOP:neiroset|conv_TOP:conv|i[6]                                                                                                     ; TOP:neiroset|conv_TOP:conv|STOP                                                                                                                 ; 2.010             ;
; TOP:neiroset|conv_TOP:conv|i[5]                                                                                                     ; TOP:neiroset|conv_TOP:conv|STOP                                                                                                                 ; 2.010             ;
; TOP:neiroset|conv_TOP:conv|i[4]                                                                                                     ; TOP:neiroset|conv_TOP:conv|STOP                                                                                                                 ; 2.010             ;
; TOP:neiroset|conv_TOP:conv|i[3]                                                                                                     ; TOP:neiroset|conv_TOP:conv|STOP                                                                                                                 ; 2.010             ;
; TOP:neiroset|conv_TOP:conv|i[2]                                                                                                     ; TOP:neiroset|conv_TOP:conv|STOP                                                                                                                 ; 2.010             ;
; TOP:neiroset|conv_TOP:conv|i[1]                                                                                                     ; TOP:neiroset|conv_TOP:conv|STOP                                                                                                                 ; 2.010             ;
; TOP:neiroset|conv_TOP:conv|i[0]                                                                                                     ; TOP:neiroset|conv_TOP:conv|STOP                                                                                                                 ; 2.010             ;
; TOP:neiroset|conv_TOP:conv|marker[2]                                                                                                ; TOP:neiroset|conv_TOP:conv|STOP                                                                                                                 ; 2.010             ;
; TOP:neiroset|conv_TOP:conv|marker[3]                                                                                                ; TOP:neiroset|conv_TOP:conv|STOP                                                                                                                 ; 2.010             ;
; TOP:neiroset|conv_TOP:conv|zagryzka_weight                                                                                          ; TOP:neiroset|conv_TOP:conv|STOP                                                                                                                 ; 2.010             ;
; TOP:neiroset|conv_TOP:conv|marker[1]                                                                                                ; TOP:neiroset|conv_TOP:conv|STOP                                                                                                                 ; 2.010             ;
; TOP:neiroset|conv_TOP:conv|marker[0]                                                                                                ; TOP:neiroset|conv_TOP:conv|STOP                                                                                                                 ; 2.010             ;
; TOP:neiroset|conv_TOP:conv|i[9]                                                                                                     ; TOP:neiroset|conv_TOP:conv|STOP                                                                                                                 ; 2.010             ;
; TOP:neiroset|matrix[3]                                                                                                              ; TOP:neiroset|conv_TOP:conv|STOP                                                                                                                 ; 2.010             ;
; TOP:neiroset|memorywork:block|step[0]                                                                                               ; TOP:neiroset|memorywork:block|step[4]                                                                                                           ; 1.749             ;
; TOP:neiroset|memorywork:block|step_n[0]                                                                                             ; TOP:neiroset|memorywork:block|addressRAM:inst_1|lastaddr[2]                                                                                     ; 1.564             ;
; TOP:neiroset|memorywork:block|step[1]                                                                                               ; TOP:neiroset|memorywork:block|addressRAM:inst_1|lastaddr[11]                                                                                    ; 0.944             ;
; TOP:neiroset|memorywork:block|step_n[1]                                                                                             ; TOP:neiroset|memorywork:block|addressRAM:inst_1|lastaddr[11]                                                                                    ; 0.944             ;
; TOP:neiroset|memorywork:block|step[3]                                                                                               ; TOP:neiroset|memorywork:block|addressRAM:inst_1|lastaddr[11]                                                                                    ; 0.797             ;
; TOP:neiroset|memorywork:block|step_n[3]                                                                                             ; TOP:neiroset|memorywork:block|addressRAM:inst_1|lastaddr[11]                                                                                    ; 0.797             ;
; TOP:neiroset|memorywork:block|step[2]                                                                                               ; TOP:neiroset|memorywork:block|addressRAM:inst_1|lastaddr[11]                                                                                    ; 0.797             ;
; TOP:neiroset|memorywork:block|step_n[2]                                                                                             ; TOP:neiroset|memorywork:block|addressRAM:inst_1|lastaddr[11]                                                                                    ; 0.797             ;
; GO_NEIROSET                                                                                                                         ; start_gray                                                                                                                                      ; 0.752             ;
; cam_wrp:cam_wrp_0|wr_enable                                                                                                         ; x_sdram[2]                                                                                                                                      ; 0.601             ;
; hellosoc_top:TFT|tft_ili9341:tft|frameBufferLowNibble                                                                               ; hellosoc_top:TFT|tft_ili9341:tft|frameBufferLowNibble                                                                                           ; 0.544             ;
; camera_configure:camera_configure_0|OV7670_config:config_1|rom_addr[0]                                                              ; camera_configure:camera_configure_0|OV7670_config:config_1|SCCB_interface_data[7]                                                               ; 0.345             ;
; TOP:neiroset|conv_TOP:conv|write_addresstp[0]                                                                                       ; TOP:neiroset|RAM:memory|altsyncram:mem_t_rtl_0|altsyncram_e2e1:auto_generated|ram_block1a10~porta_address_reg0                                  ; 0.340             ;
; TOP:neiroset|conv_TOP:conv|write_addresstp[1]                                                                                       ; TOP:neiroset|RAM:memory|altsyncram:mem_t_rtl_0|altsyncram_e2e1:auto_generated|ram_block1a10~porta_address_reg0                                  ; 0.340             ;
; TOP:neiroset|memorywork:block|addressRAM:inst_1|lastaddr[2]                                                                         ; TOP:neiroset|memorywork:block|step[4]                                                                                                           ; 0.304             ;
; TOP:neiroset|memorywork:block|step[4]                                                                                               ; TOP:neiroset|memorywork:block|step[4]                                                                                                           ; 0.304             ;
; TOP:neiroset|memorywork:block|step_n[4]                                                                                             ; TOP:neiroset|memorywork:block|step[4]                                                                                                           ; 0.304             ;
; TOP:neiroset|memorywork:block|i[12]                                                                                                 ; TOP:neiroset|memorywork:block|step[4]                                                                                                           ; 0.304             ;
; TOP:neiroset|memorywork:block|i[11]                                                                                                 ; TOP:neiroset|memorywork:block|step[4]                                                                                                           ; 0.304             ;
; TOP:neiroset|memorywork:block|i[10]                                                                                                 ; TOP:neiroset|memorywork:block|step[4]                                                                                                           ; 0.304             ;
; TOP:neiroset|memorywork:block|i[9]                                                                                                  ; TOP:neiroset|memorywork:block|step[4]                                                                                                           ; 0.304             ;
; TOP:neiroset|memorywork:block|i[8]                                                                                                  ; TOP:neiroset|memorywork:block|step[4]                                                                                                           ; 0.304             ;
; TOP:neiroset|memorywork:block|addressRAM:inst_1|firstaddr[12]                                                                       ; TOP:neiroset|memorywork:block|step[4]                                                                                                           ; 0.304             ;
; TOP:neiroset|memorywork:block|i[7]                                                                                                  ; TOP:neiroset|memorywork:block|step[4]                                                                                                           ; 0.304             ;
; TOP:neiroset|memorywork:block|addressRAM:inst_1|lastaddr[12]                                                                        ; TOP:neiroset|memorywork:block|step[4]                                                                                                           ; 0.304             ;
; TOP:neiroset|memorywork:block|addressRAM:inst_1|firstaddr[11]                                                                       ; TOP:neiroset|memorywork:block|step[4]                                                                                                           ; 0.304             ;
; TOP:neiroset|memorywork:block|addressRAM:inst_1|lastaddr[11]                                                                        ; TOP:neiroset|memorywork:block|step[4]                                                                                                           ; 0.304             ;
; TOP:neiroset|memorywork:block|addressRAM:inst_1|firstaddr[10]                                                                       ; TOP:neiroset|memorywork:block|step[4]                                                                                                           ; 0.304             ;
; TOP:neiroset|memorywork:block|i[6]                                                                                                  ; TOP:neiroset|memorywork:block|step[4]                                                                                                           ; 0.304             ;
; TOP:neiroset|memorywork:block|addressRAM:inst_1|lastaddr[9]                                                                         ; TOP:neiroset|memorywork:block|step[4]                                                                                                           ; 0.304             ;
; TOP:neiroset|memorywork:block|addressRAM:inst_1|firstaddr[9]                                                                        ; TOP:neiroset|memorywork:block|step[4]                                                                                                           ; 0.304             ;
; TOP:neiroset|memorywork:block|addressRAM:inst_1|lastaddr[8]                                                                         ; TOP:neiroset|memorywork:block|step[4]                                                                                                           ; 0.304             ;
; TOP:neiroset|memorywork:block|addressRAM:inst_1|lastaddr[10]                                                                        ; TOP:neiroset|memorywork:block|step[4]                                                                                                           ; 0.304             ;
; TOP:neiroset|memorywork:block|i[5]                                                                                                  ; TOP:neiroset|memorywork:block|step[4]                                                                                                           ; 0.304             ;
; TOP:neiroset|memorywork:block|addressRAM:inst_1|lastaddr[7]                                                                         ; TOP:neiroset|memorywork:block|step[4]                                                                                                           ; 0.304             ;
; TOP:neiroset|memorywork:block|addressRAM:inst_1|firstaddr[6]                                                                        ; TOP:neiroset|memorywork:block|step[4]                                                                                                           ; 0.304             ;
; TOP:neiroset|memorywork:block|addressRAM:inst_1|lastaddr[6]                                                                         ; TOP:neiroset|memorywork:block|step[4]                                                                                                           ; 0.304             ;
; TOP:neiroset|memorywork:block|addressRAM:inst_1|firstaddr[5]                                                                        ; TOP:neiroset|memorywork:block|step[4]                                                                                                           ; 0.304             ;
; TOP:neiroset|memorywork:block|i[4]                                                                                                  ; TOP:neiroset|memorywork:block|step[4]                                                                                                           ; 0.304             ;
; TOP:neiroset|memorywork:block|i[3]                                                                                                  ; TOP:neiroset|memorywork:block|step[4]                                                                                                           ; 0.304             ;
; TOP:neiroset|memorywork:block|addressRAM:inst_1|lastaddr[5]                                                                         ; TOP:neiroset|memorywork:block|step[4]                                                                                                           ; 0.304             ;
; TOP:neiroset|memorywork:block|addressRAM:inst_1|firstaddr[4]                                                                        ; TOP:neiroset|memorywork:block|step[4]                                                                                                           ; 0.304             ;
; TOP:neiroset|memorywork:block|addressRAM:inst_1|lastaddr[4]                                                                         ; TOP:neiroset|memorywork:block|step[4]                                                                                                           ; 0.304             ;
; TOP:neiroset|memorywork:block|addressRAM:inst_1|firstaddr[2]                                                                        ; TOP:neiroset|memorywork:block|step[4]                                                                                                           ; 0.304             ;
; TOP:neiroset|memorywork:block|i[2]                                                                                                  ; TOP:neiroset|memorywork:block|step[4]                                                                                                           ; 0.304             ;
; TOP:neiroset|memorywork:block|i[1]                                                                                                  ; TOP:neiroset|memorywork:block|step[4]                                                                                                           ; 0.304             ;
; TOP:neiroset|memorywork:block|sh                                                                                                    ; TOP:neiroset|memorywork:block|step[4]                                                                                                           ; 0.304             ;
; TOP:neiroset|memorywork:block|i[0]                                                                                                  ; TOP:neiroset|memorywork:block|step[4]                                                                                                           ; 0.304             ;
; hellosoc_top:TFT|tft_ili9341:tft|state.LOOP                                                                                         ; hellosoc_top:TFT|tft_ili9341:tft|frameBufferLowNibble                                                                                           ; 0.272             ;
; hellosoc_top:TFT|tft_ili9341:tft|state.SEND_INIT_SEQ                                                                                ; hellosoc_top:TFT|tft_ili9341:tft|frameBufferLowNibble                                                                                           ; 0.272             ;
; hellosoc_top:TFT|tft_ili9341:tft|state.START                                                                                        ; hellosoc_top:TFT|tft_ili9341:tft|frameBufferLowNibble                                                                                           ; 0.272             ;
; ready                                                                                                                               ; x_sdram[0]                                                                                                                                      ; 0.214             ;
; hellosoc_top:TFT|fifo_big:fifo_tft|dcfifo:dcfifo_component|dcfifo_4ul1:auto_generated|wrptr_g[0]                                    ; hellosoc_top:TFT|fifo_big:fifo_tft|dcfifo:dcfifo_component|dcfifo_4ul1:auto_generated|altsyncram_em31:fifo_ram|ram_block11a9~porta_address_reg0 ; 0.180             ;
; cam_wrp:cam_wrp_0|fifo_1024x16:input_fifo|dcfifo:dcfifo_component|dcfifo_90o1:auto_generated|rdptr_g[0]                             ; cam_wrp:cam_wrp_0|fifo_1024x16:input_fifo|dcfifo:dcfifo_component|dcfifo_90o1:auto_generated|wrfull_eq_comp_lsb_mux_reg                         ; 0.152             ;
; TOP:neiroset|memorywork:block|buff[36]                                                                                              ; TOP:neiroset|memorywork:block|dw[36]                                                                                                            ; 0.119             ;
; TOP:neiroset|memorywork:block|buff[37]                                                                                              ; TOP:neiroset|memorywork:block|dw[37]                                                                                                            ; 0.119             ;
; TOP:neiroset|memorywork:block|buff[80]                                                                                              ; TOP:neiroset|memorywork:block|dw[80]                                                                                                            ; 0.118             ;
; TOP:neiroset|memorywork:block|buff[82]                                                                                              ; TOP:neiroset|memorywork:block|dw[82]                                                                                                            ; 0.118             ;
; TOP:neiroset|memorywork:block|buff[83]                                                                                              ; TOP:neiroset|memorywork:block|dw[83]                                                                                                            ; 0.118             ;
; TOP:neiroset|memorywork:block|buff[84]                                                                                              ; TOP:neiroset|memorywork:block|dw[84]                                                                                                            ; 0.118             ;
; TOP:neiroset|memorywork:block|buff[87]                                                                                              ; TOP:neiroset|memorywork:block|dw[87]                                                                                                            ; 0.118             ;
; TOP:neiroset|memorywork:block|buff[68]                                                                                              ; TOP:neiroset|memorywork:block|dw[68]                                                                                                            ; 0.117             ;
; TOP:neiroset|memorywork:block|buff[26]                                                                                              ; TOP:neiroset|memorywork:block|dw[26]                                                                                                            ; 0.116             ;
; TOP:neiroset|memorywork:block|buff[29]                                                                                              ; TOP:neiroset|memorywork:block|dw[29]                                                                                                            ; 0.116             ;
; TOP:neiroset|memorywork:block|buff[31]                                                                                              ; TOP:neiroset|memorywork:block|dw[31]                                                                                                            ; 0.116             ;
; TOP:neiroset|memorywork:block|buff[11]                                                                                              ; TOP:neiroset|memorywork:block|dw[11]                                                                                                            ; 0.115             ;
; TOP:neiroset|memorywork:block|buff[14]                                                                                              ; TOP:neiroset|memorywork:block|dw[14]                                                                                                            ; 0.115             ;
; TOP:neiroset|memorywork:block|buff[23]                                                                                              ; TOP:neiroset|memorywork:block|dw[23]                                                                                                            ; 0.115             ;
; TOP:neiroset|memorywork:block|buff[30]                                                                                              ; TOP:neiroset|memorywork:block|dw[30]                                                                                                            ; 0.115             ;
; TOP:neiroset|memorywork:block|buff[52]                                                                                              ; TOP:neiroset|memorywork:block|dw[52]                                                                                                            ; 0.115             ;
; TOP:neiroset|memorywork:block|buff[54]                                                                                              ; TOP:neiroset|memorywork:block|dw[54]                                                                                                            ; 0.115             ;
; TOP:neiroset|memorywork:block|buff[60]                                                                                              ; TOP:neiroset|memorywork:block|dw[60]                                                                                                            ; 0.115             ;
; TOP:neiroset|memorywork:block|buff[61]                                                                                              ; TOP:neiroset|memorywork:block|dw[61]                                                                                                            ; 0.115             ;
; cam_wrp:cam_wrp_0|fifo_1024x16:input_fifo|dcfifo:dcfifo_component|dcfifo_90o1:auto_generated|a_graycounter_2lc:wrptr_g1p|counter8a0 ; cam_wrp:cam_wrp_0|fifo_1024x16:input_fifo|dcfifo:dcfifo_component|dcfifo_90o1:auto_generated|a_graycounter_2lc:wrptr_g1p|counter8a1             ; 0.101             ;
; cam_wrp:cam_wrp_0|fifo_1024x16:input_fifo|dcfifo:dcfifo_component|dcfifo_90o1:auto_generated|rdptr_g[7]                             ; cam_wrp:cam_wrp_0|fifo_1024x16:input_fifo|dcfifo:dcfifo_component|dcfifo_90o1:auto_generated|wrfull_eq_comp_msb_mux_reg                         ; 0.088             ;
; TOP:neiroset|result:result|RESULT[2]                                                                                                ; hellosoc_top:TFT|tft_ili9341:tft|spiData[3]                                                                                                     ; 0.087             ;
; TOP:neiroset|result:result|RESULT[3]                                                                                                ; hellosoc_top:TFT|tft_ili9341:tft|spiData[3]                                                                                                     ; 0.087             ;
; RESULT_2[0]                                                                                                                         ; hellosoc_top:TFT|tft_ili9341:tft|spiData[3]                                                                                                     ; 0.086             ;
; RESULT_2[1]                                                                                                                         ; hellosoc_top:TFT|tft_ili9341:tft|spiData[3]                                                                                                     ; 0.086             ;
; RESULT_2[2]                                                                                                                         ; hellosoc_top:TFT|tft_ili9341:tft|spiData[3]                                                                                                     ; 0.086             ;
+-------------------------------------------------------------------------------------------------------------------------------------+-------------------------------------------------------------------------------------------------------------------------------------------------+-------------------+
Note: This table only shows the top 100 path(s) that have the largest delay added for hold.


+-----------------+
; Fitter Messages ;
+-----------------+
Info (20030): Parallel compilation is enabled and will use 16 of the 32 processors detected
Info (119006): Selected device EP4CE10F17C8 for design "cam_proj"
Info (21077): Low junction temperature is 0 degrees C
Info (21077): High junction temperature is 85 degrees C
Info (15535): Implemented PLL "pll:pll_for_sdram_0|altpll:altpll_component|pll_altpll:auto_generated|pll1" as Cyclone IV E PLL type
    Info (15099): Implementing clock multiplication of 2, clock division of 1, and phase shift of 0 degrees (0 ps) for pll:pll_for_sdram_0|altpll:altpll_component|pll_altpll:auto_generated|wire_pll1_clk[0] port
    Info (15099): Implementing clock multiplication of 1, clock division of 2, and phase shift of 0 degrees (0 ps) for pll:pll_for_sdram_0|altpll:altpll_component|pll_altpll:auto_generated|wire_pll1_clk[2] port
    Info (15099): Implementing clock multiplication of 12, clock division of 25, and phase shift of 0 degrees (0 ps) for pll:pll_for_sdram_0|altpll:altpll_component|pll_altpll:auto_generated|wire_pll1_clk[3] port
Warning (15536): Implemented PLL "pll_for_disp:pll2|altpll:altpll_component|pll_for_disp_altpll:auto_generated|pll1" as Cyclone IV E PLL type, but with warnings
    Warning (15559): Can't achieve requested value multiplication of 143 for clock output pll_for_disp:pll2|altpll:altpll_component|pll_for_disp_altpll:auto_generated|wire_pll1_clk[0] of parameter multiplication factor -- achieved value of multiplication of 103
    Warning (15559): Can't achieve requested value division of 50 for clock output pll_for_disp:pll2|altpll:altpll_component|pll_for_disp_altpll:auto_generated|wire_pll1_clk[0] of parameter division factor -- achieved value of division of 36
    Info (15099): Implementing clock multiplication of 103, clock division of 36, and phase shift of 0 degrees (0 ps) for pll_for_disp:pll2|altpll:altpll_component|pll_for_disp_altpll:auto_generated|wire_pll1_clk[0] port
Info (171003): Fitter is performing an Auto Fit compilation, which may decrease Fitter effort to reduce compilation time
Info (176444): Device migration not selected. If you intend to use device migration later, you may need to change the pin assignments as they may be incompatible with other devices
    Info (176445): Device EP4CE6F17C8 is compatible
    Info (176445): Device EP4CE15F17C8 is compatible
    Info (176445): Device EP4CE22F17C8 is compatible
Info (169124): Fitter converted 4 user pins into dedicated programming pins
    Info (169125): Pin ~ALTERA_ASDO_DATA1~ is reserved at location C1
    Info (169125): Pin ~ALTERA_FLASH_nCE_nCSO~ is reserved at location D2
    Info (169125): Pin ~ALTERA_DCLK~ is reserved at location H1
    Info (169125): Pin ~ALTERA_DATA0~ is reserved at location H2
Warning (15714): Some pins have incomplete I/O assignments. Refer to the I/O Assignment Warnings report for details
Info (176045): Design uses memory blocks. Violating setup or hold times of memory block address registers for either read or write operations could cause memory contents to be corrupted. Make sure that all memory block address registers meet the setup and hold time requirements.
Critical Warning (169085): No exact pin location assignment(s) for 87 pins of 87 total pins
    Info (169086): Pin start_gray_kn not assigned to an exact location on the device
    Info (169086): Pin VSYNC_cam not assigned to an exact location on the device
    Info (169086): Pin XCLK_cam not assigned to an exact location on the device
    Info (169086): Pin res_cam not assigned to an exact location on the device
    Info (169086): Pin on_off_cam not assigned to an exact location on the device
    Info (169086): Pin sioc not assigned to an exact location on the device
    Info (169086): Pin siod not assigned to an exact location on the device
    Info (169086): Pin r[0] not assigned to an exact location on the device
    Info (169086): Pin r[1] not assigned to an exact location on the device
    Info (169086): Pin r[2] not assigned to an exact location on the device
    Info (169086): Pin r[3] not assigned to an exact location on the device
    Info (169086): Pin r[4] not assigned to an exact location on the device
    Info (169086): Pin g[0] not assigned to an exact location on the device
    Info (169086): Pin g[1] not assigned to an exact location on the device
    Info (169086): Pin g[2] not assigned to an exact location on the device
    Info (169086): Pin g[3] not assigned to an exact location on the device
    Info (169086): Pin g[4] not assigned to an exact location on the device
    Info (169086): Pin g[5] not assigned to an exact location on the device
    Info (169086): Pin b[0] not assigned to an exact location on the device
    Info (169086): Pin b[1] not assigned to an exact location on the device
    Info (169086): Pin b[2] not assigned to an exact location on the device
    Info (169086): Pin b[3] not assigned to an exact location on the device
    Info (169086): Pin b[4] not assigned to an exact location on the device
    Info (169086): Pin cs_n not assigned to an exact location on the device
    Info (169086): Pin ras_n not assigned to an exact location on the device
    Info (169086): Pin cas_n not assigned to an exact location on the device
    Info (169086): Pin we_n not assigned to an exact location on the device
    Info (169086): Pin dqm[0] not assigned to an exact location on the device
    Info (169086): Pin dqm[1] not assigned to an exact location on the device
    Info (169086): Pin sd_addr[0] not assigned to an exact location on the device
    Info (169086): Pin sd_addr[1] not assigned to an exact location on the device
    Info (169086): Pin sd_addr[2] not assigned to an exact location on the device
    Info (169086): Pin sd_addr[3] not assigned to an exact location on the device
    Info (169086): Pin sd_addr[4] not assigned to an exact location on the device
    Info (169086): Pin sd_addr[5] not assigned to an exact location on the device
    Info (169086): Pin sd_addr[6] not assigned to an exact location on the device
    Info (169086): Pin sd_addr[7] not assigned to an exact location on the device
    Info (169086): Pin sd_addr[8] not assigned to an exact location on the device
    Info (169086): Pin sd_addr[9] not assigned to an exact location on the device
    Info (169086): Pin sd_addr[10] not assigned to an exact location on the device
    Info (169086): Pin sd_addr[11] not assigned to an exact location on the device
    Info (169086): Pin ba[0] not assigned to an exact location on the device
    Info (169086): Pin ba[1] not assigned to an exact location on the device
    Info (169086): Pin Cke not assigned to an exact location on the device
    Info (169086): Pin sdram_clk not assigned to an exact location on the device
    Info (169086): Pin tft_sdo not assigned to an exact location on the device
    Info (169086): Pin tft_sck not assigned to an exact location on the device
    Info (169086): Pin tft_sdi not assigned to an exact location on the device
    Info (169086): Pin tft_dc not assigned to an exact location on the device
    Info (169086): Pin tft_reset not assigned to an exact location on the device
    Info (169086): Pin tft_cs not assigned to an exact location on the device
    Info (169086): Pin LED[0] not assigned to an exact location on the device
    Info (169086): Pin LED[1] not assigned to an exact location on the device
    Info (169086): Pin LED[2] not assigned to an exact location on the device
    Info (169086): Pin LED[3] not assigned to an exact location on the device
    Info (169086): Pin LED[4] not assigned to an exact location on the device
    Info (169086): Pin LED[5] not assigned to an exact location on the device
    Info (169086): Pin LED[6] not assigned to an exact location on the device
    Info (169086): Pin LED[7] not assigned to an exact location on the device
    Info (169086): Pin sd_data[0] not assigned to an exact location on the device
    Info (169086): Pin sd_data[1] not assigned to an exact location on the device
    Info (169086): Pin sd_data[2] not assigned to an exact location on the device
    Info (169086): Pin sd_data[3] not assigned to an exact location on the device
    Info (169086): Pin sd_data[4] not assigned to an exact location on the device
    Info (169086): Pin sd_data[5] not assigned to an exact location on the device
    Info (169086): Pin sd_data[6] not assigned to an exact location on the device
    Info (169086): Pin sd_data[7] not assigned to an exact location on the device
    Info (169086): Pin sd_data[8] not assigned to an exact location on the device
    Info (169086): Pin sd_data[9] not assigned to an exact location on the device
    Info (169086): Pin sd_data[10] not assigned to an exact location on the device
    Info (169086): Pin sd_data[11] not assigned to an exact location on the device
    Info (169086): Pin sd_data[12] not assigned to an exact location on the device
    Info (169086): Pin sd_data[13] not assigned to an exact location on the device
    Info (169086): Pin sd_data[14] not assigned to an exact location on the device
    Info (169086): Pin sd_data[15] not assigned to an exact location on the device
    Info (169086): Pin rst not assigned to an exact location on the device
    Info (169086): Pin clk50 not assigned to an exact location on the device
    Info (169086): Pin PCLK_cam not assigned to an exact location on the device
    Info (169086): Pin HREF_cam not assigned to an exact location on the device
    Info (169086): Pin data_cam[0] not assigned to an exact location on the device
    Info (169086): Pin data_cam[1] not assigned to an exact location on the device
    Info (169086): Pin data_cam[2] not assigned to an exact location on the device
    Info (169086): Pin data_cam[3] not assigned to an exact location on the device
    Info (169086): Pin data_cam[4] not assigned to an exact location on the device
    Info (169086): Pin data_cam[5] not assigned to an exact location on the device
    Info (169086): Pin data_cam[6] not assigned to an exact location on the device
    Info (169086): Pin data_cam[7] not assigned to an exact location on the device
Warning (176127): The parameters of the PLL pll_for_disp:pll2|altpll:altpll_component|pll_for_disp_altpll:auto_generated|pll1 and the PLL pll:pll_for_sdram_0|altpll:altpll_component|pll_altpll:auto_generated|pll1 do not have the same values - hence these PLLs cannot be merged
    Info (176120): The values of the parameter "M" do not match for the PLL atoms pll:pll_for_sdram_0|altpll:altpll_component|pll_altpll:auto_generated|pll1 and PLL pll_for_disp:pll2|altpll:altpll_component|pll_for_disp_altpll:auto_generated|pll1
        Info (176121): The value of the parameter "M" for the PLL atom pll:pll_for_sdram_0|altpll:altpll_component|pll_altpll:auto_generated|pll1 is 12
        Info (176121): The value of the parameter "M" for the PLL atom pll_for_disp:pll2|altpll:altpll_component|pll_for_disp_altpll:auto_generated|pll1 is 103
    Info (176120): The values of the parameter "N" do not match for the PLL atoms pll:pll_for_sdram_0|altpll:altpll_component|pll_altpll:auto_generated|pll1 and PLL pll_for_disp:pll2|altpll:altpll_component|pll_for_disp_altpll:auto_generated|pll1
        Info (176121): The value of the parameter "N" for the PLL atom pll:pll_for_sdram_0|altpll:altpll_component|pll_altpll:auto_generated|pll1 is 1
        Info (176121): The value of the parameter "N" for the PLL atom pll_for_disp:pll2|altpll:altpll_component|pll_for_disp_altpll:auto_generated|pll1 is 9
    Info (176120): The values of the parameter "LOOP FILTER R" do not match for the PLL atoms pll:pll_for_sdram_0|altpll:altpll_component|pll_altpll:auto_generated|pll1 and PLL pll_for_disp:pll2|altpll:altpll_component|pll_for_disp_altpll:auto_generated|pll1
        Info (176121): The value of the parameter "LOOP FILTER R" for the PLL atom pll:pll_for_sdram_0|altpll:altpll_component|pll_altpll:auto_generated|pll1 is 4000
        Info (176121): The value of the parameter "LOOP FILTER R" for the PLL atom pll_for_disp:pll2|altpll:altpll_component|pll_for_disp_altpll:auto_generated|pll1 is 14000
    Info (176120): The values of the parameter "Min Lock Period" do not match for the PLL atoms pll:pll_for_sdram_0|altpll:altpll_component|pll_altpll:auto_generated|pll1 and PLL pll_for_disp:pll2|altpll:altpll_component|pll_for_disp_altpll:auto_generated|pll1
        Info (176121): The value of the parameter "Min Lock Period" for the PLL atom pll:pll_for_sdram_0|altpll:altpll_component|pll_altpll:auto_generated|pll1 is 18456
        Info (176121): The value of the parameter "Min Lock Period" for the PLL atom pll_for_disp:pll2|altpll:altpll_component|pll_for_disp_altpll:auto_generated|pll1 is 17601
    Info (176120): The values of the parameter "Max Lock Period" do not match for the PLL atoms pll:pll_for_sdram_0|altpll:altpll_component|pll_altpll:auto_generated|pll1 and PLL pll_for_disp:pll2|altpll:altpll_component|pll_for_disp_altpll:auto_generated|pll1
        Info (176121): The value of the parameter "Max Lock Period" for the PLL atom pll:pll_for_sdram_0|altpll:altpll_component|pll_altpll:auto_generated|pll1 is 39996
        Info (176121): The value of the parameter "Max Lock Period" for the PLL atom pll_for_disp:pll2|altpll:altpll_component|pll_for_disp_altpll:auto_generated|pll1 is 22222
Warning (335093): TimeQuest Timing Analyzer is analyzing 18 combinational loops as latches.
Info (332164): Evaluating HDL-embedded SDC commands
    Info (332165): Entity dcfifo_4ul1
        Info (332166): set_false_path -from *rdptr_g* -to *ws_dgrp|dffpipe_2f9:dffpipe7|dffe8a* 
        Info (332166): set_false_path -from *delayed_wrptr_g* -to *rs_dgwp|dffpipe_1f9:dffpipe5|dffe6a* 
    Info (332165): Entity dcfifo_90o1
        Info (332166): set_false_path -from *rdptr_g* -to *ws_dgrp|dffpipe_0f9:dffpipe15|dffe16a* 
        Info (332166): set_false_path -from *delayed_wrptr_g* -to *rs_dgwp|dffpipe_qe9:dffpipe13|dffe14a* 
Warning (332174): Ignored filter at qfit2_legacy_fmain_fitter_flow.tcl(116): *ws_dgrp|dffpipe_2f9:dffpipe7|dffe8a* could not be matched with a clock or keeper or register or port or pin or cell or partition
Warning (332049): Ignored set_false_path at qfit2_legacy_fmain_fitter_flow.tcl(116): Argument <to> is not an object ID
    Info (332050): run_legacy_fitter_flow
Warning (332174): Ignored filter at qfit2_legacy_fmain_fitter_flow.tcl(116): *rs_dgwp|dffpipe_1f9:dffpipe5|dffe6a* could not be matched with a clock or keeper or register or port or pin or cell or partition
Warning (332049): Ignored set_false_path at qfit2_legacy_fmain_fitter_flow.tcl(116): Argument <to> is not an object ID
    Info (332050): run_legacy_fitter_flow
Warning (332174): Ignored filter at qfit2_legacy_fmain_fitter_flow.tcl(116): *ws_dgrp|dffpipe_0f9:dffpipe15|dffe16a* could not be matched with a clock or keeper or register or port or pin or cell or partition
Warning (332049): Ignored set_false_path at qfit2_legacy_fmain_fitter_flow.tcl(116): Argument <to> is not an object ID
    Info (332050): run_legacy_fitter_flow
Critical Warning (332012): Synopsys Design Constraints File file not found: 'cam_proj.out.sdc'. A Synopsys Design Constraints File is required by the TimeQuest Timing Analyzer to get proper timing constraints. Without it, the Compiler will not properly optimize the design.
Info (332144): No user constrained generated clocks found in the design
Info (332144): No user constrained base clocks found in the design
Info (332097): The following timing edges are non-unate.  TimeQuest will assume pos-unate behavior for these edges in the clock network.
    Info (332098): Cell: neiroset|block|inst_1|WideOr0~0  from: dataa  to: combout
    Info (332098): Cell: neiroset|block|inst_1|WideOr0~0  from: datab  to: combout
    Info (332098): Cell: neiroset|block|inst_1|WideOr0~0  from: datac  to: combout
    Info (332098): Cell: neiroset|block|inst_1|WideOr0~0  from: datad  to: combout
    Info (332098): Cell: neiroset|block|step_out[0]~0  from: dataa  to: combout
    Info (332098): Cell: neiroset|block|step_out[1]~2  from: cin  to: combout
    Info (332098): Cell: neiroset|block|step_out[2]~4  from: cin  to: combout
    Info (332098): Cell: neiroset|block|step_out[3]~6  from: cin  to: combout
    Info (332098): Cell: neiroset|block|step_out[4]~8  from: cin  to: combout
Info (332143): No user constrained clock uncertainty found in the design. Calling "derive_clock_uncertainty"
Info (332123): Deriving Clock Uncertainty. Please refer to report_sdc in TimeQuest to see clock uncertainties.
Info (332130): Timing requirements not specified -- quality metrics such as performance may be sacrificed to reduce compilation time.
Info (176353): Automatically promoted node clk50~input (placed in PIN E1 (CLK1, DIFFCLK_0n))
    Info (176355): Automatically promoted destinations to use location or clock signal Global Clock CLKCTRL_G2
    Info (176356): Following destination nodes may be non-global or may not use global or regional clocks
        Info (176357): Destination node TOP:neiroset|memorywork:block|step[1]
        Info (176357): Destination node TOP:neiroset|memorywork:block|step[2]
        Info (176357): Destination node TOP:neiroset|memorywork:block|step[3]
        Info (176357): Destination node TOP:neiroset|memorywork:block|step[4]
Info (176353): Automatically promoted node pll:pll_for_sdram_0|altpll:altpll_component|pll_altpll:auto_generated|wire_pll1_clk[0] (placed in counter C2 of PLL_1)
    Info (176355): Automatically promoted destinations to use location or clock signal Global Clock CLKCTRL_G0
Info (176353): Automatically promoted node pll:pll_for_sdram_0|altpll:altpll_component|pll_altpll:auto_generated|wire_pll1_clk[2] (placed in counter C1 of PLL_1)
    Info (176355): Automatically promoted destinations to use location or clock signal Global Clock CLKCTRL_G4
Info (176353): Automatically promoted node pll:pll_for_sdram_0|altpll:altpll_component|pll_altpll:auto_generated|wire_pll1_clk[3] (placed in counter C0 of PLL_1)
    Info (176355): Automatically promoted destinations to use location or clock signal External Clock Output CLKCTRL_PLL1E0
Info (176353): Automatically promoted node pll_for_disp:pll2|altpll:altpll_component|pll_for_disp_altpll:auto_generated|wire_pll1_clk[0] (placed in counter C0 of PLL_2)
    Info (176355): Automatically promoted destinations to use location or clock signal Global Clock CLKCTRL_G8
    Info (176355): Automatically promoted destinations to use location or clock signal External Clock Output CLKCTRL_PLL2E0
Info (176353): Automatically promoted node PCLK_cam~input (placed in PIN M2 (CLK2, DIFFCLK_1p))
    Info (176355): Automatically promoted destinations to use location or clock signal Global Clock CLKCTRL_G3
Info (176353): Automatically promoted node hellosoc_top:TFT|tft_ili9341:tft|frameBufferLowNibble 
    Info (176355): Automatically promoted destinations to use location or clock signal Global Clock
    Info (176356): Following destination nodes may be non-global or may not use global or regional clocks
        Info (176357): Destination node hellosoc_top:TFT|tft_ili9341:tft|Selector30~0
        Info (176357): Destination node hellosoc_top:TFT|tft_ili9341:tft|spiData[1]~4
        Info (176357): Destination node hellosoc_top:TFT|tft_ili9341:tft|Selector35~3
        Info (176357): Destination node hellosoc_top:TFT|tft_ili9341:tft|Selector32~3
        Info (176357): Destination node hellosoc_top:TFT|tft_ili9341:tft|Selector33~3
        Info (176357): Destination node hellosoc_top:TFT|tft_ili9341:tft|Selector34~3
        Info (176357): Destination node hellosoc_top:TFT|tft_ili9341:tft|Selector39~3
        Info (176357): Destination node hellosoc_top:TFT|tft_ili9341:tft|Selector36~1
        Info (176357): Destination node hellosoc_top:TFT|tft_ili9341:tft|Selector37~3
        Info (176357): Destination node hellosoc_top:TFT|tft_ili9341:tft|Selector38~3
Info (176353): Automatically promoted node sdram_controller:SDRAM|busy 
    Info (176355): Automatically promoted destinations to use location or clock signal Global Clock
Info (176353): Automatically promoted node sdram_controller:SDRAM|rd_ready_r 
    Info (176355): Automatically promoted destinations to use location or clock signal Global Clock
Info (176353): Automatically promoted node TOP:neiroset|memorywork:block|addressRAM:inst_1|WideOr0~1 
    Info (176355): Automatically promoted destinations to use location or clock signal Global Clock
    Info (176356): Following destination nodes may be non-global or may not use global or regional clocks
        Info (176357): Destination node TOP:neiroset|database:database|altsyncram:storage_rtl_0|altsyncram_70j1:auto_generated|ram_block1a10
        Info (176357): Destination node TOP:neiroset|database:database|altsyncram:storage_rtl_0|altsyncram_70j1:auto_generated|ram_block1a9
        Info (176357): Destination node TOP:neiroset|database:database|altsyncram:storage_rtl_0|altsyncram_70j1:auto_generated|ram_block1a8
        Info (176357): Destination node TOP:neiroset|database:database|altsyncram:storage_rtl_0|altsyncram_70j1:auto_generated|ram_block1a7
        Info (176357): Destination node TOP:neiroset|database:database|altsyncram:storage_rtl_0|altsyncram_70j1:auto_generated|ram_block1a6
        Info (176357): Destination node TOP:neiroset|database:database|altsyncram:storage_rtl_0|altsyncram_70j1:auto_generated|ram_block1a5
        Info (176357): Destination node TOP:neiroset|database:database|altsyncram:storage_rtl_0|altsyncram_70j1:auto_generated|ram_block1a4
        Info (176357): Destination node TOP:neiroset|database:database|altsyncram:storage_rtl_0|altsyncram_70j1:auto_generated|ram_block1a3
        Info (176357): Destination node TOP:neiroset|database:database|altsyncram:storage_rtl_0|altsyncram_70j1:auto_generated|ram_block1a2
        Info (176357): Destination node TOP:neiroset|database:database|altsyncram:storage_rtl_0|altsyncram_70j1:auto_generated|ram_block1a1
        Info (176358): Non-global destination nodes limited to 10 nodes
Info (176353): Automatically promoted node TOP:neiroset|conv_TOP:conv|STOP 
    Info (176355): Automatically promoted destinations to use location or clock signal Global Clock
    Info (176356): Following destination nodes may be non-global or may not use global or regional clocks
        Info (176357): Destination node TOP:neiroset|conv_en~0
        Info (176357): Destination node TOP:neiroset|conv_TOP:conv|STOP~0
Info (176233): Starting register packing
Info (176235): Finished register packing
    Extra Info (176218): Packed 22 registers into blocks of type EC
    Extra Info (176218): Packed 15 registers into blocks of type Embedded multiplier block
    Extra Info (176220): Created 15 register duplicates
Info (176214): Statistics of I/O pins that need to be placed that use the same VCCIO and VREF, before I/O pin placement
    Info (176211): Number of I/O pins in group: 83 (unused VREF, 3.3V VCCIO, 13 input, 54 output, 16 bidirectional)
        Info (176212): I/O standards used: 3.3-V LVTTL.
Info (176215): I/O bank details before I/O pin placement
    Info (176214): Statistics of I/O banks
        Info (176213): I/O bank number 1 does not use VREF pins and has undetermined VCCIO pins. 5 total pin(s) used --  12 pins available
        Info (176213): I/O bank number 2 does not use VREF pins and has undetermined VCCIO pins. 1 total pin(s) used --  18 pins available
        Info (176213): I/O bank number 3 does not use VREF pins and has 3.3V VCCIO pins. 1 total pin(s) used --  25 pins available
        Info (176213): I/O bank number 4 does not use VREF pins and has undetermined VCCIO pins. 0 total pin(s) used --  27 pins available
        Info (176213): I/O bank number 5 does not use VREF pins and has undetermined VCCIO pins. 0 total pin(s) used --  25 pins available
        Info (176213): I/O bank number 6 does not use VREF pins and has undetermined VCCIO pins. 0 total pin(s) used --  14 pins available
        Info (176213): I/O bank number 7 does not use VREF pins and has 3.3V VCCIO pins. 1 total pin(s) used --  25 pins available
        Info (176213): I/O bank number 8 does not use VREF pins and has undetermined VCCIO pins. 0 total pin(s) used --  26 pins available
Warning (15055): PLL "pll_for_disp:pll2|altpll:altpll_component|pll_for_disp_altpll:auto_generated|pll1" input clock inclk[0] is not fully compensated and may have reduced jitter performance because it is fed by a non-dedicated input
    Info (15024): Input port INCLK[0] of node "pll_for_disp:pll2|altpll:altpll_component|pll_for_disp_altpll:auto_generated|pll1" is driven by clk50~inputclkctrl which is OUTCLK output port of Clock control block type node clk50~inputclkctrl
Warning (15709): Ignored I/O standard assignments to the following nodes
    Warning (15710): Ignored I/O standard assignment to node "data_cam"
Info (171121): Fitter preparation operations ending: elapsed time is 00:00:03
Info (170189): Fitter placement preparation operations beginning
Info (170190): Fitter placement preparation operations ending: elapsed time is 00:00:01
Info (170191): Fitter placement operations beginning
Info (170137): Fitter placement was successful
Info (170192): Fitter placement operations ending: elapsed time is 00:00:07
Info (170193): Fitter routing operations beginning
Info (170195): Router estimated average interconnect usage is 18% of the available device resources
    Info (170196): Router estimated peak interconnect usage is 27% of the available device resources in the region that extends from location X11_Y0 to location X22_Y11
Info (170194): Fitter routing operations ending: elapsed time is 00:00:07
Info (170199): The Fitter performed an Auto Fit compilation.  Optimizations were skipped to reduce compilation time.
    Info (170201): Optimizations that may affect the design's routability were skipped
Info (11888): Total time spent on timing analysis during the Fitter is 1.91 seconds.
Info (334003): Started post-fitting delay annotation
Info (334004): Delay annotation completed successfully
Info (334003): Started post-fitting delay annotation
Info (334004): Delay annotation completed successfully
Info (11218): Fitter post-fit operations ending: elapsed time is 00:00:02
Warning (171167): Found invalid Fitter assignments. See the Ignored Assignments panel in the Fitter Compilation Report for more information.
Warning (169177): 31 pins must meet Altera requirements for 3.3-, 3.0-, and 2.5-V interfaces. For more information, refer to AN 447: Interfacing Cyclone IV E Devices with 3.3/3.0/2.5-V LVTTL/LVCMOS I/O Systems.
    Info (169178): Pin start_gray_kn uses I/O standard 3.3-V LVTTL at A8
    Info (169178): Pin VSYNC_cam uses I/O standard 3.3-V LVTTL at E6
    Info (169178): Pin tft_sdo uses I/O standard 3.3-V LVTTL at D6
    Info (169178): Pin sd_data[0] uses I/O standard 3.3-V LVTTL at K9
    Info (169178): Pin sd_data[1] uses I/O standard 3.3-V LVTTL at L10
    Info (169178): Pin sd_data[2] uses I/O standard 3.3-V LVTTL at R13
    Info (169178): Pin sd_data[3] uses I/O standard 3.3-V LVTTL at R11
    Info (169178): Pin sd_data[4] uses I/O standard 3.3-V LVTTL at K10
    Info (169178): Pin sd_data[5] uses I/O standard 3.3-V LVTTL at L7
    Info (169178): Pin sd_data[6] uses I/O standard 3.3-V LVTTL at R9
    Info (169178): Pin sd_data[7] uses I/O standard 3.3-V LVTTL at R6
    Info (169178): Pin sd_data[8] uses I/O standard 3.3-V LVTTL at P8
    Info (169178): Pin sd_data[9] uses I/O standard 3.3-V LVTTL at R12
    Info (169178): Pin sd_data[10] uses I/O standard 3.3-V LVTTL at T11
    Info (169178): Pin sd_data[11] uses I/O standard 3.3-V LVTTL at L9
    Info (169178): Pin sd_data[12] uses I/O standard 3.3-V LVTTL at T9
    Info (169178): Pin sd_data[13] uses I/O standard 3.3-V LVTTL at T6
    Info (169178): Pin sd_data[14] uses I/O standard 3.3-V LVTTL at T8
    Info (169178): Pin sd_data[15] uses I/O standard 3.3-V LVTTL at N8
    Info (169178): Pin rst uses I/O standard 3.3-V LVTTL at F14
    Info (169178): Pin clk50 uses I/O standard 3.3-V LVTTL at E1
    Info (169178): Pin PCLK_cam uses I/O standard 3.3-V LVTTL at M2
    Info (169178): Pin HREF_cam uses I/O standard 3.3-V LVTTL at M11
    Info (169178): Pin data_cam[0] uses I/O standard 3.3-V LVTTL at L3
    Info (169178): Pin data_cam[1] uses I/O standard 3.3-V LVTTL at D8
    Info (169178): Pin data_cam[2] uses I/O standard 3.3-V LVTTL at F8
    Info (169178): Pin data_cam[3] uses I/O standard 3.3-V LVTTL at C8
    Info (169178): Pin data_cam[4] uses I/O standard 3.3-V LVTTL at E8
    Info (169178): Pin data_cam[5] uses I/O standard 3.3-V LVTTL at T7
    Info (169178): Pin data_cam[6] uses I/O standard 3.3-V LVTTL at L8
    Info (169178): Pin data_cam[7] uses I/O standard 3.3-V LVTTL at R5
Info (144001): Generated suppressed messages file D:/study/electric/eda/1111/FPGAandCNN-main/DigitalRecognition/verilog/imp/output_files/cam_proj.fit.smsg
Info: Quartus II 64-Bit Fitter was successful. 0 errors, 19 warnings
    Info: Peak virtual memory: 6134 megabytes
    Info: Processing ended: Fri Dec 12 17:54:00 2025
    Info: Elapsed time: 00:00:25
    Info: Total CPU time (on all processors): 00:00:16


+----------------------------+
; Fitter Suppressed Messages ;
+----------------------------+
The suppressed messages can be found in D:/study/electric/eda/1111/FPGAandCNN-main/DigitalRecognition/verilog/imp/output_files/cam_proj.fit.smsg.


